{"type":"FeatureCollection","features":[{"type":"Feature","properties":{"_id":"n62673820","ad":"Başkent Üniversitesi Hastanesi","il":"Ankara","ilce":"","tur":"Üniversite","brans":"Genel","acil":null,"yatak":null,"isletmeci":"","telefon":"","web":"","adres":"","osm":"https://www.openstreetmap.org/node/62673820"},"geometry":{"type":"Point","coordinates":[32.83195,39.92541]}},{"type":"Feature","properties":{"_id":"n75319365","ad":"Özel Çankaya Hastanesi","il":"Ankara","ilce":"","tur":"Özel","brans":"Genel","acil":null,"yatak":null,"isletmeci":"","telefon":"","web":"","adres":"","osm":"https://www.openstreetmap.org/node/75319365"},"geometry":{"type":"Point","coordinates":[32.86332,39.9048]}},{"type":"Feature","properties":{"_id":"n279563546","ad":"Bodrum Amerikan Hastanesi","il":"Muğla","ilce":"","tur":"Özel","brans":"Genel","acil":null,"yatak":null,"isletmeci":"","telefon":"","web":"","adres":"","osm":"https://www.openstreetmap.org/node/279563546"},"geometry":{"type":"Point","coordinates":[27.42896,37.03994]}},{"type":"Feature","properties":{"_id":"n531393598","ad":"Hospital Türk","il":"İstanbul","ilce":"","tur":"Özel","brans":"Genel","acil":null,"yatak":null,"isletmeci":"","telefon":"","web":"","adres":"","osm":"https://www.openstreetmap.org/node/531393598"},"geometry":{"type":"Point","coordinates":[29.02181,41.02596]}},{"type":"Feature","properties":{"_id":"n1304981007","ad":"Medical Park","il":"Antalya","ilce":"","tur":"Özel","brans":"Genel","acil":true,"yatak":null,"isletmeci":"Medical Park","telefon":"","web":"","adres":"","osm":"https://www.openstreetmap.org/node/1304981007"},"geometry":{"type":"Point","coordinates":[30.74683,36.8566]}},{"type":"Feature","properties":{"_id":"n1392524179","ad":"Yakutiye Araştırma Hastanesi","il":"Erzurum","ilce":"Erzurum","tur":"Belirsiz","brans":"Genel","acil":true,"yatak":null,"isletmeci":"","telefon":"","web":"","adres":"","osm":"https://www.openstreetmap.org/node/1392524179"},"geometry":{"type":"Point","coordinates":[41.23981,39.89768]}},{"type":"Feature","properties":{"_id":"n1483978245","ad":"Baltalimanı Hastanesi","il":"İstanbul","ilce":"","tur":"Belirsiz","brans":"Genel","acil":true,"yatak":null,"isletmeci":"","telefon":"","web":"","adres":"","osm":"https://www.openstreetmap.org/node/1483978245"},"geometry":{"type":"Point","coordinates":[29.05356,41.09641]}},{"type":"Feature","properties":{"_id":"n1740708127","ad":"Florence Nightingale","il":"İstanbul","ilce":"Beşiktaş","tur":"Özel","brans":"Genel","acil":true,"yatak":null,"isletmeci":"","telefon":"+90 212 288 34 00","web":"https://www.florence.com.tr/","adres":"Cemil Aslan Güder Sokağı 8","osm":"https://www.openstreetmap.org/node/1740708127"},"geometry":{"type":"Point","coordinates":[29.00424,41.06321]}},{"type":"Feature","properties":{"_id":"n1792102391","ad":"Şifa Hastanesi","il":"Muş","ilce":"","tur":"Belirsiz","brans":"Genel","acil":true,"yatak":null,"isletmeci":"","telefon":"","web":"","adres":"","osm":"https://www.openstreetmap.org/node/1792102391"},"geometry":{"type":"Point","coordinates":[41.49429,38.73702]}},{"type":"Feature","properties":{"_id":"n1905650693","ad":"Özel Remedy Hospital","il":"İstanbul","ilce":"","tur":"Özel","brans":"Genel","acil":null,"yatak":null,"isletmeci":"","telefon":"","web":"","adres":"","osm":"https://www.openstreetmap.org/node/1905650693"},"geometry":{"type":"Point","coordinates":[29.23687,40.87878]}},{"type":"Feature","properties":{"_id":"n1923763514","ad":"Özel Bağcılar Tekden Hastanesi","il":"İstanbul","ilce":"","tur":"Özel","brans":"Genel","acil":true,"yatak":null,"isletmeci":"","telefon":"","web":"","adres":"","osm":"https://www.openstreetmap.org/node/1923763514"},"geometry":{"type":"Point","coordinates":[28.84499,41.04797]}},{"type":"Feature","properties":{"_id":"n1935274553","ad":"Acıbadem Hospital","il":"İstanbul","ilce":"","tur":"Özel","brans":"Genel","acil":true,"yatak":null,"isletmeci":"Acıbadem","telefon":"","web":"","adres":"","osm":"https://www.openstreetmap.org/node/1935274553"},"geometry":{"type":"Point","coordinates":[28.87306,40.97766]}},{"type":"Feature","properties":{"_id":"n1955866888","ad":"Kuşadası Özel Hastanesi","il":"Aydın","ilce":"","tur":"Özel","brans":"Genel","acil":true,"yatak":null,"isletmeci":"","telefon":"","web":"","adres":"","osm":"https://www.openstreetmap.org/node/1955866888"},"geometry":{"type":"Point","coordinates":[27.26787,37.86002]}},{"type":"Feature","properties":{"_id":"n2096745663","ad":"Anadolu Hastanesi","il":"Bursa","ilce":"","tur":"Belirsiz","brans":"Genel","acil":null,"yatak":null,"isletmeci":"","telefon":"","web":"","adres":"","osm":"https://www.openstreetmap.org/node/2096745663"},"geometry":{"type":"Point","coordinates":[28.97559,40.21092]}},{"type":"Feature","properties":{"_id":"n2247934937","ad":"SDÜ Araştırma ve Uygulama Hastanesi","il":"Isparta","ilce":"","tur":"Belirsiz","brans":"Genel","acil":true,"yatak":null,"isletmeci":"","telefon":"","web":"","adres":"","osm":"https://www.openstreetmap.org/node/2247934937"},"geometry":{"type":"Point","coordinates":[30.53994,37.82745]}},{"type":"Feature","properties":{"_id":"n2260090099","ad":"Çevre Hastanesi","il":"İstanbul","ilce":"","tur":"Belirsiz","brans":"Genel","acil":true,"yatak":null,"isletmeci":"","telefon":"444 2 593","web":"https://www.cevrehastanesi.com.tr/","adres":"2","osm":"https://www.openstreetmap.org/node/2260090099"},"geometry":{"type":"Point","coordinates":[29.00132,41.06722]}},{"type":"Feature","properties":{"_id":"n2260090104","ad":"Aksoy Hastanesi","il":"İstanbul","ilce":"","tur":"Belirsiz","brans":"Genel","acil":null,"yatak":null,"isletmeci":"","telefon":"","web":"","adres":"","osm":"https://www.openstreetmap.org/node/2260090104"},"geometry":{"type":"Point","coordinates":[29.00137,41.06735]}},{"type":"Feature","properties":{"_id":"n2279410580","ad":"Birinci Göz Hastanesi Beylikdüzü","il":"İstanbul","ilce":"","tur":"Belirsiz","brans":"Dal hastanesi","acil":null,"yatak":null,"isletmeci":"","telefon":"","web":"","adres":"","osm":"https://www.openstreetmap.org/node/2279410580"},"geometry":{"type":"Point","coordinates":[28.64281,41.01123]}},{"type":"Feature","properties":{"_id":"n2279410859","ad":"Dünya Göz Hastanesi Beykent","il":"İstanbul","ilce":"","tur":"Özel","brans":"Dal hastanesi","acil":null,"yatak":null,"isletmeci":"","telefon":"","web":"","adres":"","osm":"https://www.openstreetmap.org/node/2279410859"},"geometry":{"type":"Point","coordinates":[28.62748,41.01908]}},{"type":"Feature","properties":{"_id":"n2311684920","ad":"Amerikan Hastanesi","il":"İstanbul","ilce":"","tur":"Özel","brans":"Genel","acil":true,"yatak":null,"isletmeci":"","telefon":"","web":"","adres":"","osm":"https://www.openstreetmap.org/node/2311684920"},"geometry":{"type":"Point","coordinates":[28.99529,41.05338]}},{"type":"Feature","properties":{"_id":"n2351477764","ad":"Nurlu Göz Hastanesi","il":"Ankara","ilce":"","tur":"Belirsiz","brans":"Dal hastanesi","acil":null,"yatak":null,"isletmeci":"","telefon":"","web":"","adres":"","osm":"https://www.openstreetmap.org/node/2351477764"},"geometry":{"type":"Point","coordinates":[32.56675,39.95954]}},{"type":"Feature","properties":{"_id":"n2689118828","ad":"Hastane","il":"Aydın","ilce":"","tur":"Belirsiz","brans":"Genel","acil":null,"yatak":null,"isletmeci":"","telefon":"","web":"","adres":"","osm":"https://www.openstreetmap.org/node/2689118828"},"geometry":{"type":"Point","coordinates":[27.26823,37.35426]}},{"type":"Feature","properties":{"_id":"n2824451871","ad":"Kaşkaloğlu Göz Hastanesi","il":"İzmir","ilce":"","tur":"Belirsiz","brans":"Dal hastanesi","acil":true,"yatak":null,"isletmeci":"","telefon":"","web":"","adres":"","osm":"https://www.openstreetmap.org/node/2824451871"},"geometry":{"type":"Point","coordinates":[27.14735,38.43202]}},{"type":"Feature","properties":{"_id":"n2869851327","ad":"Acıbadem Fulya Hastanesi","il":"İstanbul","ilce":"Beşiktaş","tur":"Özel","brans":"Genel","acil":true,"yatak":null,"isletmeci":"Acıbadem","telefon":"","web":"https://www.acibadem.com.tr/hastane/fulya-hastanesi/","adres":"Yeşilçimen Sokak 23","osm":"https://www.openstreetmap.org/node/2869851327"},"geometry":{"type":"Point","coordinates":[28.99955,41.05572]}},{"type":"Feature","properties":{"_id":"n2928527566","ad":"Özel Avcılar Anadolu Hastanesi","il":"İstanbul","ilce":"","tur":"Özel","brans":"Genel","acil":true,"yatak":null,"isletmeci":"","telefon":"","web":"","adres":"","osm":"https://www.openstreetmap.org/node/2928527566"},"geometry":{"type":"Point","coordinates":[28.70612,41.00545]}},{"type":"Feature","properties":{"_id":"n2928533162","ad":"Özel Avcılar Hospital","il":"İstanbul","ilce":"avcılar","tur":"Özel","brans":"Genel","acil":true,"yatak":null,"isletmeci":"Özel Hastane","telefon":"","web":"","adres":"Uran Caddesi","osm":"https://www.openstreetmap.org/node/2928533162"},"geometry":{"type":"Point","coordinates":[28.70959,40.99478]}},{"type":"Feature","properties":{"_id":"n2928533998","ad":"Özel Medicana Hastanesi","il":"İstanbul","ilce":"","tur":"Özel","brans":"Genel","acil":true,"yatak":null,"isletmeci":"","telefon":"","web":"","adres":"","osm":"https://www.openstreetmap.org/node/2928533998"},"geometry":{"type":"Point","coordinates":[28.72115,40.98128]}},{"type":"Feature","properties":{"_id":"n3092021923","ad":"Hayat Hastanesi","il":"Kahramanmaraş","ilce":"","tur":"Belirsiz","brans":"Genel","acil":null,"yatak":null,"isletmeci":"","telefon":"","web":"","adres":"","osm":"https://www.openstreetmap.org/node/3092021923"},"geometry":{"type":"Point","coordinates":[36.92877,37.57758]}},{"type":"Feature","properties":{"_id":"n3282963282","ad":"Kasım Paşa Asker Hastanesi","il":"İstanbul","ilce":"","tur":"Askerî","brans":"Genel","acil":null,"yatak":null,"isletmeci":"","telefon":"","web":"","adres":"","osm":"https://www.openstreetmap.org/node/3282963282"},"geometry":{"type":"Point","coordinates":[28.96402,41.03278]}},{"type":"Feature","properties":{"_id":"n3729705449","ad":"Anadolu hastanesi","il":"Antalya","ilce":"","tur":"Belirsiz","brans":"Genel","acil":null,"yatak":null,"isletmeci":"","telefon":"444 9 112","web":"https://www.anatoliahospital.com/ru/bolnitsa/anatolia-hospital-kemer","adres":"","osm":"https://www.openstreetmap.org/node/3729705449"},"geometry":{"type":"Point","coordinates":[30.5557,36.61437]}},{"type":"Feature","properties":{"_id":"n3733510918","ad":"PAÜ Tıp Fakültesi Acil Servis","il":"Denizli","ilce":"","tur":"Üniversite","brans":"Genel","acil":null,"yatak":null,"isletmeci":"","telefon":"","web":"","adres":"","osm":"https://www.openstreetmap.org/node/3733510918"},"geometry":{"type":"Point","coordinates":[29.10672,37.74041]}},{"type":"Feature","properties":{"_id":"n3798856225","ad":"Orçun Eczanesi","il":"Antalya","ilce":"göynük","tur":"Belirsiz","brans":"Genel","acil":false,"yatak":null,"isletmeci":"","telefon":"+90 242 815 10 85","web":"","adres":"Atatürk Caddesi 35/y","osm":"https://www.openstreetmap.org/node/3798856225"},"geometry":{"type":"Point","coordinates":[30.55974,36.66433]}},{"type":"Feature","properties":{"_id":"n3904788783","ad":"Niğde Ömer Halisdemir Üniversitesi Eğitim Ve Araştırma Hastanesi","il":"Niğde","ilce":"","tur":"Eğitim ve araştırma","brans":"Genel","acil":null,"yatak":null,"isletmeci":"Niğde İl Sağlık Müdürlüğü","telefon":"","web":"","adres":"","osm":"https://www.openstreetmap.org/node/3904788783"},"geometry":{"type":"Point","coordinates":[34.64626,37.96949]}},{"type":"Feature","properties":{"_id":"n4151313489","ad":"Hayat Hastanesi","il":"Malatya","ilce":"","tur":"Belirsiz","brans":"Genel","acil":null,"yatak":null,"isletmeci":"","telefon":"","web":"","adres":"","osm":"https://www.openstreetmap.org/node/4151313489"},"geometry":{"type":"Point","coordinates":[38.32265,38.34905]}},{"type":"Feature","properties":{"_id":"n4230329694","ad":"Ankara Numune Hastanesi Siteler","il":"Ankara","ilce":"","tur":"Belirsiz","brans":"Genel","acil":null,"yatak":null,"isletmeci":"","telefon":"","web":"","adres":"","osm":"https://www.openstreetmap.org/node/4230329694"},"geometry":{"type":"Point","coordinates":[32.89533,39.95727]}},{"type":"Feature","properties":{"_id":"n4250909895","ad":"Yenişehir Hastanesi","il":"Mersin","ilce":"","tur":"Şehir hastanesi","brans":"Genel","acil":null,"yatak":null,"isletmeci":"","telefon":"444 8 595","web":"","adres":"","osm":"https://www.openstreetmap.org/node/4250909895"},"geometry":{"type":"Point","coordinates":[34.59202,36.783]}},{"type":"Feature","properties":{"_id":"n4254745798","ad":"Alibey Hastanesi","il":"İstanbul","ilce":"","tur":"Belirsiz","brans":"Genel","acil":null,"yatak":null,"isletmeci":"","telefon":"","web":"","adres":"ATATÜRK caddesi","osm":"https://www.openstreetmap.org/node/4254745798"},"geometry":{"type":"Point","coordinates":[28.92706,41.079]}},{"type":"Feature","properties":{"_id":"n4333122824","ad":"Özel Koru Kavaklıdere Hastanesi","il":"Ankara","ilce":"","tur":"Özel","brans":"Genel","acil":null,"yatak":null,"isletmeci":"","telefon":"","web":"","adres":"","osm":"https://www.openstreetmap.org/node/4333122824"},"geometry":{"type":"Point","coordinates":[32.86351,39.90647]}},{"type":"Feature","properties":{"_id":"n4341160568","ad":"Ataköy Ruh ve Sinir Hastalıkları Hastanesi","il":"Trabzon","ilce":"","tur":"Belirsiz","brans":"Genel","acil":null,"yatak":null,"isletmeci":"","telefon":"","web":"","adres":"","osm":"https://www.openstreetmap.org/node/4341160568"},"geometry":{"type":"Point","coordinates":[40.23139,40.70126]}},{"type":"Feature","properties":{"_id":"n4341160576","ad":"Maçka Ömer Burhanoğlu Fizik Tedavi ve Rehabilitasyon Hastanesi","il":"Trabzon","ilce":"","tur":"Devlet","brans":"Dal hastanesi","acil":null,"yatak":null,"isletmeci":"","telefon":"","web":"","adres":"","osm":"https://www.openstreetmap.org/node/4341160576"},"geometry":{"type":"Point","coordinates":[39.61117,40.81181]}},{"type":"Feature","properties":{"_id":"n4459098190","ad":"Koç Üniversitesi Hastanesi","il":"İstanbul","ilce":"","tur":"Üniversite","brans":"Genel","acil":true,"yatak":null,"isletmeci":"","telefon":"","web":"https://www.kuh.ku.edu.tr/","adres":"","osm":"https://www.openstreetmap.org/node/4459098190"},"geometry":{"type":"Point","coordinates":[28.91665,41.02414]}},{"type":"Feature","properties":{"_id":"n4567435304","ad":"Özel Adana Hastanesi","il":"Adana","ilce":"","tur":"Özel","brans":"Genel","acil":null,"yatak":null,"isletmeci":"","telefon":"","web":"","adres":"","osm":"https://www.openstreetmap.org/node/4567435304"},"geometry":{"type":"Point","coordinates":[35.32432,36.9939]}},{"type":"Feature","properties":{"_id":"n4592129193","ad":"Dicle Üni. Çocuk Hastanesi","il":"Diyarbakır","ilce":"","tur":"Üniversite","brans":"Kadın doğum / çocuk","acil":null,"yatak":null,"isletmeci":"Dicle Üniversitesi","telefon":"","web":"","adres":"","osm":"https://www.openstreetmap.org/node/4592129193"},"geometry":{"type":"Point","coordinates":[40.25834,37.92149]}},{"type":"Feature","properties":{"_id":"n4753715525","ad":"Bilge Hastanesi","il":"Sakarya","ilce":"","tur":"Belirsiz","brans":"Genel","acil":null,"yatak":null,"isletmeci":"","telefon":"","web":"","adres":"","osm":"https://www.openstreetmap.org/node/4753715525"},"geometry":{"type":"Point","coordinates":[30.40019,40.78143]}},{"type":"Feature","properties":{"_id":"n4829016022","ad":"Özel Deva Hastanesi","il":"Gaziantep","ilce":"","tur":"Özel","brans":"Genel","acil":null,"yatak":null,"isletmeci":"","telefon":"","web":"","adres":"Hamdi Kutlar Cd. 98","osm":"https://www.openstreetmap.org/node/4829016022"},"geometry":{"type":"Point","coordinates":[37.39493,37.0645]}},{"type":"Feature","properties":{"_id":"n4842613051","ad":"Beyoğlu Göz Hastanesi","il":"İstanbul","ilce":"","tur":"Belirsiz","brans":"Dal hastanesi","acil":null,"yatak":null,"isletmeci":"","telefon":"","web":"","adres":"","osm":"https://www.openstreetmap.org/node/4842613051"},"geometry":{"type":"Point","coordinates":[28.9742,41.02457]}},{"type":"Feature","properties":{"_id":"n4914643453","ad":"ÇOMÜ Tıp Fakültesi Hastanesi","il":"Çanakkale","ilce":"","tur":"Üniversite","brans":"Genel","acil":true,"yatak":null,"isletmeci":"","telefon":"","web":"","adres":"","osm":"https://www.openstreetmap.org/node/4914643453"},"geometry":{"type":"Point","coordinates":[26.41357,40.11546]}},{"type":"Feature","properties":{"_id":"n4924465720","ad":"Özel Akgün Tem Hastanesi","il":"İstanbul","ilce":"","tur":"Özel","brans":"Genel","acil":null,"yatak":null,"isletmeci":"","telefon":"","web":"","adres":"","osm":"https://www.openstreetmap.org/node/4924465720"},"geometry":{"type":"Point","coordinates":[28.80163,41.06142]}},{"type":"Feature","properties":{"_id":"n4926916937","ad":"Beyoglu","il":"İstanbul","ilce":"","tur":"Belirsiz","brans":"Genel","acil":null,"yatak":null,"isletmeci":"","telefon":"","web":"","adres":"","osm":"https://www.openstreetmap.org/node/4926916937"},"geometry":{"type":"Point","coordinates":[28.97491,41.03145]}},{"type":"Feature","properties":{"_id":"n4964912069","ad":"Özel Star Medica Hospital","il":"Tekirdağ","ilce":"","tur":"Özel","brans":"Genel","acil":null,"yatak":null,"isletmeci":"","telefon":"","web":"","adres":"","osm":"https://www.openstreetmap.org/node/4964912069"},"geometry":{"type":"Point","coordinates":[27.51183,40.9785]}},{"type":"Feature","properties":{"_id":"n4999155322","ad":"Özel Jimer Hastanesi","il":"Bursa","ilce":"","tur":"Özel","brans":"Genel","acil":null,"yatak":null,"isletmeci":"","telefon":"","web":"","adres":"","osm":"https://www.openstreetmap.org/node/4999155322"},"geometry":{"type":"Point","coordinates":[28.99373,40.20624]}},{"type":"Feature","properties":{"_id":"n5057772722","ad":"Güney Hastanesi","il":"İstanbul","ilce":"","tur":"Belirsiz","brans":"Genel","acil":null,"yatak":null,"isletmeci":"","telefon":"","web":"","adres":"","osm":"https://www.openstreetmap.org/node/5057772722"},"geometry":{"type":"Point","coordinates":[28.87967,41.04373]}},{"type":"Feature","properties":{"_id":"n5065584156","ad":"Medisun Hastanesi","il":"Ankara","ilce":"","tur":"Belirsiz","brans":"Genel","acil":null,"yatak":null,"isletmeci":"","telefon":"+90 312 444 76 00","web":"https://medisunhastanesi.com/","adres":"1920. Cd(10. Cd.)","osm":"https://www.openstreetmap.org/node/5065584156"},"geometry":{"type":"Point","coordinates":[32.71051,39.89082]}},{"type":"Feature","properties":{"_id":"n5081264696","ad":"Medipol Üniversitesi Fındıkzade Hastanesi","il":"İstanbul","ilce":"Fatih","tur":"Üniversite","brans":"Genel","acil":null,"yatak":null,"isletmeci":"","telefon":"02125346667","web":"","adres":"Fındıkzade Sokak","osm":"https://www.openstreetmap.org/node/5081264696"},"geometry":{"type":"Point","coordinates":[28.94003,41.01253]}},{"type":"Feature","properties":{"_id":"n5081274091","ad":"Özel Fatih Hastanesi","il":"İstanbul","ilce":"Fatih","tur":"Özel","brans":"Genel","acil":true,"yatak":null,"isletmeci":"","telefon":"+90 212 444 65 13","web":"https://www.ozelfatihhastanesi.com/","adres":"Kıztaşı Caddesi","osm":"https://www.openstreetmap.org/node/5081274091"},"geometry":{"type":"Point","coordinates":[28.95077,41.01568]}},{"type":"Feature","properties":{"_id":"n5087418123","ad":"İstanbul Cerrahi Hastanesi","il":"İstanbul","ilce":"","tur":"Belirsiz","brans":"Genel","acil":true,"yatak":null,"isletmeci":"","telefon":"","web":"","adres":"","osm":"https://www.openstreetmap.org/node/5087418123"},"geometry":{"type":"Point","coordinates":[28.998,41.05557]}},{"type":"Feature","properties":{"_id":"n5112704523","ad":"Özel Selçuklu Hastanesi","il":"Konya","ilce":"","tur":"Özel","brans":"Genel","acil":null,"yatak":null,"isletmeci":"","telefon":"","web":"http://www.selcuklu.com.tr/","adres":"","osm":"https://www.openstreetmap.org/node/5112704523"},"geometry":{"type":"Point","coordinates":[32.48908,37.87784]}},{"type":"Feature","properties":{"_id":"n5112715821","ad":"Özel Büyükşehir Hastanesi","il":"Konya","ilce":"","tur":"Şehir hastanesi","brans":"Genel","acil":null,"yatak":null,"isletmeci":"","telefon":"","web":"","adres":"","osm":"https://www.openstreetmap.org/node/5112715821"},"geometry":{"type":"Point","coordinates":[32.4889,37.87801]}},{"type":"Feature","properties":{"_id":"n5113599727","ad":"İstanbul Üniversitesi Kardiyoloji enistitusu","il":"İstanbul","ilce":"Fatih","tur":"Üniversite","brans":"Genel","acil":null,"yatak":null,"isletmeci":"İstanbul Üniversitesi","telefon":"","web":"","adres":"Haseki Caddesi","osm":"https://www.openstreetmap.org/node/5113599727"},"geometry":{"type":"Point","coordinates":[28.94324,41.00915]}},{"type":"Feature","properties":{"_id":"n5117551027","ad":"Dünyagöz Hastanesi","il":"Konya","ilce":"","tur":"Özel","brans":"Dal hastanesi","acil":null,"yatak":null,"isletmeci":"","telefon":"","web":"","adres":"","osm":"https://www.openstreetmap.org/node/5117551027"},"geometry":{"type":"Point","coordinates":[32.48455,37.89829]}},{"type":"Feature","properties":{"_id":"n5172615673","ad":"Surp Pırgiç Ermeni Hastanesi","il":"İstanbul","ilce":"","tur":"Belirsiz","brans":"Genel","acil":null,"yatak":null,"isletmeci":"","telefon":"","web":"","adres":"","osm":"https://www.openstreetmap.org/node/5172615673"},"geometry":{"type":"Point","coordinates":[28.91469,40.99393]}},{"type":"Feature","properties":{"_id":"n5208459494","ad":"Bağcılar Eğitim ve Araştırma Hastanesi","il":"İstanbul","ilce":"Bağcılar","tur":"Eğitim ve araştırma","brans":"Genel","acil":true,"yatak":null,"isletmeci":"","telefon":"+90 212 440 40 00","web":"","adres":"dr Ahmet sadık caddesi","osm":"https://www.openstreetmap.org/node/5208459494"},"geometry":{"type":"Point","coordinates":[28.87124,41.03013]}},{"type":"Feature","properties":{"_id":"n5243806749","ad":"Diş Hekimliği Fakültesi Hastanesi","il":"Diyarbakır","ilce":"Diyarbakır","tur":"Ağız ve diş","brans":"Dal hastanesi","acil":null,"yatak":null,"isletmeci":"","telefon":"+90 412 241 10 17","web":"https://www.dicle.edu.tr/","adres":"Fakülte yolu","osm":"https://www.openstreetmap.org/node/5243806749"},"geometry":{"type":"Point","coordinates":[40.26879,37.91945]}},{"type":"Feature","properties":{"_id":"n5274052766","ad":"Özel İstanbul Şafak Hastahanesi","il":"İstanbul","ilce":"","tur":"Özel","brans":"Genel","acil":true,"yatak":null,"isletmeci":"","telefon":"","web":"","adres":"","osm":"https://www.openstreetmap.org/node/5274052766"},"geometry":{"type":"Point","coordinates":[28.89997,41.06561]}},{"type":"Feature","properties":{"_id":"n5287381414","ad":"ozel kent","il":"İzmir","ilce":"","tur":"Özel","brans":"Genel","acil":null,"yatak":null,"isletmeci":"","telefon":"","web":"","adres":"1479. Sokak hospital","osm":"https://www.openstreetmap.org/node/5287381414"},"geometry":{"type":"Point","coordinates":[27.14327,38.44046]}},{"type":"Feature","properties":{"_id":"n5293882367","ad":"HOSPİTAL PARK","il":"Kocaeli","ilce":"","tur":"Özel","brans":"Genel","acil":null,"yatak":null,"isletmeci":"","telefon":"","web":"","adres":"","osm":"https://www.openstreetmap.org/node/5293882367"},"geometry":{"type":"Point","coordinates":[29.3673,40.79213]}},{"type":"Feature","properties":{"_id":"n5304393431","ad":"Dora Hospital","il":"İstanbul","ilce":"","tur":"Özel","brans":"Genel","acil":null,"yatak":null,"isletmeci":"","telefon":"","web":"","adres":"","osm":"https://www.openstreetmap.org/node/5304393431"},"geometry":{"type":"Point","coordinates":[29.001,41.05898]}},{"type":"Feature","properties":{"_id":"n5310425221","ad":"Vatan Hastanesi","il":"Tekirdağ","ilce":"","tur":"Belirsiz","brans":"Genel","acil":null,"yatak":null,"isletmeci":"","telefon":"","web":"","adres":"","osm":"https://www.openstreetmap.org/node/5310425221"},"geometry":{"type":"Point","coordinates":[27.84929,41.1504]}},{"type":"Feature","properties":{"_id":"n5310425321","ad":"Vatan Hastanesi Acil","il":"Tekirdağ","ilce":"","tur":"Belirsiz","brans":"Genel","acil":null,"yatak":null,"isletmeci":"","telefon":"","web":"","adres":"","osm":"https://www.openstreetmap.org/node/5310425321"},"geometry":{"type":"Point","coordinates":[27.84921,41.1502]}},{"type":"Feature","properties":{"_id":"n5327739814","ad":"Özel İnci Göz Hastanesi","il":"Sakarya","ilce":"","tur":"Özel","brans":"Dal hastanesi","acil":null,"yatak":null,"isletmeci":"","telefon":"","web":"","adres":"","osm":"https://www.openstreetmap.org/node/5327739814"},"geometry":{"type":"Point","coordinates":[30.40599,40.77278]}},{"type":"Feature","properties":{"_id":"n5351133649","ad":"Samsun Fizik Tedavi Hastanesi","il":"Samsun","ilce":"","tur":"Belirsiz","brans":"Dal hastanesi","acil":null,"yatak":null,"isletmeci":"","telefon":"","web":"","adres":"","osm":"https://www.openstreetmap.org/node/5351133649"},"geometry":{"type":"Point","coordinates":[36.32072,41.28208]}},{"type":"Feature","properties":{"_id":"n5506911844","ad":"Askeri Hastane","il":"Çanakkale","ilce":"","tur":"Askerî","brans":"Genel","acil":null,"yatak":null,"isletmeci":"","telefon":"","web":"","adres":"","osm":"https://www.openstreetmap.org/node/5506911844"},"geometry":{"type":"Point","coordinates":[26.40938,40.15881]}},{"type":"Feature","properties":{"_id":"n5509607811","ad":"Özel Derman Hastanesi","il":"Kırklareli","ilce":"Lüleburgaz","tur":"Özel","brans":"Genel","acil":true,"yatak":null,"isletmeci":"","telefon":"","web":"","adres":"Okullar Caddesi","osm":"https://www.openstreetmap.org/node/5509607811"},"geometry":{"type":"Point","coordinates":[27.35514,41.4037]}},{"type":"Feature","properties":{"_id":"n5509608193","ad":"Keşan Devlet Hastanesi Baştabipliği","il":"Edirne","ilce":"","tur":"Devlet","brans":"Genel","acil":null,"yatak":null,"isletmeci":"","telefon":"","web":"","adres":"","osm":"https://www.openstreetmap.org/node/5509608193"},"geometry":{"type":"Point","coordinates":[26.64814,40.85102]}},{"type":"Feature","properties":{"_id":"n5540115576","ad":"Saygı Hastanesi Ayak Sağlığı Birimi","il":"İstanbul","ilce":"Sultanbeyli","tur":"Özel","brans":"Genel","acil":null,"yatak":null,"isletmeci":"Özel Saygı Hastanesi","telefon":"+90 850 321 5021","web":"","adres":"Baltaşı Sokak","osm":"https://www.openstreetmap.org/node/5540115576"},"geometry":{"type":"Point","coordinates":[29.25774,40.96946]}},{"type":"Feature","properties":{"_id":"n5540121296","ad":"Saygı Hastanesi","il":"İstanbul","ilce":"Sultanbeyli","tur":"Devlet","brans":"Genel","acil":true,"yatak":null,"isletmeci":"Sağlık Bakanlığı","telefon":"+90 850 321 5000","web":"","adres":"Fatih Bulvarı 75","osm":"https://www.openstreetmap.org/node/5540121296"},"geometry":{"type":"Point","coordinates":[29.25817,40.96976]}},{"type":"Feature","properties":{"_id":"n5540121298","ad":"Sultanbeyli Dünyagöz Hastanesi","il":"İstanbul","ilce":"Sultanbeyli","tur":"Özel","brans":"Dal hastanesi","acil":true,"yatak":null,"isletmeci":"Dünyagöz","telefon":"444 4 469","web":"","adres":"Fatih Bulvarı 41","osm":"https://www.openstreetmap.org/node/5540121298"},"geometry":{"type":"Point","coordinates":[29.25342,40.9685]}},{"type":"Feature","properties":{"_id":"n5587508521","ad":"Neolife","il":"İstanbul","ilce":"","tur":"Belirsiz","brans":"Genel","acil":null,"yatak":null,"isletmeci":"","telefon":"","web":"","adres":"","osm":"https://www.openstreetmap.org/node/5587508521"},"geometry":{"type":"Point","coordinates":[29.02009,41.0704]}},{"type":"Feature","properties":{"_id":"n5619315960","ad":"Ersoy Hastanesi","il":"İstanbul","ilce":"Sultanbeyli","tur":"Devlet","brans":"Genel","acil":true,"yatak":null,"isletmeci":"Sağlık Bakanlığı","telefon":"","web":"","adres":"Fatih Bulvarı 175","osm":"https://www.openstreetmap.org/node/5619315960"},"geometry":{"type":"Point","coordinates":[29.2694,40.96657]}},{"type":"Feature","properties":{"_id":"n5619345567","ad":"İstanbul Tacirler Eğitim Vakfı T.E.V. Sultanbeyli İlçe Devlet Hastanesi","il":"İstanbul","ilce":"Sultanbeyli","tur":"Vakıf","brans":"Genel","acil":false,"yatak":null,"isletmeci":"Sağlık Bakanlığı","telefon":"+90 216 564 24 00","web":"","adres":"Cami Caddesi 3","osm":"https://www.openstreetmap.org/node/5619345567"},"geometry":{"type":"Point","coordinates":[29.26598,40.96518]}},{"type":"Feature","properties":{"_id":"n5620072581","ad":"Sultanbeyli Avrupa Göz Hastanesi","il":"İstanbul","ilce":"Sultanbeyli","tur":"Devlet","brans":"Dal hastanesi","acil":null,"yatak":null,"isletmeci":"Sağlık Bakanlığı","telefon":"+90 216 398 27 27","web":"","adres":"Şanlıurfa Caddesi 70","osm":"https://www.openstreetmap.org/node/5620072581"},"geometry":{"type":"Point","coordinates":[29.26123,40.96706]}},{"type":"Feature","properties":{"_id":"n5667640786","ad":"balıklı rum hastanesi vakfı","il":"İstanbul","ilce":"Zeytinburnu","tur":"Vakıf","brans":"Genel","acil":true,"yatak":null,"isletmeci":"","telefon":"","web":"","adres":"","osm":"https://www.openstreetmap.org/node/5667640786"},"geometry":{"type":"Point","coordinates":[28.91754,40.9996]}},{"type":"Feature","properties":{"_id":"n5667641556","ad":"Yedikule Göğüş Hastalıkları Hastanesi","il":"İstanbul","ilce":"Zeytinburnu","tur":"Belirsiz","brans":"Dal hastanesi","acil":true,"yatak":null,"isletmeci":"","telefon":"","web":"","adres":"","osm":"https://www.openstreetmap.org/node/5667641556"},"geometry":{"type":"Point","coordinates":[28.91524,41.0021]}},{"type":"Feature","properties":{"_id":"n5667661148","ad":"Yedikule Surp PIRGIÇ ERMENI Hastanesi","il":"İstanbul","ilce":"Zeytinburnu","tur":"Belirsiz","brans":"Dal hastanesi","acil":true,"yatak":null,"isletmeci":"","telefon":"","web":"","adres":"","osm":"https://www.openstreetmap.org/node/5667661148"},"geometry":{"type":"Point","coordinates":[28.91525,40.99387]}},{"type":"Feature","properties":{"_id":"n5667662147","ad":"SÜLEYMANİYE KADIN DOĞUM VE ÇOCUK HASTANESİ","il":"İstanbul","ilce":"Zeytinburnu","tur":"Devlet","brans":"Kadın doğum / çocuk","acil":true,"yatak":null,"isletmeci":"","telefon":"","web":"","adres":"","osm":"https://www.openstreetmap.org/node/5667662147"},"geometry":{"type":"Point","coordinates":[28.91483,40.99562]}},{"type":"Feature","properties":{"_id":"n5667674435","ad":"MEDILIFE HASTANESİ","il":"İstanbul","ilce":"Bağcılar","tur":"Belirsiz","brans":"Dal hastanesi","acil":true,"yatak":null,"isletmeci":"","telefon":"","web":"","adres":"Osmangazi Cadesi","osm":"https://www.openstreetmap.org/node/5667674435"},"geometry":{"type":"Point","coordinates":[28.85951,41.0488]}},{"type":"Feature","properties":{"_id":"n5667687568","ad":"Aksa","il":"İstanbul","ilce":"Bağcılar","tur":"Belirsiz","brans":"Dal hastanesi","acil":null,"yatak":null,"isletmeci":"","telefon":"","web":"","adres":"kocman caddesi","osm":"https://www.openstreetmap.org/node/5667687568"},"geometry":{"type":"Point","coordinates":[28.82618,41.03149]}},{"type":"Feature","properties":{"_id":"n5667719070","ad":"Özel Hospitalist Hastanesi","il":"İstanbul","ilce":"Bağcılar","tur":"Özel","brans":"Genel","acil":true,"yatak":null,"isletmeci":"","telefon":"","web":"","adres":"Birlik Caddesi","osm":"https://www.openstreetmap.org/node/5667719070"},"geometry":{"type":"Point","coordinates":[28.85509,41.03458]}},{"type":"Feature","properties":{"_id":"n5684994534","ad":"Özel Uğur Göz Hastanesi","il":"Kahramanmaraş","ilce":"","tur":"Özel","brans":"Dal hastanesi","acil":null,"yatak":null,"isletmeci":"","telefon":"","web":"","adres":"","osm":"https://www.openstreetmap.org/node/5684994534"},"geometry":{"type":"Point","coordinates":[36.92437,37.57243]}},{"type":"Feature","properties":{"_id":"n5774531254","ad":"Tam-Med Hastanesi","il":"Gaziantep","ilce":"","tur":"Belirsiz","brans":"Genel","acil":null,"yatak":null,"isletmeci":"","telefon":"","web":"","adres":"","osm":"https://www.openstreetmap.org/node/5774531254"},"geometry":{"type":"Point","coordinates":[37.37717,37.05703]}},{"type":"Feature","properties":{"_id":"n5776440694","ad":"Özel Gaziantep Sevgi Hastanesi","il":"Gaziantep","ilce":"","tur":"Özel","brans":"Genel","acil":null,"yatak":null,"isletmeci":"","telefon":"","web":"","adres":"","osm":"https://www.openstreetmap.org/node/5776440694"},"geometry":{"type":"Point","coordinates":[37.37914,37.06016]}},{"type":"Feature","properties":{"_id":"n5859055685","ad":"Gaziosmanpaşa Özel Başarı Hastanesi","il":"İstanbul","ilce":"","tur":"Özel","brans":"Genel","acil":null,"yatak":null,"isletmeci":"","telefon":"","web":"","adres":"","osm":"https://www.openstreetmap.org/node/5859055685"},"geometry":{"type":"Point","coordinates":[28.90668,41.07975]}},{"type":"Feature","properties":{"_id":"n6069332186","ad":"Haydarpaşa Numune Eğitim ve Araştırma Hastanesi Tıbbiye Binası","il":"İstanbul","ilce":"","tur":"Eğitim ve araştırma","brans":"Genel","acil":null,"yatak":null,"isletmeci":"","telefon":"","web":"","adres":"","osm":"https://www.openstreetmap.org/node/6069332186"},"geometry":{"type":"Point","coordinates":[29.02575,41.00435]}},{"type":"Feature","properties":{"_id":"n6309131286","ad":"Batıkent Hastanesi","il":"Adana","ilce":"","tur":"Belirsiz","brans":"Genel","acil":null,"yatak":null,"isletmeci":"","telefon":"03223410011","web":"","adres":"","osm":"https://www.openstreetmap.org/node/6309131286"},"geometry":{"type":"Point","coordinates":[35.40166,37.02737]}},{"type":"Feature","properties":{"_id":"n6400675261","ad":"Özel Pendik Şifa Hastanesi","il":"İstanbul","ilce":"Pendik","tur":"Özel","brans":"Genel","acil":null,"yatak":null,"isletmeci":"","telefon":"+90 216 390 9243","web":"https://www.pendiksifa.com.tr","adres":"Zıpkın Sokak 10","osm":"https://www.openstreetmap.org/node/6400675261"},"geometry":{"type":"Point","coordinates":[29.23619,40.88302]}},{"type":"Feature","properties":{"_id":"n6423825877","ad":"Dünya Göz","il":"Antalya","ilce":"","tur":"Özel","brans":"Dal hastanesi","acil":null,"yatak":null,"isletmeci":"","telefon":"","web":"","adres":"","osm":"https://www.openstreetmap.org/node/6423825877"},"geometry":{"type":"Point","coordinates":[30.69345,36.91822]}},{"type":"Feature","properties":{"_id":"n6445014889","ad":"Dűnyagöz","il":"İstanbul","ilce":"","tur":"Özel","brans":"Dal hastanesi","acil":null,"yatak":null,"isletmeci":"","telefon":"+904444469","web":"https://dunyagoz.com/","adres":"Nispetiye Caddesi 1","osm":"https://www.openstreetmap.org/node/6445014889"},"geometry":{"type":"Point","coordinates":[29.03709,41.08246]}},{"type":"Feature","properties":{"_id":"n6508582507","ad":"Dünya Göz Hastanesi","il":"İstanbul","ilce":"Pendik","tur":"Özel","brans":"Dal hastanesi","acil":true,"yatak":null,"isletmeci":"","telefon":"444 4 469","web":"https://www.dunyagoz.com/tr/merkezlerimiz/yurt-ici/istanbul-pendik/genel-tanitim","adres":"Ortanca Caddesi 79","osm":"https://www.openstreetmap.org/node/6508582507"},"geometry":{"type":"Point","coordinates":[29.23624,40.87888]}},{"type":"Feature","properties":{"_id":"n6669804333","ad":"Haydarpaşa Numune Hastanesi","il":"İstanbul","ilce":"","tur":"Belirsiz","brans":"Genel","acil":null,"yatak":null,"isletmeci":"","telefon":"","web":"","adres":"","osm":"https://www.openstreetmap.org/node/6669804333"},"geometry":{"type":"Point","coordinates":[29.02276,41.00445]}},{"type":"Feature","properties":{"_id":"n6697235740","ad":"İstanbullu OSGB","il":"İstanbul","ilce":"","tur":"Belirsiz","brans":"Genel","acil":null,"yatak":null,"isletmeci":"","telefon":"","web":"","adres":"","osm":"https://www.openstreetmap.org/node/6697235740"},"geometry":{"type":"Point","coordinates":[28.8059,41.08005]}},{"type":"Feature","properties":{"_id":"n6816098887","ad":"Halk Hastanesi","il":"Kütahya","ilce":"","tur":"Belirsiz","brans":"Genel","acil":null,"yatak":null,"isletmeci":"","telefon":"","web":"","adres":"","osm":"https://www.openstreetmap.org/node/6816098887"},"geometry":{"type":"Point","coordinates":[29.39768,39.63219]}},{"type":"Feature","properties":{"_id":"n6834204378","ad":"Özel Selçuklu Hastanesi","il":"Karaman","ilce":"","tur":"Özel","brans":"Genel","acil":true,"yatak":null,"isletmeci":"","telefon":"","web":"","adres":"","osm":"https://www.openstreetmap.org/node/6834204378"},"geometry":{"type":"Point","coordinates":[33.22263,37.17319]}},{"type":"Feature","properties":{"_id":"n6872628702","ad":"Özel Üsküdar Anadolu Hastanesi","il":"İstanbul","ilce":"","tur":"Özel","brans":"Genel","acil":null,"yatak":null,"isletmeci":"","telefon":"","web":"","adres":"","osm":"https://www.openstreetmap.org/node/6872628702"},"geometry":{"type":"Point","coordinates":[29.01589,41.02143]}},{"type":"Feature","properties":{"_id":"n6908189886","ad":"A LIFE HOSPİTAL","il":"Ankara","ilce":"","tur":"Özel","brans":"Genel","acil":null,"yatak":null,"isletmeci":"","telefon":"","web":"","adres":"","osm":"https://www.openstreetmap.org/node/6908189886"},"geometry":{"type":"Point","coordinates":[32.62817,39.95376]}},{"type":"Feature","properties":{"_id":"n7001101489","ad":"Özel Elitium","il":"İstanbul","ilce":"Esenyurt","tur":"Özel","brans":"Genel","acil":null,"yatak":null,"isletmeci":"Özel Elitium","telefon":"","web":"","adres":"Süleyman Demirel Caddesi","osm":"https://www.openstreetmap.org/node/7001101489"},"geometry":{"type":"Point","coordinates":[28.67605,41.06037]}},{"type":"Feature","properties":{"_id":"n7105076787","ad":"Ceylan International Hospital","il":"Bursa","ilce":"","tur":"Özel","brans":"Genel","acil":null,"yatak":null,"isletmeci":"","telefon":"","web":"","adres":"","osm":"https://www.openstreetmap.org/node/7105076787"},"geometry":{"type":"Point","coordinates":[28.95322,40.25686]}},{"type":"Feature","properties":{"_id":"n7167511973","ad":"İstanbul Tema Hastanesi","il":"İstanbul","ilce":"","tur":"Belirsiz","brans":"Genel","acil":null,"yatak":null,"isletmeci":"","telefon":"","web":"","adres":"","osm":"https://www.openstreetmap.org/node/7167511973"},"geometry":{"type":"Point","coordinates":[28.77394,41.06009]}},{"type":"Feature","properties":{"_id":"n7369176307","ad":"Bezmialem Vakıf Üniversitesi Tıp Fakültesi Acil Tıp","il":"İstanbul","ilce":"","tur":"Üniversite","brans":"Dal hastanesi","acil":true,"yatak":null,"isletmeci":"Bezmialem Vakfı","telefon":"","web":"http://acil.bezmialemhastanesi.com/tr/Sayfalar/index.aspx","adres":"","osm":"https://www.openstreetmap.org/node/7369176307"},"geometry":{"type":"Point","coordinates":[28.93486,41.01999]}},{"type":"Feature","properties":{"_id":"n7452914848","ad":"Şişli Hamidiye Etfal Eğitim ve Araştırma Hastanesi Gümüşsuyu Binası","il":"İstanbul","ilce":"Beyoğlu","tur":"Eğitim ve araştırma","brans":"Genel","acil":null,"yatak":null,"isletmeci":"Sağlık Bakanlığı","telefon":"+90 212 251 85 00","web":"","adres":"Gümüşsuyu İnönü Cad. 61","osm":"https://www.openstreetmap.org/node/7452914848"},"geometry":{"type":"Point","coordinates":[28.99004,41.03759]}},{"type":"Feature","properties":{"_id":"n7616571017","ad":"Çınarlı Kadın Doğum Hastanesi","il":"İzmir","ilce":"","tur":"Belirsiz","brans":"Kadın doğum / çocuk","acil":null,"yatak":null,"isletmeci":"","telefon":"","web":"","adres":"Anadolu Caddesi 14","osm":"https://www.openstreetmap.org/node/7616571017"},"geometry":{"type":"Point","coordinates":[27.17275,38.44074]}},{"type":"Feature","properties":{"_id":"n7732015885","ad":"Yenifakılı Devlet Hastanesi","il":"Yozgat","ilce":"","tur":"Devlet","brans":"Genel","acil":null,"yatak":null,"isletmeci":"","telefon":"","web":"","adres":"","osm":"https://www.openstreetmap.org/node/7732015885"},"geometry":{"type":"Point","coordinates":[35.00472,39.19883]}},{"type":"Feature","properties":{"_id":"n7740545302","ad":"Medient","il":"İstanbul","ilce":"Kadıköy","tur":"Belirsiz","brans":"Genel","acil":null,"yatak":null,"isletmeci":"","telefon":"","web":"https://www.medient.com.tr/","adres":"Halk Sokağı 50","osm":"https://www.openstreetmap.org/node/7740545302"},"geometry":{"type":"Point","coordinates":[29.09275,40.98265]}},{"type":"Feature","properties":{"_id":"n7879148808","ad":"İnova Hastanesi","il":"Aksaray","ilce":"","tur":"Belirsiz","brans":"Genel","acil":null,"yatak":null,"isletmeci":"","telefon":"","web":"","adres":"","osm":"https://www.openstreetmap.org/node/7879148808"},"geometry":{"type":"Point","coordinates":[34.04065,38.35886]}},{"type":"Feature","properties":{"_id":"n7891939123","ad":"City Hospital","il":"Mersin","ilce":"","tur":"Özel","brans":"Genel","acil":null,"yatak":null,"isletmeci":"","telefon":"","web":"","adres":"","osm":"https://www.openstreetmap.org/node/7891939123"},"geometry":{"type":"Point","coordinates":[34.53615,36.75296]}},{"type":"Feature","properties":{"_id":"n7916868144","ad":"Ceyhan Çocuk Hastanesi","il":"Adana","ilce":"","tur":"Belirsiz","brans":"Kadın doğum / çocuk","acil":null,"yatak":null,"isletmeci":"","telefon":"","web":"","adres":"","osm":"https://www.openstreetmap.org/node/7916868144"},"geometry":{"type":"Point","coordinates":[35.81547,37.03887]}},{"type":"Feature","properties":{"_id":"n7928906195","ad":"Özel Antakya Akademi Hastanesi","il":"Hatay","ilce":"","tur":"Özel","brans":"Genel","acil":null,"yatak":null,"isletmeci":"","telefon":"","web":"","adres":"","osm":"https://www.openstreetmap.org/node/7928906195"},"geometry":{"type":"Point","coordinates":[36.16975,36.23584]}},{"type":"Feature","properties":{"_id":"n7931956073","ad":"Özel Can Hastanesi","il":"Hatay","ilce":"","tur":"Özel","brans":"Genel","acil":null,"yatak":null,"isletmeci":"","telefon":"+90 326 344 40 40","web":"","adres":"","osm":"https://www.openstreetmap.org/node/7931956073"},"geometry":{"type":"Point","coordinates":[36.35548,36.4798]}},{"type":"Feature","properties":{"_id":"n8094141646","ad":"Alara medical plaza","il":"Antalya","ilce":"Alanya/Antalya","tur":"Özel","brans":"Dal hastanesi","acil":null,"yatak":null,"isletmeci":"","telefon":"","web":"","adres":"Uğurlu Sokak 3","osm":"https://www.openstreetmap.org/node/8094141646"},"geometry":{"type":"Point","coordinates":[31.97817,36.55144]}},{"type":"Feature","properties":{"_id":"n8116895417","ad":"Bahceci","il":"İstanbul","ilce":"","tur":"Belirsiz","brans":"Genel","acil":null,"yatak":null,"isletmeci":"","telefon":"","web":"","adres":"","osm":"https://www.openstreetmap.org/node/8116895417"},"geometry":{"type":"Point","coordinates":[29.04189,41.02213]}},{"type":"Feature","properties":{"_id":"n8137735680","ad":"İstanbul Üniversitesi Tıp Fakültesi Hastanesi","il":"İstanbul","ilce":"Fatih","tur":"Üniversite","brans":"Genel","acil":true,"yatak":null,"isletmeci":"","telefon":"","web":"","adres":"","osm":"https://www.openstreetmap.org/node/8137735680"},"geometry":{"type":"Point","coordinates":[28.93396,41.01686]}},{"type":"Feature","properties":{"_id":"n8138461845","ad":"Özel Avusturya Sen Jorj Hastanesi","il":"İstanbul","ilce":"Beyoğlu","tur":"Özel","brans":"Genel","acil":true,"yatak":48,"isletmeci":"","telefon":"+90212 292 62 20","web":"","adres":"Felek Sokağı 12/A","osm":"https://www.openstreetmap.org/node/8138461845"},"geometry":{"type":"Point","coordinates":[28.97431,41.02429]}},{"type":"Feature","properties":{"_id":"n8147891777","ad":"Hacettepe Üniversitesi Hastaneleri","il":"Ankara","ilce":"","tur":"Üniversite","brans":"Genel","acil":null,"yatak":null,"isletmeci":"","telefon":"","web":"","adres":"","osm":"https://www.openstreetmap.org/node/8147891777"},"geometry":{"type":"Point","coordinates":[32.86241,39.93069]}},{"type":"Feature","properties":{"_id":"n8150375339","ad":"Ankara Üniversitesi Tıp Fakültesi Dekanlık ve Morfoloji Kampüsü","il":"Ankara","ilce":"","tur":"Üniversite","brans":"Genel","acil":null,"yatak":null,"isletmeci":"","telefon":"","web":"","adres":"","osm":"https://www.openstreetmap.org/node/8150375339"},"geometry":{"type":"Point","coordinates":[32.85806,39.93068]}},{"type":"Feature","properties":{"_id":"n8304936943","ad":"Vize 3 No'lu Acil Sağlık Hizmetleri İstasyonu","il":"Kırklareli","ilce":"Kıyıköy","tur":"Belirsiz","brans":"Genel","acil":null,"yatak":null,"isletmeci":"","telefon":"","web":"","adres":"","osm":"https://www.openstreetmap.org/node/8304936943"},"geometry":{"type":"Point","coordinates":[28.09086,41.63381]}},{"type":"Feature","properties":{"_id":"n8438032718","ad":"Medihaus","il":"İstanbul","ilce":"","tur":"Belirsiz","brans":"Genel","acil":null,"yatak":null,"isletmeci":"","telefon":"","web":"","adres":"Sultan Murat Caddesi 9","osm":"https://www.openstreetmap.org/node/8438032718"},"geometry":{"type":"Point","coordinates":[28.65687,41.01334]}},{"type":"Feature","properties":{"_id":"n8496848918","ad":"Marmara Göz Hastanesi","il":"Sakarya","ilce":"","tur":"Belirsiz","brans":"Dal hastanesi","acil":null,"yatak":null,"isletmeci":"","telefon":"","web":"","adres":"","osm":"https://www.openstreetmap.org/node/8496848918"},"geometry":{"type":"Point","coordinates":[30.39814,40.779]}},{"type":"Feature","properties":{"_id":"n8560158220","ad":"Maltepe 4 Nolu Aile Hekimliği","il":"İstanbul","ilce":"","tur":"Belirsiz","brans":"Genel","acil":null,"yatak":null,"isletmeci":"","telefon":"","web":"","adres":"","osm":"https://www.openstreetmap.org/node/8560158220"},"geometry":{"type":"Point","coordinates":[29.11676,40.94106]}},{"type":"Feature","properties":{"_id":"n8640269417","ad":"Denipol Hastanesi","il":"Denizli","ilce":"","tur":"Belirsiz","brans":"Genel","acil":null,"yatak":null,"isletmeci":"","telefon":"+902582636969","web":"http://denipolhastanesi.com/","adres":"29 Ekim Bulvarı 102","osm":"https://www.openstreetmap.org/node/8640269417"},"geometry":{"type":"Point","coordinates":[29.05676,37.77796]}},{"type":"Feature","properties":{"_id":"n9018784156","ad":"Bodrum Tıp","il":"Muğla","ilce":"Bodrum","tur":"Devlet","brans":"Genel","acil":false,"yatak":null,"isletmeci":"","telefon":"","web":"","adres":"Dr. Mümtaz Ataman Caddesi","osm":"https://www.openstreetmap.org/node/9018784156"},"geometry":{"type":"Point","coordinates":[27.43959,37.03325]}},{"type":"Feature","properties":{"_id":"n9054272093","ad":"Özel Asya Hastanesi","il":"İstanbul","ilce":"Gaziosmanpaşa","tur":"Özel","brans":"Genel","acil":true,"yatak":null,"isletmeci":"","telefon":"+90 850 474 1616","web":"https://asyahastanesi.com/","adres":"537. Sokak 5","osm":"https://www.openstreetmap.org/node/9054272093"},"geometry":{"type":"Point","coordinates":[28.90382,41.07387]}},{"type":"Feature","properties":{"_id":"n9060510149","ad":"Özel Bilge Hastanesi","il":"İstanbul","ilce":"Gaziosmanpaşa","tur":"Özel","brans":"Genel","acil":true,"yatak":null,"isletmeci":"","telefon":"+90 850 460 9575","web":"","adres":"56. Sokak","osm":"https://www.openstreetmap.org/node/9060510149"},"geometry":{"type":"Point","coordinates":[28.90738,41.06954]}},{"type":"Feature","properties":{"_id":"n9071316891","ad":"Avrupa Özel Şafak Hastanesi","il":"İstanbul","ilce":"Gaziosmanpaşa","tur":"Özel","brans":"Genel","acil":true,"yatak":null,"isletmeci":"","telefon":"+90 212 417 0000","web":"","adres":"Hastane Sokağı 2-4/B","osm":"https://www.openstreetmap.org/node/9071316891"},"geometry":{"type":"Point","coordinates":[28.91238,41.0597]}},{"type":"Feature","properties":{"_id":"n9177261939","ad":"Dünyagöz Acil Emergency","il":"Tekirdağ","ilce":"","tur":"Özel","brans":"Dal hastanesi","acil":null,"yatak":null,"isletmeci":"","telefon":"","web":"","adres":"","osm":"https://www.openstreetmap.org/node/9177261939"},"geometry":{"type":"Point","coordinates":[27.81829,41.15599]}},{"type":"Feature","properties":{"_id":"n9177270973","ad":"Vega Hospital","il":"Tekirdağ","ilce":"","tur":"Özel","brans":"Genel","acil":null,"yatak":null,"isletmeci":"","telefon":"+904444469","web":"","adres":"","osm":"https://www.openstreetmap.org/node/9177270973"},"geometry":{"type":"Point","coordinates":[27.81843,41.15612]}},{"type":"Feature","properties":{"_id":"n9177276617","ad":"Optimed International Çorlu Hastanesi","il":"Tekirdağ","ilce":"","tur":"Belirsiz","brans":"Genel","acil":null,"yatak":null,"isletmeci":"","telefon":"","web":"","adres":"","osm":"https://www.openstreetmap.org/node/9177276617"},"geometry":{"type":"Point","coordinates":[27.82987,41.15068]}},{"type":"Feature","properties":{"_id":"n9387859272","ad":"Özel Medline Hastanesi","il":"Adana","ilce":"Çukurova","tur":"Özel","brans":"Genel","acil":null,"yatak":null,"isletmeci":"","telefon":"+903224552550","web":"","adres":"Turgut Özal Bulvarı 234","osm":"https://www.openstreetmap.org/node/9387859272"},"geometry":{"type":"Point","coordinates":[35.25444,37.05326]}},{"type":"Feature","properties":{"_id":"n9662588906","ad":"NGY Med Dental Clinic","il":"İstanbul","ilce":"Beylikdüzü","tur":"Belirsiz","brans":"Dal hastanesi","acil":null,"yatak":null,"isletmeci":"","telefon":"+905527119111","web":"https://ngymed.com/","adres":"Yavuz Sultan Selim Bulvarı 31/3","osm":"https://www.openstreetmap.org/node/9662588906"},"geometry":{"type":"Point","coordinates":[28.62618,41.00257]}},{"type":"Feature","properties":{"_id":"n9843992223","ad":"Sapanca İlçe Hastanesi","il":"Sakarya","ilce":"","tur":"Devlet","brans":"Genel","acil":null,"yatak":null,"isletmeci":"","telefon":"","web":"","adres":"","osm":"https://www.openstreetmap.org/node/9843992223"},"geometry":{"type":"Point","coordinates":[30.2569,40.68922]}},{"type":"Feature","properties":{"_id":"n10077457875","ad":"Kadın Doğum Hastanesi","il":"Ankara","ilce":"","tur":"Devlet","brans":"Kadın doğum / çocuk","acil":null,"yatak":null,"isletmeci":"Sağlık Bakanlığı","telefon":"","web":"","adres":"","osm":"https://www.openstreetmap.org/node/10077457875"},"geometry":{"type":"Point","coordinates":[32.82942,39.96297]}},{"type":"Feature","properties":{"_id":"n10077457877","ad":"Ortopedi ve Nöroloji Hastanesi","il":"Ankara","ilce":"","tur":"Devlet","brans":"Dal hastanesi","acil":null,"yatak":null,"isletmeci":"Sağlık Bakanlığı","telefon":"","web":"","adres":"","osm":"https://www.openstreetmap.org/node/10077457877"},"geometry":{"type":"Point","coordinates":[32.83148,39.9659]}},{"type":"Feature","properties":{"_id":"n10077457878","ad":"Göğüs, Kalp ve Damar Hastalıkları Hastanesi","il":"Ankara","ilce":"","tur":"Devlet","brans":"Dal hastanesi","acil":null,"yatak":null,"isletmeci":"Sağlık Bakanlığı","telefon":"","web":"","adres":"","osm":"https://www.openstreetmap.org/node/10077457878"},"geometry":{"type":"Point","coordinates":[32.83068,39.9672]}},{"type":"Feature","properties":{"_id":"n10077457879","ad":"Genel Hastane","il":"Ankara","ilce":"","tur":"Devlet","brans":"Genel","acil":null,"yatak":null,"isletmeci":"Sağlık Bakanlığı","telefon":"","web":"","adres":"","osm":"https://www.openstreetmap.org/node/10077457879"},"geometry":{"type":"Point","coordinates":[32.83248,39.96385]}},{"type":"Feature","properties":{"_id":"n10077457880","ad":"Onkoloji Hastanesi","il":"Ankara","ilce":"","tur":"Devlet","brans":"Dal hastanesi","acil":null,"yatak":null,"isletmeci":"Sağlık Bakanlığı","telefon":"","web":"","adres":"","osm":"https://www.openstreetmap.org/node/10077457880"},"geometry":{"type":"Point","coordinates":[32.83025,39.96166]}},{"type":"Feature","properties":{"_id":"n10080058032","ad":"Çocuk Hemodiyaliz","il":"Ankara","ilce":"","tur":"Devlet","brans":"Kadın doğum / çocuk","acil":null,"yatak":null,"isletmeci":"Sağlık Bakanlığı","telefon":"","web":"","adres":"","osm":"https://www.openstreetmap.org/node/10080058032"},"geometry":{"type":"Point","coordinates":[32.82909,39.96562]}},{"type":"Feature","properties":{"_id":"n10121767897","ad":"Özel PembeMavi Hastanesi","il":"Bursa","ilce":"","tur":"Özel","brans":"Dal hastanesi","acil":true,"yatak":null,"isletmeci":"Özel PembeMavi Hastanesi","telefon":"","web":"","adres":"","osm":"https://www.openstreetmap.org/node/10121767897"},"geometry":{"type":"Point","coordinates":[28.98018,40.23273]}},{"type":"Feature","properties":{"_id":"n10147961579","ad":"Uzundere Şehit İhsan Erdoğan İlçe Entegte Devlet Hastanesi","il":"Erzurum","ilce":"","tur":"Devlet","brans":"Genel","acil":null,"yatak":null,"isletmeci":"","telefon":"","web":"","adres":"","osm":"https://www.openstreetmap.org/node/10147961579"},"geometry":{"type":"Point","coordinates":[41.54494,40.53295]}},{"type":"Feature","properties":{"_id":"n10159201121","ad":"Hemodiyaliz","il":"Ankara","ilce":"","tur":"Devlet","brans":"Genel","acil":null,"yatak":null,"isletmeci":"Sağlık Bakanlığı","telefon":"","web":"","adres":"","osm":"https://www.openstreetmap.org/node/10159201121"},"geometry":{"type":"Point","coordinates":[32.83214,39.96413]}},{"type":"Feature","properties":{"_id":"n10245508803","ad":"Çocuk Hastanesi","il":"Ankara","ilce":"","tur":"Devlet","brans":"Kadın doğum / çocuk","acil":null,"yatak":null,"isletmeci":"Sağlık Bakanlığı","telefon":"","web":"","adres":"","osm":"https://www.openstreetmap.org/node/10245508803"},"geometry":{"type":"Point","coordinates":[32.82841,39.96498]}},{"type":"Feature","properties":{"_id":"n10566930110","ad":"Fizik","il":"Aydın","ilce":"","tur":"Belirsiz","brans":"Genel","acil":null,"yatak":null,"isletmeci":"","telefon":"","web":"","adres":"","osm":"https://www.openstreetmap.org/node/10566930110"},"geometry":{"type":"Point","coordinates":[27.83735,37.84975]}},{"type":"Feature","properties":{"_id":"n10574702373","ad":"Polyclinics Entrance","il":"Kayseri","ilce":"","tur":"Belirsiz","brans":"Genel","acil":null,"yatak":null,"isletmeci":"","telefon":"","web":"","adres":"","osm":"https://www.openstreetmap.org/node/10574702373"},"geometry":{"type":"Point","coordinates":[35.52367,38.70336]}},{"type":"Feature","properties":{"_id":"n10576645889","ad":"Eras Sağlık Kabini","il":"Kayseri","ilce":"develi","tur":"Özel","brans":"Dal hastanesi","acil":null,"yatak":null,"isletmeci":"Eras Sağlık Kabini","telefon":"","web":"","adres":"Elbiz Caddesi 16","osm":"https://www.openstreetmap.org/node/10576645889"},"geometry":{"type":"Point","coordinates":[35.4893,38.39012]}},{"type":"Feature","properties":{"_id":"n10612631170","ad":"Üsküdar Üniversitesi Diş Hastanesi","il":"İstanbul","ilce":"","tur":"Üniversite","brans":"Dal hastanesi","acil":null,"yatak":null,"isletmeci":"Üsküdar Üniversitesi","telefon":"","web":"https://uskudardishastanesi.com","adres":"","osm":"https://www.openstreetmap.org/node/10612631170"},"geometry":{"type":"Point","coordinates":[29.1157,41.02761]}},{"type":"Feature","properties":{"_id":"n10708243867","ad":"Yazıhan Ilce Hastanesi","il":"Malatya","ilce":"Malatya","tur":"Belirsiz","brans":"Genel","acil":null,"yatak":null,"isletmeci":"","telefon":"+904227514105","web":"","adres":"","osm":"https://www.openstreetmap.org/node/10708243867"},"geometry":{"type":"Point","coordinates":[38.17985,38.59584]}},{"type":"Feature","properties":{"_id":"n10709335188","ad":"Cukurova Devlet Hastanesi","il":"Adana","ilce":"Adana","tur":"Devlet","brans":"Genel","acil":null,"yatak":null,"isletmeci":"","telefon":"+903222259329","web":"","adres":"","osm":"https://www.openstreetmap.org/node/10709335188"},"geometry":{"type":"Point","coordinates":[35.31874,37.01975]}},{"type":"Feature","properties":{"_id":"n10709738384","ad":"Yesilyurt Hasan Calık Devlet Hastanesi","il":"Malatya","ilce":"Malatya","tur":"Devlet","brans":"Genel","acil":null,"yatak":null,"isletmeci":"","telefon":"+904224812200","web":"","adres":"","osm":"https://www.openstreetmap.org/node/10709738384"},"geometry":{"type":"Point","coordinates":[38.24942,38.30414]}},{"type":"Feature","properties":{"_id":"n10709746641","ad":"Ozel Batıkent Hastanesi","il":"Adana","ilce":"Adana","tur":"Özel","brans":"Genel","acil":null,"yatak":null,"isletmeci":"","telefon":"+903223410011","web":"","adres":"","osm":"https://www.openstreetmap.org/node/10709746641"},"geometry":{"type":"Point","coordinates":[35.40172,37.0274]}},{"type":"Feature","properties":{"_id":"n10709779820","ad":"Baskent Universitesi Hastanesi","il":"Adana","ilce":"Adana","tur":"Üniversite","brans":"Genel","acil":null,"yatak":null,"isletmeci":"","telefon":"+903223272727","web":"","adres":"","osm":"https://www.openstreetmap.org/node/10709779820"},"geometry":{"type":"Point","coordinates":[35.36278,37.00456]}},{"type":"Feature","properties":{"_id":"n10711631055","ad":"Dunyagoz Hastanesi","il":"Gaziantep","ilce":"Gaziantep","tur":"Özel","brans":"Genel","acil":null,"yatak":null,"isletmeci":"","telefon":"+904444469","web":"","adres":"","osm":"https://www.openstreetmap.org/node/10711631055"},"geometry":{"type":"Point","coordinates":[37.36661,37.0787]}},{"type":"Feature","properties":{"_id":"n10712400127","ad":"Özel Nobel Toros Hastanesi","il":"Adana","ilce":"Adana","tur":"Özel","brans":"Genel","acil":null,"yatak":null,"isletmeci":"","telefon":"+903222310202","web":"","adres":"","osm":"https://www.openstreetmap.org/node/10712400127"},"geometry":{"type":"Point","coordinates":[35.32047,37.01619]}},{"type":"Feature","properties":{"_id":"n10715812267","ad":"Darende Devlet Hastanesi","il":"Malatya","ilce":"Malatya","tur":"Devlet","brans":"Genel","acil":null,"yatak":null,"isletmeci":"","telefon":"+904226151084","web":"","adres":"","osm":"https://www.openstreetmap.org/node/10715812267"},"geometry":{"type":"Point","coordinates":[37.4889,38.56713]}},{"type":"Feature","properties":{"_id":"n10717894632","ad":"Tam Med Ozel Hastanesi","il":"Gaziantep","ilce":"Gaziantep","tur":"Özel","brans":"Genel","acil":null,"yatak":null,"isletmeci":"","telefon":"+903422525252","web":"","adres":"","osm":"https://www.openstreetmap.org/node/10717894632"},"geometry":{"type":"Point","coordinates":[37.37731,37.05701]}},{"type":"Feature","properties":{"_id":"n10725813560","ad":"Samandag Devlet Hastanesi","il":"Hatay","ilce":"Hatay","tur":"Devlet","brans":"Genel","acil":null,"yatak":null,"isletmeci":"","telefon":"+903265123880","web":"","adres":"","osm":"https://www.openstreetmap.org/node/10725813560"},"geometry":{"type":"Point","coordinates":[35.98261,36.08702]}},{"type":"Feature","properties":{"_id":"n10728276713","ad":"Baskent Universitesi Seyhan Hastanesi","il":"Adana","ilce":"Adana","tur":"Üniversite","brans":"Genel","acil":null,"yatak":null,"isletmeci":"","telefon":"+903224586868","web":"","adres":"","osm":"https://www.openstreetmap.org/node/10728276713"},"geometry":{"type":"Point","coordinates":[35.32369,37.00795]}},{"type":"Feature","properties":{"_id":"n10732619974","ad":"System Hospital","il":"Kayseri","ilce":"","tur":"Özel","brans":"Genel","acil":null,"yatak":null,"isletmeci":"","telefon":"","web":"","adres":"","osm":"https://www.openstreetmap.org/node/10732619974"},"geometry":{"type":"Point","coordinates":[35.48122,38.72568]}},{"type":"Feature","properties":{"_id":"n10736489277","ad":"Balıklıgöl Devlet Hastanesi","il":"Şanlıurfa","ilce":"Şanlıurfa","tur":"Devlet","brans":"Genel","acil":null,"yatak":null,"isletmeci":"","telefon":"+904143512562","web":"","adres":"","osm":"https://www.openstreetmap.org/node/10736489277"},"geometry":{"type":"Point","coordinates":[38.77563,37.15549]}},{"type":"Feature","properties":{"_id":"n10736878732","ad":"Prof Dr Nusret Karasu Goğus Hastalıkları Hastanesi","il":"Adana","ilce":"Adana","tur":"Belirsiz","brans":"Genel","acil":null,"yatak":null,"isletmeci":"","telefon":"+903222259564","web":"","adres":"","osm":"https://www.openstreetmap.org/node/10736878732"},"geometry":{"type":"Point","coordinates":[35.31876,37.02157]}},{"type":"Feature","properties":{"_id":"n10736973993","ad":"Adana Numune Egitim ve Arastırma Hastanesi","il":"Adana","ilce":"Adana","tur":"Belirsiz","brans":"Genel","acil":null,"yatak":null,"isletmeci":"","telefon":"+903223550000","web":"","adres":"","osm":"https://www.openstreetmap.org/node/10736973993"},"geometry":{"type":"Point","coordinates":[35.32183,37.01962]}},{"type":"Feature","properties":{"_id":"n10737061558","ad":"Avukat Cengiz Gokcek Devlet Hastanesi","il":"Gaziantep","ilce":"Gaziantep","tur":"Devlet","brans":"Genel","acil":null,"yatak":null,"isletmeci":"","telefon":"+903422210700","web":"","adres":"","osm":"https://www.openstreetmap.org/node/10737061558"},"geometry":{"type":"Point","coordinates":[37.3155,37.05881]}},{"type":"Feature","properties":{"_id":"n10738622584","ad":"Gozde Hastanesi","il":"Malatya","ilce":"Malatya","tur":"Belirsiz","brans":"Genel","acil":null,"yatak":null,"isletmeci":"","telefon":"+904223232323","web":"","adres":"","osm":"https://www.openstreetmap.org/node/10738622584"},"geometry":{"type":"Point","coordinates":[38.30478,38.34773]}},{"type":"Feature","properties":{"_id":"n10738781594","ad":"Devlet Hastanesi","il":"Kahramanmaraş","ilce":"Kahramanmaraş","tur":"Devlet","brans":"Genel","acil":null,"yatak":null,"isletmeci":"","telefon":"+903445119522","web":"","adres":"","osm":"https://www.openstreetmap.org/node/10738781594"},"geometry":{"type":"Point","coordinates":[36.89587,38.23699]}},{"type":"Feature","properties":{"_id":"n10739124991","ad":"Dr Ekrem Tok Ruh Saglıgı Hastalıkları Hastanesi","il":"Adana","ilce":"Adana","tur":"Belirsiz","brans":"Genel","acil":null,"yatak":null,"isletmeci":"","telefon":"+903222390475","web":"","adres":"","osm":"https://www.openstreetmap.org/node/10739124991"},"geometry":{"type":"Point","coordinates":[35.26373,37.05029]}},{"type":"Feature","properties":{"_id":"n10742377782","ad":"Osmaniye Ozel Sevgi Hastanesi","il":"Osmaniye","ilce":"Osmaniye","tur":"Özel","brans":"Genel","acil":null,"yatak":null,"isletmeci":"","telefon":"+903284000001","web":"","adres":"","osm":"https://www.openstreetmap.org/node/10742377782"},"geometry":{"type":"Point","coordinates":[36.24609,37.06967]}},{"type":"Feature","properties":{"_id":"n10742386616","ad":"Kırıkhan Devlet Hastanesi","il":"Hatay","ilce":"Hatay","tur":"Devlet","brans":"Genel","acil":null,"yatak":null,"isletmeci":"","telefon":"+903263441054","web":"","adres":"","osm":"https://www.openstreetmap.org/node/10742386616"},"geometry":{"type":"Point","coordinates":[36.34741,36.49802]}},{"type":"Feature","properties":{"_id":"n10742404878","ad":"Ozel EGM Hayat Hastanesi","il":"Malatya","ilce":"Malatya","tur":"Özel","brans":"Genel","acil":null,"yatak":null,"isletmeci":"","telefon":"+904223253232","web":"","adres":"","osm":"https://www.openstreetmap.org/node/10742404878"},"geometry":{"type":"Point","coordinates":[38.32169,38.34925]}},{"type":"Feature","properties":{"_id":"n10742440865","ad":"Mavi Nokta Hastanesi","il":"Malatya","ilce":"Malatya","tur":"Belirsiz","brans":"Genel","acil":null,"yatak":null,"isletmeci":"","telefon":"+904223244440","web":"","adres":"","osm":"https://www.openstreetmap.org/node/10742440865"},"geometry":{"type":"Point","coordinates":[38.30021,38.35162]}},{"type":"Feature","properties":{"_id":"n10742453834","ad":"Yenisehir Devlet Hastanesi","il":"Kahramanmaraş","ilce":"Kahramanmaraş","tur":"Devlet","brans":"Genel","acil":null,"yatak":null,"isletmeci":"","telefon":"+903442230686","web":"","adres":"","osm":"https://www.openstreetmap.org/node/10742453834"},"geometry":{"type":"Point","coordinates":[36.93149,37.57806]}},{"type":"Feature","properties":{"_id":"n10742463786","ad":"Adıyaman Dogum ve Cocuk Bakımevi Hastanesi","il":"Adıyaman","ilce":"Adıyaman","tur":"Belirsiz","brans":"Genel","acil":null,"yatak":null,"isletmeci":"","telefon":"+904162252996","web":"","adres":"","osm":"https://www.openstreetmap.org/node/10742463786"},"geometry":{"type":"Point","coordinates":[38.29315,37.78159]}},{"type":"Feature","properties":{"_id":"n10742483031","ad":"Çukurova Üniversitesi Tıp Fakültesi Balcalı Hastanesi","il":"Adana","ilce":"Adana","tur":"Üniversite","brans":"Genel","acil":null,"yatak":null,"isletmeci":"","telefon":"+903223386060","web":"","adres":"","osm":"https://www.openstreetmap.org/node/10742483031"},"geometry":{"type":"Point","coordinates":[35.36214,37.05633]}},{"type":"Feature","properties":{"_id":"n10742483747","ad":"Kahramanmaras Devlet Hastanesi","il":"Kahramanmaraş","ilce":"Kahramanmaraş","tur":"Devlet","brans":"Genel","acil":null,"yatak":null,"isletmeci":"","telefon":"","web":"","adres":"","osm":"https://www.openstreetmap.org/node/10742483747"},"geometry":{"type":"Point","coordinates":[36.92514,37.59246]}},{"type":"Feature","properties":{"_id":"n10742581267","ad":"Ozel Nev Hastanesi","il":"Şanlıurfa","ilce":"Şanlıurfa","tur":"Özel","brans":"Genel","acil":null,"yatak":null,"isletmeci":"","telefon":"+904143159090","web":"","adres":"","osm":"https://www.openstreetmap.org/node/10742581267"},"geometry":{"type":"Point","coordinates":[38.80453,37.15512]}},{"type":"Feature","properties":{"_id":"n10742604571","ad":"Sanlıurfa Cocuk Hastalıkları Hastanesi","il":"Şanlıurfa","ilce":"Şanlıurfa","tur":"Belirsiz","brans":"Genel","acil":null,"yatak":null,"isletmeci":"","telefon":"+904143163030","web":"","adres":"","osm":"https://www.openstreetmap.org/node/10742604571"},"geometry":{"type":"Point","coordinates":[38.78638,37.15891]}},{"type":"Feature","properties":{"_id":"n10742628516","ad":"Sanlıurfa Kadın Hastalıkları ve Dogum Hastanesi","il":"Şanlıurfa","ilce":"Şanlıurfa","tur":"Belirsiz","brans":"Kadın doğum / çocuk","acil":null,"yatak":null,"isletmeci":"","telefon":"+904143513290","web":"","adres":"","osm":"https://www.openstreetmap.org/node/10742628516"},"geometry":{"type":"Point","coordinates":[38.78145,37.16477]}},{"type":"Feature","properties":{"_id":"n10743094268","ad":"Dunya Goz Hastanesi","il":"Gaziantep","ilce":"Gaziantep","tur":"Belirsiz","brans":"Genel","acil":null,"yatak":null,"isletmeci":"","telefon":"+903423225300","web":"","adres":"","osm":"https://www.openstreetmap.org/node/10743094268"},"geometry":{"type":"Point","coordinates":[37.36488,37.07336]}},{"type":"Feature","properties":{"_id":"n10743125225","ad":"Gaziantep Cocuk Hastanesi","il":"Gaziantep","ilce":"Gaziantep","tur":"Belirsiz","brans":"Genel","acil":null,"yatak":null,"isletmeci":"","telefon":"+903423600888","web":"","adres":"","osm":"https://www.openstreetmap.org/node/10743125225"},"geometry":{"type":"Point","coordinates":[37.37946,37.05825]}},{"type":"Feature","properties":{"_id":"n10743163828","ad":"Ozel Yılmazer Hastanesi","il":"Gaziantep","ilce":"Gaziantep","tur":"Özel","brans":"Genel","acil":null,"yatak":null,"isletmeci":"","telefon":"+903422210600","web":"","adres":"","osm":"https://www.openstreetmap.org/node/10743163828"},"geometry":{"type":"Point","coordinates":[37.37889,37.06007]}},{"type":"Feature","properties":{"_id":"n10743172308","ad":"Ozel BSK Metropark Hastanesi","il":"Adana","ilce":"Adana","tur":"Özel","brans":"Genel","acil":null,"yatak":null,"isletmeci":"","telefon":"+903224552550","web":"","adres":"","osm":"https://www.openstreetmap.org/node/10743172308"},"geometry":{"type":"Point","coordinates":[35.26403,37.05017]}},{"type":"Feature","properties":{"_id":"n10743600916","ad":"Adıyaman 82 Yıl Devlet Hastanesi","il":"Adıyaman","ilce":"Adıyaman","tur":"Devlet","brans":"Genel","acil":null,"yatak":null,"isletmeci":"","telefon":"+904448202","web":"","adres":"","osm":"https://www.openstreetmap.org/node/10743600916"},"geometry":{"type":"Point","coordinates":[38.24897,37.75505]}},{"type":"Feature","properties":{"_id":"n10743704502","ad":"Adana Askeri Hastanesi","il":"Adana","ilce":"Adana","tur":"Askerî","brans":"Genel","acil":null,"yatak":null,"isletmeci":"","telefon":"+903222272338","web":"","adres":"","osm":"https://www.openstreetmap.org/node/10743704502"},"geometry":{"type":"Point","coordinates":[35.3225,37.01624]}},{"type":"Feature","properties":{"_id":"n10847002905","ad":"Medigün","il":"İzmir","ilce":"","tur":"Belirsiz","brans":"Genel","acil":null,"yatak":null,"isletmeci":"","telefon":"08502601222","web":"","adres":"23. Sokak","osm":"https://www.openstreetmap.org/node/10847002905"},"geometry":{"type":"Point","coordinates":[27.17518,39.11825]}},{"type":"Feature","properties":{"_id":"n11016683005","ad":"Yeniçağa Devlet Hastanesi","il":"Bolu","ilce":"","tur":"Devlet","brans":"Genel","acil":null,"yatak":null,"isletmeci":"","telefon":"+90 374 341 35 11","web":"http://www.yenicaga.gov.tr","adres":"Sultan Reşat Caddesi 88","osm":"https://www.openstreetmap.org/node/11016683005"},"geometry":{"type":"Point","coordinates":[32.0324,40.77061]}},{"type":"Feature","properties":{"_id":"n11032840186","ad":"Karşıyaka Göz Hastanesi","il":"İzmir","ilce":"","tur":"Belirsiz","brans":"Dal hastanesi","acil":null,"yatak":null,"isletmeci":"","telefon":"","web":"","adres":"","osm":"https://www.openstreetmap.org/node/11032840186"},"geometry":{"type":"Point","coordinates":[27.08463,38.47233]}},{"type":"Feature","properties":{"_id":"n11143750760","ad":"Cure Plus Medical Clinic","il":"Antalya","ilce":"Alanya","tur":"Özel","brans":"Dal hastanesi","acil":true,"yatak":null,"isletmeci":"Dr. Jale Dağlı, MD","telefon":"+902425042628","web":"https://www.cureplus.clinic/","adres":"Atatürk Bulvarı 9","osm":"https://www.openstreetmap.org/node/11143750760"},"geometry":{"type":"Point","coordinates":[31.68167,36.65339]}},{"type":"Feature","properties":{"_id":"n11150023769","ad":"Acıbadem","il":"İstanbul","ilce":"","tur":"Özel","brans":"Genel","acil":null,"yatak":null,"isletmeci":"Acıbadem","telefon":"","web":"","adres":"","osm":"https://www.openstreetmap.org/node/11150023769"},"geometry":{"type":"Point","coordinates":[28.88602,41.17975]}},{"type":"Feature","properties":{"_id":"n11329048969","ad":"Gebze Fatih Devlet Hastahanesi","il":"Kocaeli","ilce":"","tur":"Devlet","brans":"Dal hastanesi","acil":null,"yatak":null,"isletmeci":"Gebze Fatih Devlet Hastahanesi","telefon":"","web":"","adres":"","osm":"https://www.openstreetmap.org/node/11329048969"},"geometry":{"type":"Point","coordinates":[29.42033,40.79032]}},{"type":"Feature","properties":{"_id":"n11429261999","ad":"Özel Etiler Hastanesi","il":"İstanbul","ilce":"Beşiktaş","tur":"Özel","brans":"Genel","acil":null,"yatak":null,"isletmeci":"","telefon":"","web":"https://www.etilerhastanesi.com.tr/","adres":"","osm":"https://www.openstreetmap.org/node/11429261999"},"geometry":{"type":"Point","coordinates":[29.01838,41.07261]}},{"type":"Feature","properties":{"_id":"n11524302262","ad":"Özel Akhisar Doğuş Hastanesi","il":"Manisa","ilce":"Akhisar","tur":"Özel","brans":"Genel","acil":true,"yatak":null,"isletmeci":"Doğuş","telefon":"","web":"","adres":"","osm":"https://www.openstreetmap.org/node/11524302262"},"geometry":{"type":"Point","coordinates":[27.82644,38.91261]}},{"type":"Feature","properties":{"_id":"n11524302263","ad":"Akhisar Mustafa Kirazoğlu Devlet Hastanesi","il":"Manisa","ilce":"Akhisar","tur":"Devlet","brans":"Genel","acil":true,"yatak":null,"isletmeci":"Sağlık Bakanlığı","telefon":"+90 236 413 9191","web":"","adres":"","osm":"https://www.openstreetmap.org/node/11524302263"},"geometry":{"type":"Point","coordinates":[27.83055,38.91399]}},{"type":"Feature","properties":{"_id":"n11524302264","ad":"Akhisar Mustafa Kirazoğlu Devlet Hastahanesi Eski Bina","il":"Manisa","ilce":"","tur":"Devlet","brans":"Genel","acil":null,"yatak":null,"isletmeci":"","telefon":"","web":"","adres":"","osm":"https://www.openstreetmap.org/node/11524302264"},"geometry":{"type":"Point","coordinates":[27.80848,38.9184]}},{"type":"Feature","properties":{"_id":"n11780348640","ad":"Patológia","il":"İstanbul","ilce":"","tur":"Belirsiz","brans":"Genel","acil":null,"yatak":null,"isletmeci":"","telefon":"","web":"","adres":"","osm":"https://www.openstreetmap.org/node/11780348640"},"geometry":{"type":"Point","coordinates":[28.93833,41.00367]}},{"type":"Feature","properties":{"_id":"n11897551847","ad":"Aktif International Hospital","il":"İstanbul","ilce":"","tur":"Özel","brans":"Genel","acil":null,"yatak":null,"isletmeci":"","telefon":"","web":"","adres":"","osm":"https://www.openstreetmap.org/node/11897551847"},"geometry":{"type":"Point","coordinates":[29.01742,41.02302]}},{"type":"Feature","properties":{"_id":"n11936579115","ad":"Tekirdağ Doktor İsmail Fehmi Cumalıoğlu Şehir Hastanesi Acil","il":"Tekirdağ","ilce":"Süleymanpaşa","tur":"Şehir hastanesi","brans":"Dal hastanesi","acil":true,"yatak":null,"isletmeci":"Sağlık Bakanlığı","telefon":"","web":"","adres":"","osm":"https://www.openstreetmap.org/node/11936579115"},"geometry":{"type":"Point","coordinates":[27.52452,41.00839]}},{"type":"Feature","properties":{"_id":"n12019690869","ad":"Ankara Bilkent Şehir Hastanesi Radyasyon Onkolojisi","il":"Ankara","ilce":"","tur":"Şehir hastanesi","brans":"Dal hastanesi","acil":null,"yatak":null,"isletmeci":"","telefon":"","web":"","adres":"","osm":"https://www.openstreetmap.org/node/12019690869"},"geometry":{"type":"Point","coordinates":[32.75759,39.89843]}},{"type":"Feature","properties":{"_id":"n12067916822","ad":"Erdoğan Şahinoğlu A. S. M","il":"Ankara","ilce":"Çiğdem Mahallesi","tur":"Devlet","brans":"Genel","acil":null,"yatak":null,"isletmeci":"Sağlık Bakanlığı","telefon":"","web":"","adres":"1572. Sokak","osm":"https://www.openstreetmap.org/node/12067916822"},"geometry":{"type":"Point","coordinates":[32.80026,39.87993]}},{"type":"Feature","properties":{"_id":"n12075499651","ad":"Dent Halikarnas","il":"Muğla","ilce":"Bodrum","tur":"Devlet","brans":"Dal hastanesi","acil":false,"yatak":null,"isletmeci":"Dent Halikarnas","telefon":"","web":"","adres":"Atatürk Bulvarı No:203 C/1","osm":"https://www.openstreetmap.org/node/12075499651"},"geometry":{"type":"Point","coordinates":[27.3818,37.05207]}},{"type":"Feature","properties":{"_id":"n12086863731","ad":"Medicana Zincirlikuyu Hastanesi","il":"İstanbul","ilce":"Şişli","tur":"Özel","brans":"Genel","acil":true,"yatak":null,"isletmeci":"Medicana Sağlık Grubu","telefon":"","web":"","adres":"Büyükdere Caddesi No: 165","osm":"https://www.openstreetmap.org/node/12086863731"},"geometry":{"type":"Point","coordinates":[29.01518,41.07145]}},{"type":"Feature","properties":{"_id":"n12091745160","ad":"SEAH Çocuk Acil","il":"Sakarya","ilce":"","tur":"Üniversite","brans":"Kadın doğum / çocuk","acil":true,"yatak":null,"isletmeci":"Sakarya Üniversitesi Eğitim ve Araştırma Hastanesi","telefon":"","web":"","adres":"","osm":"https://www.openstreetmap.org/node/12091745160"},"geometry":{"type":"Point","coordinates":[30.38779,40.75733]}},{"type":"Feature","properties":{"_id":"n12091745161","ad":"SEAH Doğum Acil","il":"Sakarya","ilce":"","tur":"Belirsiz","brans":"Dal hastanesi","acil":true,"yatak":null,"isletmeci":"","telefon":"","web":"","adres":"","osm":"https://www.openstreetmap.org/node/12091745161"},"geometry":{"type":"Point","coordinates":[30.388,40.75758]}},{"type":"Feature","properties":{"_id":"n12120223302","ad":"Çoçuk Acil","il":"Mersin","ilce":"","tur":"Belirsiz","brans":"Genel","acil":null,"yatak":null,"isletmeci":"","telefon":"","web":"","adres":"","osm":"https://www.openstreetmap.org/node/12120223302"},"geometry":{"type":"Point","coordinates":[34.60953,36.85589]}},{"type":"Feature","properties":{"_id":"n12145178386","ad":"Bozüyük Devlet Hastanesi","il":"Bilecik","ilce":"","tur":"Devlet","brans":"Genel","acil":null,"yatak":null,"isletmeci":"","telefon":"","web":"","adres":"","osm":"https://www.openstreetmap.org/node/12145178386"},"geometry":{"type":"Point","coordinates":[30.05579,39.89517]}},{"type":"Feature","properties":{"_id":"n12145193531","ad":"Erdem Hastanesi","il":"İstanbul","ilce":"","tur":"Belirsiz","brans":"Genel","acil":null,"yatak":null,"isletmeci":"","telefon":"","web":"","adres":"","osm":"https://www.openstreetmap.org/node/12145193531"},"geometry":{"type":"Point","coordinates":[29.11988,41.02157]}},{"type":"Feature","properties":{"_id":"n12176953104","ad":"Eye Surgery Antalya","il":"Antalya","ilce":"","tur":"Belirsiz","brans":"Genel","acil":null,"yatak":null,"isletmeci":"","telefon":"","web":"","adres":"","osm":"https://www.openstreetmap.org/node/12176953104"},"geometry":{"type":"Point","coordinates":[30.79896,36.86006]}},{"type":"Feature","properties":{"_id":"n12224299301","ad":"Beyhekim Hastanesi","il":"Sakarya","ilce":"","tur":"Belirsiz","brans":"Genel","acil":null,"yatak":null,"isletmeci":"","telefon":"","web":"","adres":"Beyhekim SK. 10","osm":"https://www.openstreetmap.org/node/12224299301"},"geometry":{"type":"Point","coordinates":[30.41351,40.76679]}},{"type":"Feature","properties":{"_id":"n12230718101","ad":"Merkez Hastanesi","il":"Kocaeli","ilce":"","tur":"Belirsiz","brans":"Genel","acil":null,"yatak":null,"isletmeci":"","telefon":"","web":"http://www.merkezhastanesi.com.tr","adres":"Yeni Bağdat Caddesi 583","osm":"https://www.openstreetmap.org/node/12230718101"},"geometry":{"type":"Point","coordinates":[29.43173,40.80102]}},{"type":"Feature","properties":{"_id":"n12294183117","ad":"Ahi Ortak Sağlık Güvenlik Birimi (OSGB)","il":"Kırşehir","ilce":"","tur":"Belirsiz","brans":"Genel","acil":null,"yatak":null,"isletmeci":"","telefon":"","web":"","adres":"","osm":"https://www.openstreetmap.org/node/12294183117"},"geometry":{"type":"Point","coordinates":[34.16144,39.15453]}},{"type":"Feature","properties":{"_id":"n12302834202","ad":"Çekmeköy Devlet Hastanesi","il":"İstanbul","ilce":"","tur":"Devlet","brans":"Genel","acil":null,"yatak":null,"isletmeci":"Sağlık Bakanlığı","telefon":"","web":"","adres":"","osm":"https://www.openstreetmap.org/node/12302834202"},"geometry":{"type":"Point","coordinates":[29.23523,41.03734]}},{"type":"Feature","properties":{"_id":"n12308352301","ad":"Özel Oksijen Sağlık Kabini","il":"İzmir","ilce":"","tur":"Özel","brans":"Genel","acil":null,"yatak":null,"isletmeci":"","telefon":"+905055983535","web":"https://www.oksijensaglik.com/","adres":"No 4/C","osm":"https://www.openstreetmap.org/node/12308352301"},"geometry":{"type":"Point","coordinates":[27.21992,38.46793]}},{"type":"Feature","properties":{"_id":"n12310625841","ad":"Yeni AKTIP","il":"Bartın","ilce":"","tur":"Özel","brans":"Genel","acil":true,"yatak":null,"isletmeci":"Özel Hastane","telefon":"","web":"","adres":"","osm":"https://www.openstreetmap.org/node/12310625841"},"geometry":{"type":"Point","coordinates":[32.34138,41.62194]}},{"type":"Feature","properties":{"_id":"n12344367681","ad":"Vize Devlet Hastanesi","il":"Kırklareli","ilce":"Vize","tur":"Devlet","brans":"Genel","acil":true,"yatak":null,"isletmeci":"Sağlık Bakanlığı","telefon":"","web":"","adres":"Sağlık Sokak","osm":"https://www.openstreetmap.org/node/12344367681"},"geometry":{"type":"Point","coordinates":[27.75377,41.58419]}},{"type":"Feature","properties":{"_id":"n12372531566","ad":"Konya Numune Hastanesi Acil","il":"Konya","ilce":"","tur":"Devlet","brans":"Genel","acil":true,"yatak":null,"isletmeci":"Sağlık Bakanlığı","telefon":"","web":"","adres":"Ulaşbaba Caddesi","osm":"https://www.openstreetmap.org/node/12372531566"},"geometry":{"type":"Point","coordinates":[32.49107,37.88042]}},{"type":"Feature","properties":{"_id":"n12384810001","ad":"(Kütahya Şehir Hastanesi) Yoncalı Fizik Tedavi ve Rehabilitasyon Hastanesi","il":"Kütahya","ilce":"","tur":"Şehir hastanesi","brans":"Dal hastanesi","acil":null,"yatak":null,"isletmeci":"","telefon":"","web":"","adres":"","osm":"https://www.openstreetmap.org/node/12384810001"},"geometry":{"type":"Point","coordinates":[29.82946,39.50131]}},{"type":"Feature","properties":{"_id":"n12384810101","ad":"Kütahya Şehir Hastanesi Yoncalı Yerleşkesi","il":"Kütahya","ilce":"","tur":"Şehir hastanesi","brans":"Genel","acil":null,"yatak":null,"isletmeci":"","telefon":"","web":"","adres":"","osm":"https://www.openstreetmap.org/node/12384810101"},"geometry":{"type":"Point","coordinates":[29.8295,39.50104]}},{"type":"Feature","properties":{"_id":"n12400016001","ad":"Demirköy İlçe Devlet Hastanesi","il":"Kırklareli","ilce":"Demirköy","tur":"Devlet","brans":"Genel","acil":null,"yatak":null,"isletmeci":"Sağlık Bakanlığı","telefon":"","web":"","adres":"","osm":"https://www.openstreetmap.org/node/12400016001"},"geometry":{"type":"Point","coordinates":[27.77111,41.8251]}},{"type":"Feature","properties":{"_id":"n12431461409","ad":"Sivas ÇAGEM","il":"Sivas","ilce":"Merkez","tur":"Devlet","brans":"Genel","acil":null,"yatak":null,"isletmeci":"Sağlık Bakanlığı","telefon":"+90 346 215 08 33;+90 346 215 08 44","web":"https://sivasnumunedh.saglik.gov.tr/","adres":"","osm":"https://www.openstreetmap.org/node/12431461409"},"geometry":{"type":"Point","coordinates":[37.03736,39.73927]}},{"type":"Feature","properties":{"_id":"n12438520612","ad":"Prof. Df. Dr. Timuçin Baykul Engelsiz Ağız ve Diş Sağlığı Hastanesi","il":"Isparta","ilce":"","tur":"Ağız ve diş","brans":"Dal hastanesi","acil":null,"yatak":null,"isletmeci":"","telefon":"","web":"","adres":"","osm":"https://www.openstreetmap.org/node/12438520612"},"geometry":{"type":"Point","coordinates":[30.53832,37.82876]}},{"type":"Feature","properties":{"_id":"n12478685701","ad":"Özel Level Hospital","il":"Zonguldak","ilce":"","tur":"Özel","brans":"Genel","acil":null,"yatak":null,"isletmeci":"","telefon":"+90 4444467; +90 372 280 15 39","web":"https://www.levelhospital.com/","adres":"Mimar Yılmaz Yaşkan Cd.","osm":"https://www.openstreetmap.org/node/12478685701"},"geometry":{"type":"Point","coordinates":[31.78169,41.44949]}},{"type":"Feature","properties":{"_id":"n12491837201","ad":"Menderes Devlet Hastanesi","il":"İzmir","ilce":"","tur":"Devlet","brans":"Genel","acil":null,"yatak":null,"isletmeci":"","telefon":"","web":"https://menderesdh.saglik.gov.tr/","adres":"Menderes-Gümüldür Yolu 147","osm":"https://www.openstreetmap.org/node/12491837201"},"geometry":{"type":"Point","coordinates":[27.13586,38.23841]}},{"type":"Feature","properties":{"_id":"n12531488301","ad":"Özel Okmeydanı hastanesi","il":"İstanbul","ilce":"","tur":"Özel","brans":"Genel","acil":null,"yatak":null,"isletmeci":"","telefon":"","web":"","adres":"","osm":"https://www.openstreetmap.org/node/12531488301"},"geometry":{"type":"Point","coordinates":[28.95997,41.05251]}},{"type":"Feature","properties":{"_id":"n12541851708","ad":"Diş Hekimi Anıl Aslan","il":"Bursa","ilce":"Nilüfer","tur":"Ağız ve diş","brans":"Dal hastanesi","acil":null,"yatak":null,"isletmeci":"Diş Hekimi Anıl Aslan","telefon":"","web":"","adres":"Yıldırım Caddesi No:18","osm":"https://www.openstreetmap.org/node/12541851708"},"geometry":{"type":"Point","coordinates":[28.99062,40.20751]}},{"type":"Feature","properties":{"_id":"n12550940601","ad":"Uzman Diş Hastanesi","il":"Kayseri","ilce":"","tur":"Ağız ve diş","brans":"Dal hastanesi","acil":null,"yatak":null,"isletmeci":"","telefon":"+90 4443894","web":"https://www.uzmandent.com.tr/","adres":"Özer Sokak","osm":"https://www.openstreetmap.org/node/12550940601"},"geometry":{"type":"Point","coordinates":[35.49014,38.71319]}},{"type":"Feature","properties":{"_id":"n12558641888","ad":"ENT Clinic-Dr. Selcuk Guney","il":"İstanbul","ilce":"Şişli","tur":"Özel","brans":"Dal hastanesi","acil":null,"yatak":null,"isletmeci":"ENT Interactive Clinic","telefon":"","web":"","adres":"Abide-i Hürriyet Caddesi No:12/4","osm":"https://www.openstreetmap.org/node/12558641888"},"geometry":{"type":"Point","coordinates":[28.98526,41.05507]}},{"type":"Feature","properties":{"_id":"n12606884733","ad":"İzmir Bergama 1 Nolu Acil Yardım İstasyonu","il":"İzmir","ilce":"","tur":"Devlet","brans":"Genel","acil":null,"yatak":null,"isletmeci":"Sağlık Bakanlığı","telefon":"","web":"","adres":"","osm":"https://www.openstreetmap.org/node/12606884733"},"geometry":{"type":"Point","coordinates":[27.17467,39.11692]}},{"type":"Feature","properties":{"_id":"n12680910001","ad":"Özel Divan Hastanesi","il":"Malatya","ilce":"","tur":"Özel","brans":"Genel","acil":null,"yatak":null,"isletmeci":"","telefon":"","web":"","adres":"","osm":"https://www.openstreetmap.org/node/12680910001"},"geometry":{"type":"Point","coordinates":[38.30058,38.35143]}},{"type":"Feature","properties":{"_id":"n12698794984","ad":"Tıp Fakültesi","il":"Kahramanmaraş","ilce":"","tur":"Üniversite","brans":"Genel","acil":null,"yatak":null,"isletmeci":"Sütçü İmam Üniversitesi","telefon":"","web":"","adres":"","osm":"https://www.openstreetmap.org/node/12698794984"},"geometry":{"type":"Point","coordinates":[36.82593,37.58738]}},{"type":"Feature","properties":{"_id":"n12737572201","ad":"Anadolu Hastanesi","il":"Elazığ","ilce":"","tur":"Belirsiz","brans":"Genel","acil":null,"yatak":null,"isletmeci":"","telefon":"","web":"","adres":"","osm":"https://www.openstreetmap.org/node/12737572201"},"geometry":{"type":"Point","coordinates":[39.15721,38.65664]}},{"type":"Feature","properties":{"_id":"n12805826003","ad":"İpsala Devlet Hastanesi","il":"Edirne","ilce":"İpsala","tur":"Devlet","brans":"Genel","acil":null,"yatak":null,"isletmeci":"Sağlık Bakanlığı","telefon":"","web":"","adres":"Enez Caddesi","osm":"https://www.openstreetmap.org/node/12805826003"},"geometry":{"type":"Point","coordinates":[26.38016,40.91757]}},{"type":"Feature","properties":{"_id":"n12863976019","ad":"Çıldır ilçe devlet hastanesi","il":"Ardahan","ilce":"","tur":"Devlet","brans":"Genel","acil":true,"yatak":null,"isletmeci":"","telefon":"","web":"","adres":"","osm":"https://www.openstreetmap.org/node/12863976019"},"geometry":{"type":"Point","coordinates":[43.13825,41.12262]}},{"type":"Feature","properties":{"_id":"n13006734563","ad":"İstinye Üniversite Hastanesi","il":"İstanbul","ilce":"","tur":"Üniversite","brans":"Genel","acil":null,"yatak":null,"isletmeci":"","telefon":"","web":"","adres":"","osm":"https://www.openstreetmap.org/node/13006734563"},"geometry":{"type":"Point","coordinates":[28.67198,41.05623]}},{"type":"Feature","properties":{"_id":"n13202927472","ad":"Ahmet Hamdi Akpınar İlçe Devlet Hastanesi","il":"Çorum","ilce":"Kargı","tur":"Devlet","brans":"Genel","acil":null,"yatak":null,"isletmeci":"","telefon":"","web":"","adres":"Pazar Meydanı 6","osm":"https://www.openstreetmap.org/node/13202927472"},"geometry":{"type":"Point","coordinates":[34.48522,41.13341]}},{"type":"Feature","properties":{"_id":"n13275999994","ad":"Adana Karşıyaka Devlet Hastanesi","il":"Adana","ilce":"Yüreğir","tur":"Devlet","brans":"Genel","acil":null,"yatak":null,"isletmeci":"","telefon":"+90 322 503 55 66","web":"https://adanakarsiyakadh.saglik.gov.tr/","adres":"Adana-Karataş yolu 6","osm":"https://www.openstreetmap.org/node/13275999994"},"geometry":{"type":"Point","coordinates":[35.33765,36.98336]}},{"type":"Feature","properties":{"_id":"n13296452701","ad":"Esenyurt Necmi Kadıoğlu 1. Hastane","il":"İstanbul","ilce":"","tur":"Belirsiz","brans":"Genel","acil":null,"yatak":null,"isletmeci":"","telefon":"","web":"","adres":"","osm":"https://www.openstreetmap.org/node/13296452701"},"geometry":{"type":"Point","coordinates":[28.66837,41.0287]}},{"type":"Feature","properties":{"_id":"n13304343084","ad":"Asst. Prof. Dr. Bilgehan Potoğlu - Neurosurgery","il":"Tekirdağ","ilce":"Süleymanpaşa","tur":"Belirsiz","brans":"Dal hastanesi","acil":false,"yatak":null,"isletmeci":"","telefon":"","web":"https://drbilgehan.com/","adres":"Akgün Sokak No:3-5","osm":"https://www.openstreetmap.org/node/13304343084"},"geometry":{"type":"Point","coordinates":[27.56982,40.98416]}},{"type":"Feature","properties":{"_id":"n13341908101","ad":"Adan Karşıyaka Devlet Hastanesi","il":"Adana","ilce":"","tur":"Devlet","brans":"Genel","acil":null,"yatak":null,"isletmeci":"","telefon":"","web":"","adres":"","osm":"https://www.openstreetmap.org/node/13341908101"},"geometry":{"type":"Point","coordinates":[35.33769,36.98357]}},{"type":"Feature","properties":{"_id":"n13423662401","ad":"Özel Medivia Hastanesi","il":"İstanbul","ilce":"","tur":"Özel","brans":"Genel","acil":null,"yatak":null,"isletmeci":"","telefon":"","web":"","adres":"","osm":"https://www.openstreetmap.org/node/13423662401"},"geometry":{"type":"Point","coordinates":[29.07614,41.05235]}},{"type":"Feature","properties":{"_id":"n13426664301","ad":"Trakya Üniversitesi Tıp Fakültesi Hastanesi","il":"Edirne","ilce":"","tur":"Üniversite","brans":"Genel","acil":null,"yatak":null,"isletmeci":"","telefon":"02842357641","web":"http://tuh.trakya.edu.tr","adres":"Atatürk Blv 112","osm":"https://www.openstreetmap.org/node/13426664301"},"geometry":{"type":"Point","coordinates":[26.61494,41.63885]}},{"type":"Feature","properties":{"_id":"n13428216401","ad":"Tekirdağ Namık Kemal Üniversitesi Tıp Fakültesi Hastanesi","il":"Tekirdağ","ilce":"","tur":"Üniversite","brans":"Genel","acil":null,"yatak":null,"isletmeci":"","telefon":"02822505050","web":"https://hastane.nku.edu.tr/","adres":"Kampüs Caddesi 1/14","osm":"https://www.openstreetmap.org/node/13428216401"},"geometry":{"type":"Point","coordinates":[27.58687,40.99776]}},{"type":"Feature","properties":{"_id":"n13514156336","ad":"Trakyum Optik","il":"Tekirdağ","ilce":"","tur":"Belirsiz","brans":"Genel","acil":null,"yatak":null,"isletmeci":"","telefon":"","web":"","adres":"","osm":"https://www.openstreetmap.org/node/13514156336"},"geometry":{"type":"Point","coordinates":[27.81151,41.15683]}},{"type":"Feature","properties":{"_id":"n13701312867","ad":"Sultanhanı Devlet Hastanesi","il":"Aksaray","ilce":"","tur":"Devlet","brans":"Genel","acil":null,"yatak":null,"isletmeci":"Sağlık Bakanlığı","telefon":"","web":"","adres":"","osm":"https://www.openstreetmap.org/node/13701312867"},"geometry":{"type":"Point","coordinates":[33.54299,38.24548]}},{"type":"Feature","properties":{"_id":"n13714686643","ad":"Dinar Devlet Hastanesi","il":"Afyonkarahisar","ilce":"","tur":"Devlet","brans":"Genel","acil":null,"yatak":null,"isletmeci":"","telefon":"","web":"","adres":"","osm":"https://www.openstreetmap.org/node/13714686643"},"geometry":{"type":"Point","coordinates":[30.14765,38.05689]}},{"type":"Feature","properties":{"_id":"w25554942","ad":"Şişli Hamidiye Etfal Eğitim ve Araştırma Hastanesi","il":"İstanbul","ilce":"","tur":"Eğitim ve araştırma","brans":"Genel","acil":null,"yatak":null,"isletmeci":"Sağlık Bakanlığı","telefon":"","web":"https://sislietfaleah.saglik.gov.tr/","adres":"","osm":"https://www.openstreetmap.org/way/25554942"},"geometry":{"type":"Point","coordinates":[28.99006,41.0376]}},{"type":"Feature","properties":{"_id":"w26446090","ad":"Çekirge Devlet Hastanesi","il":"Bursa","ilce":"","tur":"Devlet","brans":"Genel","acil":null,"yatak":null,"isletmeci":"","telefon":"","web":"","adres":"","osm":"https://www.openstreetmap.org/way/26446090"},"geometry":{"type":"Point","coordinates":[29.01399,40.20229]}},{"type":"Feature","properties":{"_id":"w37190471","ad":"Ege Üniversitesi Hastanesi","il":"İzmir","ilce":"","tur":"Üniversite","brans":"Genel","acil":true,"yatak":null,"isletmeci":"","telefon":"","web":"http://hastane.ege.edu.tr/","adres":"","osm":"https://www.openstreetmap.org/way/37190471"},"geometry":{"type":"Point","coordinates":[27.21108,38.45547]}},{"type":"Feature","properties":{"_id":"w37372193","ad":"Dr. Suat Seren Göğüs Hastalıkları Hastanesi","il":"İzmir","ilce":"","tur":"Devlet","brans":"Dal hastanesi","acil":null,"yatak":null,"isletmeci":"","telefon":"","web":"","adres":"","osm":"https://www.openstreetmap.org/way/37372193"},"geometry":{"type":"Point","coordinates":[27.16426,38.42471]}},{"type":"Feature","properties":{"_id":"w37372194","ad":"Eşrefpaşa Hastanesi","il":"İzmir","ilce":"","tur":"Belirsiz","brans":"Genel","acil":true,"yatak":null,"isletmeci":"İzmir Büyükşehir Belediyesi","telefon":"+90 232 293 80 00","web":"https://esrefpasahastanesi.izmir.bel.tr/","adres":"315","osm":"https://www.openstreetmap.org/way/37372194"},"geometry":{"type":"Point","coordinates":[27.16039,38.42428]}},{"type":"Feature","properties":{"_id":"w37930091","ad":"Central Hospital","il":"İzmir","ilce":"","tur":"Özel","brans":"Genel","acil":true,"yatak":null,"isletmeci":"","telefon":"","web":"","adres":"","osm":"https://www.openstreetmap.org/way/37930091"},"geometry":{"type":"Point","coordinates":[27.16698,38.46088]}},{"type":"Feature","properties":{"_id":"w56697022","ad":"Ankara Üniversitesi Tıp Fakültesi Cebeci Hastanesi","il":"Ankara","ilce":"Mamak","tur":"Üniversite","brans":"Genel","acil":true,"yatak":null,"isletmeci":"Ankara Üniversitesi","telefon":"","web":"http://ankaratiphastaneleri.medicine.ankara.edu.tr","adres":"Tıp Fakültesi Caddesi No:1/4","osm":"https://www.openstreetmap.org/way/56697022"},"geometry":{"type":"Point","coordinates":[32.88369,39.93333]}},{"type":"Feature","properties":{"_id":"w63662628","ad":"Kemer Özel Yasam Hastanesi","il":"Antalya","ilce":"Kemer/Antalya","tur":"Özel","brans":"Genel","acil":true,"yatak":null,"isletmeci":"","telefon":"","web":"","adres":"","osm":"https://www.openstreetmap.org/way/63662628"},"geometry":{"type":"Point","coordinates":[30.55795,36.59901]}},{"type":"Feature","properties":{"_id":"w67522907","ad":"Lokman Ekim Akay Hastanesi","il":"Ankara","ilce":"Çankaya","tur":"Belirsiz","brans":"Genel","acil":null,"yatak":null,"isletmeci":"Lokman Hekim Sağlık Grubu","telefon":"","web":"","adres":"Büklüm Caddesi 4","osm":"https://www.openstreetmap.org/way/67522907"},"geometry":{"type":"Point","coordinates":[32.85775,39.91257]}},{"type":"Feature","properties":{"_id":"w71907648","ad":"Çapa Tıp Fakültesi Hastanesi","il":"İstanbul","ilce":"","tur":"Üniversite","brans":"Genel","acil":true,"yatak":null,"isletmeci":"T.C. İstanbul Üniversitesi","telefon":"","web":"https://istanbultip.istanbul.edu.tr/","adres":"","osm":"https://www.openstreetmap.org/way/71907648"},"geometry":{"type":"Point","coordinates":[28.93395,41.01696]}},{"type":"Feature","properties":{"_id":"w74982866","ad":"Özel Çapa Hastanesi","il":"İstanbul","ilce":"Fatih","tur":"Özel","brans":"Genel","acil":true,"yatak":null,"isletmeci":"","telefon":"","web":"","adres":"Necip Asım Sokağı","osm":"https://www.openstreetmap.org/way/74982866"},"geometry":{"type":"Point","coordinates":[28.93418,41.01332]}},{"type":"Feature","properties":{"_id":"w76465628","ad":"İstanbul Bezmialem Vakıf Üniversitesi Valide Sultan Gureba Hastanesi","il":"İstanbul","ilce":"","tur":"Üniversite","brans":"Genel","acil":true,"yatak":null,"isletmeci":"İstanbul Bezm-i alem Vakfı","telefon":"","web":"","adres":"","osm":"https://www.openstreetmap.org/way/76465628"},"geometry":{"type":"Point","coordinates":[28.93598,41.01856]}},{"type":"Feature","properties":{"_id":"w89279727","ad":"Medilife Çapa Hastanesi","il":"İstanbul","ilce":"Fatih","tur":"Özel","brans":"Genel","acil":true,"yatak":null,"isletmeci":"Medilife","telefon":"","web":"","adres":"Necip Asım Sokak","osm":"https://www.openstreetmap.org/way/89279727"},"geometry":{"type":"Point","coordinates":[28.93346,41.01483]}},{"type":"Feature","properties":{"_id":"w93377032","ad":"Özel Batman Hastanesi","il":"Batman","ilce":"Merkez","tur":"Özel","brans":"Genel","acil":true,"yatak":null,"isletmeci":"","telefon":"+90 488 214 70 66","web":"https://www.batmanhastanesi.com/","adres":"Turgut Özal Bulvarı 71","osm":"https://www.openstreetmap.org/way/93377032"},"geometry":{"type":"Point","coordinates":[41.13021,37.89922]}},{"type":"Feature","properties":{"_id":"w110311563","ad":"İstanbul Esnaf Hastanesi","il":"İstanbul","ilce":"","tur":"Üniversite","brans":"Genel","acil":null,"yatak":null,"isletmeci":"T.C. İstanbul Üniversitesi","telefon":"","web":"","adres":"","osm":"https://www.openstreetmap.org/way/110311563"},"geometry":{"type":"Point","coordinates":[28.96219,41.01401]}},{"type":"Feature","properties":{"_id":"w124431937","ad":"Özel Gürlife Hospital Hastanesi","il":"Eskişehir","ilce":"Tepebaşı","tur":"Özel","brans":"Genel","acil":true,"yatak":null,"isletmeci":"Özel Gürlife Hospital Hastanesi","telefon":"","web":"","adres":"Çevre Yolu 1","osm":"https://www.openstreetmap.org/way/124431937"},"geometry":{"type":"Point","coordinates":[30.53489,39.79519]}},{"type":"Feature","properties":{"_id":"w129523004","ad":"Kapadokya Hastanesi","il":"Nevşehir","ilce":"","tur":"Belirsiz","brans":"Genel","acil":true,"yatak":null,"isletmeci":"","telefon":"","web":"https://www.kapadokyahastanesi.com.tr/","adres":"","osm":"https://www.openstreetmap.org/way/129523004"},"geometry":{"type":"Point","coordinates":[34.73295,38.64456]}},{"type":"Feature","properties":{"_id":"w129523005","ad":"Versa Hastanesi","il":"Nevşehir","ilce":"","tur":"Belirsiz","brans":"Genel","acil":null,"yatak":null,"isletmeci":"","telefon":"","web":"https://www.versahastanesi.com.tr/","adres":"","osm":"https://www.openstreetmap.org/way/129523005"},"geometry":{"type":"Point","coordinates":[34.73794,38.63094]}},{"type":"Feature","properties":{"_id":"w131075639","ad":"Bozok Üniversitesi Araştırma ve Uygulama Hastanesi","il":"Yozgat","ilce":"","tur":"Üniversite","brans":"Genel","acil":null,"yatak":null,"isletmeci":"","telefon":"","web":"https://hastane.bozok.edu.tr/","adres":"","osm":"https://www.openstreetmap.org/way/131075639"},"geometry":{"type":"Point","coordinates":[34.79615,39.81794]}},{"type":"Feature","properties":{"_id":"w133728192","ad":"Ürgüp Devlet Hastanesi","il":"Nevşehir","ilce":"","tur":"Devlet","brans":"Genel","acil":null,"yatak":null,"isletmeci":"","telefon":"","web":"","adres":"","osm":"https://www.openstreetmap.org/way/133728192"},"geometry":{"type":"Point","coordinates":[34.91273,38.63248]}},{"type":"Feature","properties":{"_id":"w136434233","ad":"Denizli Devlet Hastanesi","il":"Denizli","ilce":"","tur":"Devlet","brans":"Genel","acil":null,"yatak":null,"isletmeci":"","telefon":"","web":"","adres":"","osm":"https://www.openstreetmap.org/way/136434233"},"geometry":{"type":"Point","coordinates":[29.07865,37.78367]}},{"type":"Feature","properties":{"_id":"w136900760","ad":"lokman hekim hayat hastanesi","il":"Van","ilce":"","tur":"Belirsiz","brans":"Genel","acil":true,"yatak":null,"isletmeci":"","telefon":"","web":"","adres":"","osm":"https://www.openstreetmap.org/way/136900760"},"geometry":{"type":"Point","coordinates":[43.39717,38.49421]}},{"type":"Feature","properties":{"_id":"w145788829","ad":"İstanbul Eğitim ve Araştırma Hastanesi","il":"İstanbul","ilce":"Fatih","tur":"Eğitim ve araştırma","brans":"Genel","acil":true,"yatak":null,"isletmeci":"Sağlık Bakanlığı","telefon":"+90 212 459 60 00","web":"http://www.istanbuleah.saglik.gov.tr/","adres":"","osm":"https://www.openstreetmap.org/way/145788829"},"geometry":{"type":"Point","coordinates":[28.93804,41.00325]}},{"type":"Feature","properties":{"_id":"w148460526","ad":"SBÜ Sultan Abdülhamid Han Eğitim ve Araştırma Hastanesi","il":"İstanbul","ilce":"","tur":"Eğitim ve araştırma","brans":"Genel","acil":true,"yatak":null,"isletmeci":"","telefon":"","web":"https://sultanabdulhamidhaneah.saglik.gov.tr/","adres":"","osm":"https://www.openstreetmap.org/way/148460526"},"geometry":{"type":"Point","coordinates":[29.02071,41.0011]}},{"type":"Feature","properties":{"_id":"w148461658","ad":"Şişli Etfal Eğitim ve Araştırma Hastanesi","il":"İstanbul","ilce":"","tur":"Eğitim ve araştırma","brans":"Genel","acil":true,"yatak":null,"isletmeci":"","telefon":"","web":"http://www.sislietfal.gov.tr/","adres":"","osm":"https://www.openstreetmap.org/way/148461658"},"geometry":{"type":"Point","coordinates":[28.99069,41.05789]}},{"type":"Feature","properties":{"_id":"w148462025","ad":"Haydarpaşa Numune Eğitim ve Araştırma Hastanesi","il":"İstanbul","ilce":"","tur":"Eğitim ve araştırma","brans":"Genel","acil":true,"yatak":null,"isletmeci":"","telefon":"","web":"http://www.haydarpasanumune.gov.tr/","adres":"","osm":"https://www.openstreetmap.org/way/148462025"},"geometry":{"type":"Point","coordinates":[29.02296,41.00477]}},{"type":"Feature","properties":{"_id":"w148463842","ad":"Dr. Lütfi Kırdar Kartal Eğitim ve Araştırma Hastanesi","il":"İstanbul","ilce":"Kartal","tur":"Eğitim ve araştırma","brans":"Genel","acil":true,"yatak":null,"isletmeci":"Sağlık Bakanlığı","telefon":"","web":"http://www.sbkeah.gov.tr","adres":"Şemsi Denizer Caddesi","osm":"https://www.openstreetmap.org/way/148463842"},"geometry":{"type":"Point","coordinates":[29.17391,40.91514]}},{"type":"Feature","properties":{"_id":"w148469373","ad":"Okmeydanı Profesör Doktor Cemil Taşçıoğlu Şehir Hastanesi","il":"İstanbul","ilce":"Şişli","tur":"Şehir hastanesi","brans":"Genel","acil":true,"yatak":null,"isletmeci":"Sağlık Bakanlığı","telefon":"+90 212 314 5555;+90 212 221 7777","web":"https://cemiltascioglush.saglik.gov.tr/","adres":"Darülaceze Caddesi 27","osm":"https://www.openstreetmap.org/way/148469373"},"geometry":{"type":"Point","coordinates":[28.97498,41.06451]}},{"type":"Feature","properties":{"_id":"w148469927","ad":"Göztepe Prof. Dr. Süleyman Yalçın Şehir Hastanesi","il":"İstanbul","ilce":"","tur":"Şehir hastanesi","brans":"Dal hastanesi","acil":true,"yatak":null,"isletmeci":"","telefon":"","web":"https://suleymanyalcinsh.saglik.gov.tr/","adres":"","osm":"https://www.openstreetmap.org/way/148469927"},"geometry":{"type":"Point","coordinates":[29.0571,40.98672]}},{"type":"Feature","properties":{"_id":"w148471856","ad":"Dokuz Eylül Üniversitesi Hastanesi","il":"İzmir","ilce":"","tur":"Üniversite","brans":"Genel","acil":true,"yatak":null,"isletmeci":"","telefon":"","web":"","adres":"","osm":"https://www.openstreetmap.org/way/148471856"},"geometry":{"type":"Point","coordinates":[27.03415,38.39461]}},{"type":"Feature","properties":{"_id":"w148472314","ad":"İzmir Atatürk Eğitim ve Araştırma Hastanesi","il":"İzmir","ilce":"","tur":"Eğitim ve araştırma","brans":"Genel","acil":true,"yatak":null,"isletmeci":"","telefon":"","web":"http://www.iaeh.gov.tr/","adres":"","osm":"https://www.openstreetmap.org/way/148472314"},"geometry":{"type":"Point","coordinates":[27.1038,38.39718]}},{"type":"Feature","properties":{"_id":"w152755093","ad":"Kuşadası Devlet Hastanesi","il":"Aydın","ilce":"","tur":"Devlet","brans":"Genel","acil":null,"yatak":null,"isletmeci":"","telefon":"","web":"","adres":"","osm":"https://www.openstreetmap.org/way/152755093"},"geometry":{"type":"Point","coordinates":[27.26747,37.87847]}},{"type":"Feature","properties":{"_id":"w154233585","ad":"Maltepe Üniversitesi Hastanesi","il":"İstanbul","ilce":"","tur":"Üniversite","brans":"Genel","acil":true,"yatak":null,"isletmeci":"","telefon":"","web":"","adres":"","osm":"https://www.openstreetmap.org/way/154233585"},"geometry":{"type":"Point","coordinates":[29.13511,40.92551]}},{"type":"Feature","properties":{"_id":"w159229879","ad":"Finike Devlet Hastanesi","il":"Antalya","ilce":"","tur":"Devlet","brans":"Genel","acil":true,"yatak":null,"isletmeci":"Sağlık Bakanlığı","telefon":"","web":"","adres":"","osm":"https://www.openstreetmap.org/way/159229879"},"geometry":{"type":"Point","coordinates":[30.14961,36.30334]}},{"type":"Feature","properties":{"_id":"w161102724","ad":"Aliağa Devlet Hastanesi","il":"İzmir","ilce":"","tur":"Devlet","brans":"Genel","acil":true,"yatak":null,"isletmeci":"Sağlık Bakanlığı","telefon":"","web":"","adres":"","osm":"https://www.openstreetmap.org/way/161102724"},"geometry":{"type":"Point","coordinates":[26.97534,38.78699]}},{"type":"Feature","properties":{"_id":"w162858486","ad":"Medical Point İzmir Hastanesi","il":"İzmir","ilce":"Karşıyaka","tur":"Özel","brans":"Dal hastanesi","acil":true,"yatak":null,"isletmeci":"Medical Point","telefon":"444 3 525","web":"","adres":"1848. Sokak","osm":"https://www.openstreetmap.org/way/162858486"},"geometry":{"type":"Point","coordinates":[27.11222,38.47371]}},{"type":"Feature","properties":{"_id":"w163811039","ad":"Acıbadem International Hospital","il":"İstanbul","ilce":"İstanbul","tur":"Özel","brans":"Genel","acil":null,"yatak":null,"isletmeci":"Acıbadem","telefon":"","web":"https://www.internationalhospital.com.tr/","adres":"İstanbul Caddesi 82","osm":"https://www.openstreetmap.org/way/163811039"},"geometry":{"type":"Point","coordinates":[28.83554,40.95892]}},{"type":"Feature","properties":{"_id":"w164368990","ad":"Fransız Lape Hastanesi","il":"İstanbul","ilce":"Şişli","tur":"Özel","brans":"Genel","acil":false,"yatak":null,"isletmeci":"Fransız Lape Hastanesi","telefon":"","web":"https://www.fransizlape.com/","adres":"Büyükdere Caddesi 18","osm":"https://www.openstreetmap.org/way/164368990"},"geometry":{"type":"Point","coordinates":[28.99058,41.06191]}},{"type":"Feature","properties":{"_id":"w168868383","ad":"Buca Kadın Doğum ve Çocuk Hastanesi","il":"İzmir","ilce":"buca","tur":"Devlet","brans":"Kadın doğum / çocuk","acil":true,"yatak":null,"isletmeci":"","telefon":"+90 232 444 35 09","web":"http://bucakdch.saglik.gov.tr/","adres":"Hoca Ahmet Yesevi Caddesi","osm":"https://www.openstreetmap.org/way/168868383"},"geometry":{"type":"Point","coordinates":[27.18103,38.37593]}},{"type":"Feature","properties":{"_id":"w171693611","ad":"Tekirdağ Devlet Hastanesi","il":"Tekirdağ","ilce":"","tur":"Devlet","brans":"Genel","acil":null,"yatak":null,"isletmeci":"Sağlık Bakanlığı","telefon":"","web":"","adres":"","osm":"https://www.openstreetmap.org/way/171693611"},"geometry":{"type":"Point","coordinates":[27.50152,40.9674]}},{"type":"Feature","properties":{"_id":"w176362260","ad":"Tınaztepe Hastanesi","il":"İzmir","ilce":"Buca","tur":"Üniversite","brans":"Genel","acil":true,"yatak":null,"isletmeci":"İzmir Tınaztepe Üniversitesi","telefon":"","web":"","adres":"","osm":"https://www.openstreetmap.org/way/176362260"},"geometry":{"type":"Point","coordinates":[27.19367,38.37029]}},{"type":"Feature","properties":{"_id":"w176853186","ad":"Eski Kemer Devlet Hastanesi","il":"Antalya","ilce":"","tur":"Devlet","brans":"Genel","acil":null,"yatak":null,"isletmeci":"","telefon":"","web":"","adres":"","osm":"https://www.openstreetmap.org/way/176853186"},"geometry":{"type":"Point","coordinates":[30.56193,36.60323]}},{"type":"Feature","properties":{"_id":"w177433772","ad":"Fatih Sultan Mehmet Eğitim ve Araştırma Hastanesi","il":"İstanbul","ilce":"Ataşehir","tur":"Eğitim ve araştırma","brans":"Dal hastanesi","acil":true,"yatak":null,"isletmeci":"","telefon":"","web":"https://fsmeah.saglik.gov.tr/","adres":"Hastahane Sokağı 1","osm":"https://www.openstreetmap.org/way/177433772"},"geometry":{"type":"Point","coordinates":[29.10488,40.97106]}},{"type":"Feature","properties":{"_id":"w177433773","ad":"Yeditepe Üniversitesi Kozyatağı Hastanesi","il":"İstanbul","ilce":"","tur":"Üniversite","brans":"Genel","acil":null,"yatak":null,"isletmeci":"","telefon":"","web":"http://www.yeditepehastanesi.com.tr/iletisim","adres":"","osm":"https://www.openstreetmap.org/way/177433773"},"geometry":{"type":"Point","coordinates":[29.10369,40.96891]}},{"type":"Feature","properties":{"_id":"w178779851","ad":"Avicenna Hastanesi","il":"İstanbul","ilce":"","tur":"Belirsiz","brans":"Genel","acil":true,"yatak":null,"isletmeci":"","telefon":"","web":"","adres":"","osm":"https://www.openstreetmap.org/way/178779851"},"geometry":{"type":"Point","coordinates":[29.10862,40.9793]}},{"type":"Feature","properties":{"_id":"w180928082","ad":"Zara Devlet Hastanesi","il":"Sivas","ilce":"Zara","tur":"Devlet","brans":"Genel","acil":true,"yatak":null,"isletmeci":"Sağlık Bakanlığı","telefon":"+90 346 816 10 26","web":"https://zaradh.saglik.gov.tr/","adres":"Reşitpaşa Caddesi No : 116","osm":"https://www.openstreetmap.org/way/180928082"},"geometry":{"type":"Point","coordinates":[37.74877,39.89258]}},{"type":"Feature","properties":{"_id":"w181509819","ad":"Ondokuz Mayıs Üniversitesi Tıp Fakültesi Hastanesi","il":"Samsun","ilce":"","tur":"Üniversite","brans":"Genel","acil":true,"yatak":null,"isletmeci":"","telefon":"","web":"","adres":"","osm":"https://www.openstreetmap.org/way/181509819"},"geometry":{"type":"Point","coordinates":[36.21154,41.37155]}},{"type":"Feature","properties":{"_id":"w182853312","ad":"Kolan Hospital-Beylikdüzü","il":"İstanbul","ilce":"Beylikdüzü","tur":"Özel","brans":"Genel","acil":true,"yatak":null,"isletmeci":"","telefon":"","web":"","adres":"Osmanlı Caddesi","osm":"https://www.openstreetmap.org/way/182853312"},"geometry":{"type":"Point","coordinates":[28.62963,41.00669]}},{"type":"Feature","properties":{"_id":"w187794147","ad":"Erenköy Ruh ve Sinir Hastalıkları Eğitim ve Araştırma Hastanesi","il":"İstanbul","ilce":"Kadıköy","tur":"Eğitim ve araştırma","brans":"Genel","acil":false,"yatak":null,"isletmeci":"Sağlık Bakanlığı","telefon":"+90 216 302 59 59","web":"https://erenkoyruhsinireah.saglik.gov.tr/","adres":"Sinan Ercan Caddesi 23","osm":"https://www.openstreetmap.org/way/187794147"},"geometry":{"type":"Point","coordinates":[29.08876,40.97501]}},{"type":"Feature","properties":{"_id":"w190818139","ad":"Amasya Üniversitesi Sabuncuoğlu Şerefeddin Eğitim ve Araştırma Hastanesi","il":"Amasya","ilce":"Merkez","tur":"Eğitim ve araştırma","brans":"Genel","acil":true,"yatak":null,"isletmeci":"Sağlık Bakanlığı","telefon":"+90 358 218 40 00","web":"","adres":"Turgut Özal Caddesi 24","osm":"https://www.openstreetmap.org/way/190818139"},"geometry":{"type":"Point","coordinates":[35.84704,40.66126]}},{"type":"Feature","properties":{"_id":"w191202315","ad":"Gerede Devlet Hastanesi","il":"Bolu","ilce":"","tur":"Devlet","brans":"Genel","acil":null,"yatak":null,"isletmeci":"","telefon":"","web":"","adres":"","osm":"https://www.openstreetmap.org/way/191202315"},"geometry":{"type":"Point","coordinates":[32.19089,40.79901]}},{"type":"Feature","properties":{"_id":"w191612867","ad":"VM Medicalpark Mersin","il":"Mersin","ilce":"Mezitli","tur":"Özel","brans":"Genel","acil":true,"yatak":null,"isletmeci":"Medical Park","telefon":"","web":"","adres":"Gazi Mustafa Kemal Bulvarı","osm":"https://www.openstreetmap.org/way/191612867"},"geometry":{"type":"Point","coordinates":[34.5443,36.75953]}},{"type":"Feature","properties":{"_id":"w192463972","ad":"Susehri Devlet Hastanesi","il":"Sivas","ilce":"","tur":"Devlet","brans":"Genel","acil":true,"yatak":null,"isletmeci":"","telefon":"","web":"http://www.susehri-dh.gov.tr/","adres":"","osm":"https://www.openstreetmap.org/way/192463972"},"geometry":{"type":"Point","coordinates":[38.08201,40.16949]}},{"type":"Feature","properties":{"_id":"w193389014","ad":"Karacabey Eski Devlet Hastanesi","il":"Bursa","ilce":"","tur":"Devlet","brans":"Genel","acil":true,"yatak":null,"isletmeci":"","telefon":"","web":"","adres":"","osm":"https://www.openstreetmap.org/way/193389014"},"geometry":{"type":"Point","coordinates":[28.35454,40.2147]}},{"type":"Feature","properties":{"_id":"w197993628","ad":"Emsey Hastanesi","il":"İstanbul","ilce":"","tur":"Belirsiz","brans":"Genel","acil":true,"yatak":null,"isletmeci":"","telefon":"","web":"https://www.emseyhospital.com.tr/","adres":"","osm":"https://www.openstreetmap.org/way/197993628"},"geometry":{"type":"Point","coordinates":[29.28887,40.92379]}},{"type":"Feature","properties":{"_id":"w199748600","ad":"Seyhan Devlet Hastanesi","il":"Adana","ilce":"Seyhan","tur":"Devlet","brans":"Dal hastanesi","acil":true,"yatak":null,"isletmeci":"","telefon":"+90 322 225 93 29","web":"https://seyhandh.saglik.gov.tr/","adres":"Hacı Ömer Sabancı Bulvarı","osm":"https://www.openstreetmap.org/way/199748600"},"geometry":{"type":"Point","coordinates":[35.31887,37.01986]}},{"type":"Feature","properties":{"_id":"w201072633","ad":"Fatih Medical Park Hastanesi","il":"İstanbul","ilce":"Fatih","tur":"Özel","brans":"Genel","acil":true,"yatak":null,"isletmeci":"Medical Park","telefon":"+90 212 453 10 00","web":"","adres":"Horhor Caddesi","osm":"https://www.openstreetmap.org/way/201072633"},"geometry":{"type":"Point","coordinates":[28.95226,41.0148]}},{"type":"Feature","properties":{"_id":"w206203180","ad":"Sinop Devlet Hastanesi","il":"Sinop","ilce":"","tur":"Devlet","brans":"Genel","acil":null,"yatak":null,"isletmeci":"","telefon":"","web":"","adres":"","osm":"https://www.openstreetmap.org/way/206203180"},"geometry":{"type":"Point","coordinates":[35.07901,42.00426]}},{"type":"Feature","properties":{"_id":"w206502977","ad":"MedStar Topçular Hastanesi","il":"Antalya","ilce":"Muratpaşa/Antalya","tur":"Belirsiz","brans":"Genel","acil":true,"yatak":null,"isletmeci":"","telefon":"","web":"","adres":"","osm":"https://www.openstreetmap.org/way/206502977"},"geometry":{"type":"Point","coordinates":[30.73997,36.88546]}},{"type":"Feature","properties":{"_id":"w209188025","ad":"Esenyurt Necmi Kadıoğlu Devlet Hastanesi","il":"İstanbul","ilce":"","tur":"Devlet","brans":"Genel","acil":true,"yatak":null,"isletmeci":"","telefon":"","web":"","adres":"","osm":"https://www.openstreetmap.org/way/209188025"},"geometry":{"type":"Point","coordinates":[28.66836,41.02869]}},{"type":"Feature","properties":{"_id":"w217140849","ad":"Özel Reyap Hastanesi","il":"Tekirdağ","ilce":"Çorlu","tur":"Özel","brans":"Dal hastanesi","acil":true,"yatak":null,"isletmeci":"Reyap Sağlık Grubu","telefon":"+9 0 282 684 02 00","web":"","adres":"","osm":"https://www.openstreetmap.org/way/217140849"},"geometry":{"type":"Point","coordinates":[27.82866,41.15344]}},{"type":"Feature","properties":{"_id":"w217179245","ad":"Özel Çorlu Vatan Hastanesi","il":"Tekirdağ","ilce":"","tur":"Özel","brans":"Genel","acil":true,"yatak":null,"isletmeci":"","telefon":"","web":"","adres":"","osm":"https://www.openstreetmap.org/way/217179245"},"geometry":{"type":"Point","coordinates":[27.80124,41.16166]}},{"type":"Feature","properties":{"_id":"w217278571","ad":"Çorlu Devlet Hastanesi Şehit Münür Alkan Binası","il":"Tekirdağ","ilce":"Çorlu","tur":"Devlet","brans":"Genel","acil":false,"yatak":null,"isletmeci":"","telefon":"","web":"","adres":"","osm":"https://www.openstreetmap.org/way/217278571"},"geometry":{"type":"Point","coordinates":[27.80705,41.15709]}},{"type":"Feature","properties":{"_id":"w217542916","ad":"Özel Ulus Hastanesi","il":"Ankara","ilce":"","tur":"Özel","brans":"Genel","acil":true,"yatak":null,"isletmeci":"","telefon":"","web":"","adres":"","osm":"https://www.openstreetmap.org/way/217542916"},"geometry":{"type":"Point","coordinates":[32.85305,39.95385]}},{"type":"Feature","properties":{"_id":"w219959507","ad":"Mengücek Gazi Eğitim ve Araştırma Hastanesi Işıkpınar Yerleşkesi","il":"Erzincan","ilce":"","tur":"Eğitim ve araştırma","brans":"Genel","acil":false,"yatak":null,"isletmeci":"Sağlık Bakanlığı","telefon":"","web":"","adres":"","osm":"https://www.openstreetmap.org/way/219959507"},"geometry":{"type":"Point","coordinates":[39.47081,39.78401]}},{"type":"Feature","properties":{"_id":"w222309335","ad":"Amasya Gümüşhacıköy Devlet Hastanesi","il":"Amasya","ilce":"","tur":"Devlet","brans":"Genel","acil":true,"yatak":null,"isletmeci":"T.C. Sağlık Bakanlığı","telefon":"+90 358 717 37 33","web":"","adres":"Cumhuriyet Caddesi 140","osm":"https://www.openstreetmap.org/way/222309335"},"geometry":{"type":"Point","coordinates":[35.20358,40.88075]}},{"type":"Feature","properties":{"_id":"w222382868","ad":"Ankara Atatürk Eğitim ve Araştırma Hastanesi","il":"Ankara","ilce":"","tur":"Eğitim ve araştırma","brans":"Genel","acil":true,"yatak":null,"isletmeci":"","telefon":"+903122912525","web":"http://ataturkhastanesi.gov.tr/","adres":"","osm":"https://www.openstreetmap.org/way/222382868"},"geometry":{"type":"Point","coordinates":[32.76165,39.90139]}},{"type":"Feature","properties":{"_id":"w224447190","ad":"Özel Zilan Hastanesi","il":"Batman","ilce":"Merkez","tur":"Özel","brans":"Genel","acil":true,"yatak":null,"isletmeci":"","telefon":"+90 488 213 3300","web":"https://www.zilanhastanesi.com/","adres":"Mahatma Gandi Bulvarı 21","osm":"https://www.openstreetmap.org/way/224447190"},"geometry":{"type":"Point","coordinates":[41.12653,37.89649]}},{"type":"Feature","properties":{"_id":"w224709511","ad":"Dünya Hastanesi","il":"Batman","ilce":"Merkez","tur":"Belirsiz","brans":"Dal hastanesi","acil":true,"yatak":null,"isletmeci":"","telefon":"+90 488 221 3040","web":"http://www.batmandunyahastanesi.com/default.aspx","adres":"Türkiye Petrolleri A.O. Bulvarı 174","osm":"https://www.openstreetmap.org/way/224709511"},"geometry":{"type":"Point","coordinates":[41.14303,37.90233]}},{"type":"Feature","properties":{"_id":"w225311211","ad":"Düzce Atatürk Devlet Hastanesi","il":"Düzce","ilce":"Düzce","tur":"Devlet","brans":"Genel","acil":true,"yatak":null,"isletmeci":"Sağlık Bakanlığı","telefon":"","web":"https://duzceadh.saglik.gov.tr/","adres":"Doğanlı Köyü İç Yolu","osm":"https://www.openstreetmap.org/way/225311211"},"geometry":{"type":"Point","coordinates":[31.24069,40.81142]}},{"type":"Feature","properties":{"_id":"w225315706","ad":"Özel Çağsu Hastanesi","il":"Düzce","ilce":"","tur":"Özel","brans":"Genel","acil":null,"yatak":null,"isletmeci":"","telefon":"","web":"http://www.hsh.com.tr","adres":"","osm":"https://www.openstreetmap.org/way/225315706"},"geometry":{"type":"Point","coordinates":[31.18286,40.83241]}},{"type":"Feature","properties":{"_id":"w225661426","ad":"Kudret International Hospital","il":"Ankara","ilce":"","tur":"Özel","brans":"Genel","acil":null,"yatak":null,"isletmeci":"","telefon":"","web":"","adres":"","osm":"https://www.openstreetmap.org/way/225661426"},"geometry":{"type":"Point","coordinates":[32.84509,39.92987]}},{"type":"Feature","properties":{"_id":"w225730980","ad":"Dünya Göz Hastanesi","il":"Ankara","ilce":"Çankaya","tur":"Özel","brans":"Dal hastanesi","acil":null,"yatak":null,"isletmeci":"","telefon":"","web":"https://www.dunyagoz.com/tr/merkezlerimiz/yurt-ici/ankara-tunus/genel-tanitim","adres":"Tunus Caddesi 28","osm":"https://www.openstreetmap.org/way/225730980"},"geometry":{"type":"Point","coordinates":[32.85691,39.91045]}},{"type":"Feature","properties":{"_id":"w226093076","ad":"Lokman Hekim Üniversitesi Ankara Hastanesi","il":"Ankara","ilce":"Sincan/Ankara","tur":"Üniversite","brans":"Genel","acil":true,"yatak":null,"isletmeci":"Lokman Hekim Üniversitesi","telefon":"","web":"","adres":"","osm":"https://www.openstreetmap.org/way/226093076"},"geometry":{"type":"Point","coordinates":[32.58334,39.95642]}},{"type":"Feature","properties":{"_id":"w226285429","ad":"Turgut Özal Üniversitesi Tıp Fakültesi Hastanesi","il":"Ankara","ilce":"","tur":"Üniversite","brans":"Genel","acil":null,"yatak":null,"isletmeci":"","telefon":"","web":"","adres":"","osm":"https://www.openstreetmap.org/way/226285429"},"geometry":{"type":"Point","coordinates":[32.84726,39.88777]}},{"type":"Feature","properties":{"_id":"w226448950","ad":"Kocaeli Derince Eğitim ve Araştırma Hastanesi","il":"Kocaeli","ilce":"","tur":"Eğitim ve araştırma","brans":"Genel","acil":null,"yatak":null,"isletmeci":"","telefon":"","web":"http://www.kdeah.gov.tr","adres":"","osm":"https://www.openstreetmap.org/way/226448950"},"geometry":{"type":"Point","coordinates":[29.81223,40.76126]}},{"type":"Feature","properties":{"_id":"w227682432","ad":"Kocaeli Devlet Hastanesi","il":"Kocaeli","ilce":"","tur":"Devlet","brans":"Genel","acil":null,"yatak":null,"isletmeci":"","telefon":"","web":"http://www.kocaelidh.gov.tr/","adres":"","osm":"https://www.openstreetmap.org/way/227682432"},"geometry":{"type":"Point","coordinates":[29.93892,40.76727]}},{"type":"Feature","properties":{"_id":"w227851330","ad":"Özel Gazi Hastanesi","il":"İstanbul","ilce":"","tur":"Özel","brans":"Genel","acil":true,"yatak":null,"isletmeci":"","telefon":"","web":"","adres":"","osm":"https://www.openstreetmap.org/way/227851330"},"geometry":{"type":"Point","coordinates":[28.89858,41.101]}},{"type":"Feature","properties":{"_id":"w228299256","ad":"Seka Devlet Hastanesi","il":"Kocaeli","ilce":"","tur":"Devlet","brans":"Genel","acil":null,"yatak":null,"isletmeci":"","telefon":"","web":"http://www.sekadh.gov.tr","adres":"","osm":"https://www.openstreetmap.org/way/228299256"},"geometry":{"type":"Point","coordinates":[29.9001,40.76383]}},{"type":"Feature","properties":{"_id":"w228356193","ad":"Lösev Losante Hastanesi","il":"Ankara","ilce":"Çankaya","tur":"Belirsiz","brans":"Genel","acil":null,"yatak":null,"isletmeci":"","telefon":"","web":"","adres":"","osm":"https://www.openstreetmap.org/way/228356193"},"geometry":{"type":"Point","coordinates":[32.87446,39.89629]}},{"type":"Feature","properties":{"_id":"w228442723","ad":"Dilovası Devlet Hastanesi","il":"Kocaeli","ilce":"","tur":"Devlet","brans":"Genel","acil":null,"yatak":null,"isletmeci":"","telefon":"","web":"","adres":"","osm":"https://www.openstreetmap.org/way/228442723"},"geometry":{"type":"Point","coordinates":[29.55662,40.78835]}},{"type":"Feature","properties":{"_id":"w228548621","ad":"Özel Satıroğlu Nar Hastanesi","il":"Ankara","ilce":"Çankaya/Ankara","tur":"Özel","brans":"Genel","acil":true,"yatak":null,"isletmeci":"","telefon":"","web":"","adres":"Kaptanpaşa Sokak","osm":"https://www.openstreetmap.org/way/228548621"},"geometry":{"type":"Point","coordinates":[32.87744,39.89692]}},{"type":"Feature","properties":{"_id":"w228871573","ad":"Kocaeli Üniversitesi Tıp Fakültesi Hastanesi","il":"Kocaeli","ilce":"İzmit","tur":"Üniversite","brans":"Genel","acil":null,"yatak":null,"isletmeci":"","telefon":"+90 262 303 75 75","web":"","adres":"KOU Umuttepe Yerleşkesi Eski İstanbul Yolu 10. km","osm":"https://www.openstreetmap.org/way/228871573"},"geometry":{"type":"Point","coordinates":[29.919,40.82476]}},{"type":"Feature","properties":{"_id":"w229413076","ad":"Medical Park","il":"Tokat","ilce":"","tur":"Özel","brans":"Genel","acil":false,"yatak":null,"isletmeci":"Medical Park","telefon":"","web":"","adres":"","osm":"https://www.openstreetmap.org/way/229413076"},"geometry":{"type":"Point","coordinates":[36.54599,40.33524]}},{"type":"Feature","properties":{"_id":"w231243196","ad":"Sarayönü Devlet Hastanesi","il":"Konya","ilce":"","tur":"Devlet","brans":"Genel","acil":null,"yatak":null,"isletmeci":"","telefon":"","web":"","adres":"","osm":"https://www.openstreetmap.org/way/231243196"},"geometry":{"type":"Point","coordinates":[32.40797,38.2616]}},{"type":"Feature","properties":{"_id":"w231810385","ad":"Medikal Point Hastanesi","il":"Batman","ilce":"Merkez","tur":"Belirsiz","brans":"Genel","acil":true,"yatak":null,"isletmeci":"","telefon":"+90 488 213 4444","web":"http://www.medicalpoint.com.tr","adres":"Atatürk Bulvarı 79","osm":"https://www.openstreetmap.org/way/231810385"},"geometry":{"type":"Point","coordinates":[41.12814,37.88814]}},{"type":"Feature","properties":{"_id":"w232383000","ad":"Dr. Abdurrahman Yurtaslan Onkoloji Hastanesi","il":"Ankara","ilce":"","tur":"Devlet","brans":"Dal hastanesi","acil":true,"yatak":null,"isletmeci":"","telefon":"","web":"","adres":"","osm":"https://www.openstreetmap.org/way/232383000"},"geometry":{"type":"Point","coordinates":[32.77791,39.96877]}},{"type":"Feature","properties":{"_id":"w233483134","ad":"Seydişehir Devlet Hastanesi","il":"Konya","ilce":"","tur":"Devlet","brans":"Dal hastanesi","acil":true,"yatak":null,"isletmeci":"","telefon":"","web":"","adres":"","osm":"https://www.openstreetmap.org/way/233483134"},"geometry":{"type":"Point","coordinates":[31.83152,37.43005]}},{"type":"Feature","properties":{"_id":"w233586280","ad":"Nevşehir Devlet Hastanesi","il":"Nevşehir","ilce":"","tur":"Devlet","brans":"Genel","acil":null,"yatak":null,"isletmeci":"","telefon":"","web":"https://nevsehirdh.saglik.gov.tr/","adres":"","osm":"https://www.openstreetmap.org/way/233586280"},"geometry":{"type":"Point","coordinates":[34.72728,38.65549]}},{"type":"Feature","properties":{"_id":"w233879290","ad":"İzzet Baysal Kadın Doğum Hastanesi","il":"Bolu","ilce":"","tur":"Belirsiz","brans":"Kadın doğum / çocuk","acil":true,"yatak":null,"isletmeci":"","telefon":"","web":"","adres":"","osm":"https://www.openstreetmap.org/way/233879290"},"geometry":{"type":"Point","coordinates":[31.60086,40.73306]}},{"type":"Feature","properties":{"_id":"w235463554","ad":"Florence Nightingale Hastanesi","il":"İstanbul","ilce":"Kadıköy","tur":"Özel","brans":"Genel","acil":true,"yatak":null,"isletmeci":"","telefon":"","web":"https://www.florence.com.tr/kadikoy-florence-nightingale-hastanesi","adres":"Bağdat Caddesi 63","osm":"https://www.openstreetmap.org/way/235463554"},"geometry":{"type":"Point","coordinates":[29.04171,40.98163]}},{"type":"Feature","properties":{"_id":"w235477235","ad":"Dünyagöz","il":"İstanbul","ilce":"İstanbul","tur":"Özel","brans":"Dal hastanesi","acil":null,"yatak":null,"isletmeci":"","telefon":"","web":"https://www.dunyagoz.com/tr/merkezlerimiz/yurt-ici/istanbul-feneryolu/genel-tanitim","adres":"Bağdat Caddesi 150","osm":"https://www.openstreetmap.org/way/235477235"},"geometry":{"type":"Point","coordinates":[29.048,40.97684]}},{"type":"Feature","properties":{"_id":"w236641495","ad":"Esenyurt Devlet Hastanesi (Ek Binası)","il":"İstanbul","ilce":"","tur":"Devlet","brans":"Genel","acil":null,"yatak":null,"isletmeci":"","telefon":"","web":"","adres":"","osm":"https://www.openstreetmap.org/way/236641495"},"geometry":{"type":"Point","coordinates":[28.68302,41.0325]}},{"type":"Feature","properties":{"_id":"w237059637","ad":"Dr. Ersin Arslan Eğitim ve Araştırma Hastanesi","il":"Gaziantep","ilce":"","tur":"Eğitim ve araştırma","brans":"Genel","acil":null,"yatak":null,"isletmeci":"","telefon":"","web":"","adres":"","osm":"https://www.openstreetmap.org/way/237059637"},"geometry":{"type":"Point","coordinates":[37.37902,37.05831]}},{"type":"Feature","properties":{"_id":"w237176270","ad":"Erenköy Fizik Tedavi ve Rehabilitasyon Hastanesi","il":"İstanbul","ilce":"Kadıköy","tur":"Devlet","brans":"Dal hastanesi","acil":null,"yatak":null,"isletmeci":"","telefon":"","web":"https://erenkoyftr.saglik.gov.tr/","adres":"Sultan Sokağı 14","osm":"https://www.openstreetmap.org/way/237176270"},"geometry":{"type":"Point","coordinates":[29.08368,40.97484]}},{"type":"Feature","properties":{"_id":"w237566800","ad":"Yukarı Yenice Sağlıkocağı","il":"Afyonkarahisar","ilce":"","tur":"Belirsiz","brans":"Genel","acil":null,"yatak":null,"isletmeci":"","telefon":"","web":"","adres":"","osm":"https://www.openstreetmap.org/way/237566800"},"geometry":{"type":"Point","coordinates":[29.849,37.90932]}},{"type":"Feature","properties":{"_id":"w237686526","ad":"Dr. Siyami Ersek Göğüs Kalp ve Damar Cerrahisi Eğitim ve Araştırma Hastanesi","il":"İstanbul","ilce":"Üsküdar","tur":"Eğitim ve araştırma","brans":"Dal hastanesi","acil":null,"yatak":null,"isletmeci":"Sağlık Bakanlığı","telefon":"","web":"https://siyamiersekeah.saglik.gov.tr/","adres":"Tıbbiye Caddesi 25","osm":"https://www.openstreetmap.org/way/237686526"},"geometry":{"type":"Point","coordinates":[29.02431,41.00399]}},{"type":"Feature","properties":{"_id":"w237914844","ad":"Erenköy Fizik Tedavi ve Reahabilitasyon Hastanesi","il":"İstanbul","ilce":"Kadıköy","tur":"Belirsiz","brans":"Dal hastanesi","acil":null,"yatak":null,"isletmeci":"","telefon":"","web":"https://erenkoyftr.saglik.gov.tr/","adres":"Ressam Salih Ermez Caddesi 21","osm":"https://www.openstreetmap.org/way/237914844"},"geometry":{"type":"Point","coordinates":[29.06565,40.98607]}},{"type":"Feature","properties":{"_id":"w237946576","ad":"Acıbadem Kadıköy Hastanesi","il":"İstanbul","ilce":"Kadıköy","tur":"Özel","brans":"Genel","acil":true,"yatak":138,"isletmeci":"Acıbadem","telefon":"+90 216 544 4444","web":"https://www.acibadem.com.tr/hastane/kadikoy-hastanesi/","adres":"Tekin Sokağı 8","osm":"https://www.openstreetmap.org/way/237946576"},"geometry":{"type":"Point","coordinates":[29.04303,41.00721]}},{"type":"Feature","properties":{"_id":"w237949321","ad":"Medipol","il":"İstanbul","ilce":"","tur":"Özel","brans":"Genel","acil":null,"yatak":null,"isletmeci":"","telefon":"","web":"https://medipol.com.tr/hastanelerimiz/medipol-kosuyolu","adres":"","osm":"https://www.openstreetmap.org/way/237949321"},"geometry":{"type":"Point","coordinates":[29.03407,41.0049]}},{"type":"Feature","properties":{"_id":"w242904761","ad":"Dargeçit İlçe Devlet Hastanesi","il":"Mardin","ilce":"Dargeçit","tur":"Devlet","brans":"Genel","acil":true,"yatak":null,"isletmeci":"","telefon":"+90 482 381 20 06","web":"","adres":"Selahattin Eyyubi Caddesi 70","osm":"https://www.openstreetmap.org/way/242904761"},"geometry":{"type":"Point","coordinates":[41.71597,37.54028]}},{"type":"Feature","properties":{"_id":"w246883311","ad":"İtalyan Hastanesi - Giovanni Alberto Agnelli","il":"İstanbul","ilce":"Beyoğlu","tur":"Özel","brans":"Genel","acil":true,"yatak":null,"isletmeci":"Universal Hospitals Group","telefon":"+90 212 292 3501","web":"https://uhgl-gh.com/","adres":"Defterdar Yokuşu Sokağı 17","osm":"https://www.openstreetmap.org/way/246883311"},"geometry":{"type":"Point","coordinates":[28.98111,41.02844]}},{"type":"Feature","properties":{"_id":"w250815602","ad":"Balıkesir Devlet Hastanesi","il":"Balıkesir","ilce":"Karesi","tur":"Devlet","brans":"Genel","acil":true,"yatak":null,"isletmeci":"Sağlık Bakanlığı","telefon":"+90 266 245 9020","web":"https://balikesirdh.saglik.gov.tr/","adres":"Turgut Reis Caddesi","osm":"https://www.openstreetmap.org/way/250815602"},"geometry":{"type":"Point","coordinates":[27.8921,39.65392]}},{"type":"Feature","properties":{"_id":"w253195076","ad":"Eski Yalova Devlet Hastanesi","il":"Yalova","ilce":"Merkez","tur":"Devlet","brans":"Genel","acil":true,"yatak":null,"isletmeci":"Sağlık Bakanlığı","telefon":"0226 811 52 00","web":"","adres":"","osm":"https://www.openstreetmap.org/way/253195076"},"geometry":{"type":"Point","coordinates":[29.30757,40.66292]}},{"type":"Feature","properties":{"_id":"w255760128","ad":"Kalp ve Onkoloji Hastanesi","il":"Kayseri","ilce":"","tur":"Devlet","brans":"Dal hastanesi","acil":null,"yatak":null,"isletmeci":"","telefon":"","web":"","adres":"","osm":"https://www.openstreetmap.org/way/255760128"},"geometry":{"type":"Point","coordinates":[35.5265,38.70419]}},{"type":"Feature","properties":{"_id":"w255760138","ad":"Organ Nakli ve Diyaliz Hastanesi","il":"Kayseri","ilce":"","tur":"Belirsiz","brans":"Genel","acil":null,"yatak":null,"isletmeci":"","telefon":"","web":"","adres":"","osm":"https://www.openstreetmap.org/way/255760138"},"geometry":{"type":"Point","coordinates":[35.52603,38.7042]}},{"type":"Feature","properties":{"_id":"w255760139","ad":"Çocuk Hastanesi","il":"Kayseri","ilce":"","tur":"Belirsiz","brans":"Kadın doğum / çocuk","acil":null,"yatak":null,"isletmeci":"","telefon":"","web":"","adres":"","osm":"https://www.openstreetmap.org/way/255760139"},"geometry":{"type":"Point","coordinates":[35.52735,38.70381]}},{"type":"Feature","properties":{"_id":"w256476599","ad":"Orta Devlet Hastanesi","il":"Çankırı","ilce":"","tur":"Devlet","brans":"Genel","acil":true,"yatak":null,"isletmeci":"","telefon":"","web":"","adres":"","osm":"https://www.openstreetmap.org/way/256476599"},"geometry":{"type":"Point","coordinates":[33.10105,40.62648]}},{"type":"Feature","properties":{"_id":"w256941501","ad":"Memorial Hastanesi Kayseri","il":"Kayseri","ilce":"","tur":"Özel","brans":"Genel","acil":null,"yatak":null,"isletmeci":"","telefon":"+903524447888","web":"https://www.memorial.com.tr/kayseri_hastanesi/","adres":"Temizel Sokak","osm":"https://www.openstreetmap.org/way/256941501"},"geometry":{"type":"Point","coordinates":[35.4795,38.72877]}},{"type":"Feature","properties":{"_id":"w257588551","ad":"Polatlı Duatepe SSK Hastanesi","il":"Ankara","ilce":"Polatlı","tur":"Belirsiz","brans":"Genel","acil":true,"yatak":null,"isletmeci":"","telefon":"+90 312 624 20 30","web":"http://www.polatlidevlethastanesi.gov.tr","adres":"Hasan Polatkan Caddesi","osm":"https://www.openstreetmap.org/way/257588551"},"geometry":{"type":"Point","coordinates":[32.14286,39.56163]}},{"type":"Feature","properties":{"_id":"w259349832","ad":"Tekden Hastanesi","il":"Kayseri","ilce":"","tur":"Belirsiz","brans":"Genel","acil":null,"yatak":null,"isletmeci":"","telefon":"+903522323333","web":"https://www.tekdenhastaneleri.com/","adres":"Gür Sokak 4","osm":"https://www.openstreetmap.org/way/259349832"},"geometry":{"type":"Point","coordinates":[35.48257,38.72268]}},{"type":"Feature","properties":{"_id":"w259352268","ad":"Acıbadem Hastanesi","il":"Kayseri","ilce":"","tur":"Özel","brans":"Genel","acil":null,"yatak":null,"isletmeci":"Acıbadem","telefon":"+903522074444","web":"https://www.acibadem.com.tr/danisma/Home/Index","adres":"Mustafa Kemal Paşa Bulvarı 1/1-A","osm":"https://www.openstreetmap.org/way/259352268"},"geometry":{"type":"Point","coordinates":[35.49949,38.71573]}},{"type":"Feature","properties":{"_id":"w259410571","ad":"Kızılay Hastanesi","il":"Kayseri","ilce":"","tur":"Belirsiz","brans":"Genel","acil":null,"yatak":null,"isletmeci":"","telefon":"+903522210222","web":"http://www.kizilaysaglikgrubu.com/merkez.aspx?merkezID=5","adres":"Halit Narin Caddesi","osm":"https://www.openstreetmap.org/way/259410571"},"geometry":{"type":"Point","coordinates":[35.49319,38.7134]}},{"type":"Feature","properties":{"_id":"w259413468","ad":"Ibni Sina Hastanesi","il":"Kayseri","ilce":"","tur":"Belirsiz","brans":"Genel","acil":null,"yatak":null,"isletmeci":"","telefon":"+903522200112","web":"https://ibnisinahastanesi.com/ana-sayfa","adres":"Nuh Naci Yazgan Caddesi 3","osm":"https://www.openstreetmap.org/way/259413468"},"geometry":{"type":"Point","coordinates":[35.4927,38.71871]}},{"type":"Feature","properties":{"_id":"w259415536","ad":"Medical Palace","il":"Kayseri","ilce":"","tur":"Özel","brans":"Genel","acil":null,"yatak":null,"isletmeci":"","telefon":"+903522240101","web":"https://www.medicalpalace.com.tr/","adres":"Sevgi Sokak 3","osm":"https://www.openstreetmap.org/way/259415536"},"geometry":{"type":"Point","coordinates":[35.52594,38.73119]}},{"type":"Feature","properties":{"_id":"w259416923","ad":"Özel Hüma Hastanesi","il":"Kayseri","ilce":"Kayseri","tur":"Özel","brans":"Genel","acil":true,"yatak":null,"isletmeci":"","telefon":"+903522226161","web":"https://www.humahastanesi.com.tr/","adres":"Seyyid Burhanettin Bulvarı 58","osm":"https://www.openstreetmap.org/way/259416923"},"geometry":{"type":"Point","coordinates":[35.49521,38.71343]}},{"type":"Feature","properties":{"_id":"w259418282","ad":"Kayserigöz Hastanesi","il":"Kayseri","ilce":"","tur":"Belirsiz","brans":"Dal hastanesi","acil":null,"yatak":null,"isletmeci":"","telefon":"+903522229090","web":"https://www.kayserigoz.com/","adres":"Tacettin Veli Bulvarı 28","osm":"https://www.openstreetmap.org/way/259418282"},"geometry":{"type":"Point","coordinates":[35.49068,38.71256]}},{"type":"Feature","properties":{"_id":"w259897984","ad":"Modern Dünyam Hastanesi","il":"Kayseri","ilce":"","tur":"Belirsiz","brans":"Genel","acil":null,"yatak":null,"isletmeci":"","telefon":"+903522077777","web":"","adres":"Kenarcık Sokak 10","osm":"https://www.openstreetmap.org/way/259897984"},"geometry":{"type":"Point","coordinates":[35.48036,38.72298]}},{"type":"Feature","properties":{"_id":"w259900116","ad":"Erciyes Kartal Hastanesi","il":"Kayseri","ilce":"","tur":"Belirsiz","brans":"Genel","acil":null,"yatak":null,"isletmeci":"","telefon":"+9035222241","web":"","adres":"Lalezade Caddesi 46","osm":"https://www.openstreetmap.org/way/259900116"},"geometry":{"type":"Point","coordinates":[35.49417,38.71331]}},{"type":"Feature","properties":{"_id":"w260613837","ad":"Beylikdüzü Devlet Hastanesi","il":"İstanbul","ilce":"","tur":"Devlet","brans":"Genel","acil":true,"yatak":null,"isletmeci":"","telefon":"","web":"","adres":"","osm":"https://www.openstreetmap.org/way/260613837"},"geometry":{"type":"Point","coordinates":[28.62446,41.01472]}},{"type":"Feature","properties":{"_id":"w263141893","ad":"Eskişehir Eski Asker Hastanesi","il":"Eskişehir","ilce":"Eskişehir","tur":"Askerî","brans":"Dal hastanesi","acil":true,"yatak":null,"isletmeci":"","telefon":"+90 222 220 4530","web":"","adres":"M. Kemal Atatürk Cad.","osm":"https://www.openstreetmap.org/way/263141893"},"geometry":{"type":"Point","coordinates":[30.51196,39.77265]}},{"type":"Feature","properties":{"_id":"w263617407","ad":"Çerkezköy Devlet Hastanesi","il":"Tekirdağ","ilce":"","tur":"Devlet","brans":"Genel","acil":true,"yatak":null,"isletmeci":"Sağlık Bakanlığı","telefon":"","web":"","adres":"","osm":"https://www.openstreetmap.org/way/263617407"},"geometry":{"type":"Point","coordinates":[28.01196,41.28448]}},{"type":"Feature","properties":{"_id":"w264414100","ad":"Akademi Hastanesi","il":"Konya","ilce":"Meram/Konya","tur":"Belirsiz","brans":"Genel","acil":true,"yatak":null,"isletmeci":"","telefon":"+90 332 353 88 03","web":"https://www.akademihastanesi.com/anaSayfa","adres":"Furkan Dede Caddesi 12","osm":"https://www.openstreetmap.org/way/264414100"},"geometry":{"type":"Point","coordinates":[32.4912,37.86576]}},{"type":"Feature","properties":{"_id":"w265714059","ad":"Aydın Devlet Hastanesi","il":"Aydın","ilce":"","tur":"Devlet","brans":"Genel","acil":null,"yatak":null,"isletmeci":"","telefon":"","web":"","adres":"","osm":"https://www.openstreetmap.org/way/265714059"},"geometry":{"type":"Point","coordinates":[27.83677,37.84868]}},{"type":"Feature","properties":{"_id":"w265714060","ad":"Adnan Menderes Üniversitesi Hastanesi","il":"Aydın","ilce":"","tur":"Üniversite","brans":"Genel","acil":null,"yatak":null,"isletmeci":"Adnan Menderes Üniversitesi","telefon":"","web":"https://hastane.adu.edu.tr/","adres":"","osm":"https://www.openstreetmap.org/way/265714060"},"geometry":{"type":"Point","coordinates":[27.83483,37.84822]}},{"type":"Feature","properties":{"_id":"w274634980","ad":"Düzce Üniversitesi Tıp Fakültesi Hastanesi","il":"Düzce","ilce":"","tur":"Üniversite","brans":"Genel","acil":true,"yatak":null,"isletmeci":"","telefon":"","web":"","adres":"","osm":"https://www.openstreetmap.org/way/274634980"},"geometry":{"type":"Point","coordinates":[31.17538,40.904]}},{"type":"Feature","properties":{"_id":"w274748131","ad":"Refik Saime Koyuncu Kadınhanı Devlet Hastanesi","il":"Konya","ilce":"Kadınhanı","tur":"Devlet","brans":"Genel","acil":true,"yatak":null,"isletmeci":"","telefon":"","web":"","adres":"Konya Caddesi","osm":"https://www.openstreetmap.org/way/274748131"},"geometry":{"type":"Point","coordinates":[32.23289,38.23803]}},{"type":"Feature","properties":{"_id":"w276177527","ad":"Acıbadem Eskişehir Hastanesi","il":"Eskişehir","ilce":"Eskişehir","tur":"Şehir hastanesi","brans":"Genel","acil":true,"yatak":null,"isletmeci":"Acıbadem","telefon":"+90 222 214 44 44","web":"https://www.acibadem.com.tr/Acibadem_Eskisehir.asp","adres":"","osm":"https://www.openstreetmap.org/way/276177527"},"geometry":{"type":"Point","coordinates":[30.49515,39.78497]}},{"type":"Feature","properties":{"_id":"w276239719","ad":"Yunus Emre Devlet Hastanesi","il":"Eskişehir","ilce":"Eskişehir","tur":"Devlet","brans":"Genel","acil":true,"yatak":null,"isletmeci":"","telefon":"+90 222 211 9595","web":"https://yunusemredh.saglik.gov.tr/","adres":"Fevzi Çakmak Caddesi 1","osm":"https://www.openstreetmap.org/way/276239719"},"geometry":{"type":"Point","coordinates":[30.48901,39.78568]}},{"type":"Feature","properties":{"_id":"w278572867","ad":"Delta Hospital","il":"İstanbul","ilce":"","tur":"Özel","brans":"Genel","acil":null,"yatak":null,"isletmeci":"","telefon":"","web":"","adres":"95","osm":"https://www.openstreetmap.org/way/278572867"},"geometry":{"type":"Point","coordinates":[29.12512,40.94617]}},{"type":"Feature","properties":{"_id":"w278630525","ad":"Maltepe Üniversitesi Kadın Doğum ve Çocuk Hastanesi","il":"İstanbul","ilce":"","tur":"Üniversite","brans":"Kadın doğum / çocuk","acil":true,"yatak":null,"isletmeci":"","telefon":"","web":"","adres":"","osm":"https://www.openstreetmap.org/way/278630525"},"geometry":{"type":"Point","coordinates":[29.13332,40.92604]}},{"type":"Feature","properties":{"_id":"w279915622","ad":"Gazipaşa Devlet Haştanesi","il":"Antalya","ilce":"","tur":"Belirsiz","brans":"Genel","acil":true,"yatak":null,"isletmeci":"","telefon":"","web":"","adres":"","osm":"https://www.openstreetmap.org/way/279915622"},"geometry":{"type":"Point","coordinates":[32.30317,36.27359]}},{"type":"Feature","properties":{"_id":"w280157382","ad":"Kadın Dogum ve Cocuk Hastalıkları Hastanesi","il":"Kahramanmaraş","ilce":"Kahramanmaraş","tur":"Belirsiz","brans":"Genel","acil":null,"yatak":null,"isletmeci":"","telefon":"+903442154800","web":"","adres":"","osm":"https://www.openstreetmap.org/way/280157382"},"geometry":{"type":"Point","coordinates":[36.88341,37.59403]}},{"type":"Feature","properties":{"_id":"w280217871","ad":"Avanos İlçe Entegre Hastanesi","il":"Nevşehir","ilce":"","tur":"Devlet","brans":"Genel","acil":null,"yatak":null,"isletmeci":"","telefon":"","web":"","adres":"","osm":"https://www.openstreetmap.org/way/280217871"},"geometry":{"type":"Point","coordinates":[34.84509,38.71191]}},{"type":"Feature","properties":{"_id":"w280239178","ad":"Ankara Gazi Mustafa Kemal Mesleki ve Çevresel Hastalıklar Hastanesi","il":"Ankara","ilce":"Yenimahalle","tur":"Devlet","brans":"Genel","acil":true,"yatak":null,"isletmeci":"Sağlık Bakanlığı","telefon":"+90 312 212 66 66","web":"https://gazimeslekdh.saglik.gov.tr/","adres":"Silahtar Caddesi 2","osm":"https://www.openstreetmap.org/way/280239178"},"geometry":{"type":"Point","coordinates":[32.82401,39.94504]}},{"type":"Feature","properties":{"_id":"w287831116","ad":"Medline Hastanesi","il":"Konya","ilce":"Konya","tur":"Belirsiz","brans":"Genel","acil":true,"yatak":null,"isletmeci":"","telefon":"+90 332 221 37 37","web":"https://akademimeramhastanesi.com/","adres":"Beyşehir Çevre Yolu 181","osm":"https://www.openstreetmap.org/way/287831116"},"geometry":{"type":"Point","coordinates":[32.44871,37.87949]}},{"type":"Feature","properties":{"_id":"w287878732","ad":"Batman İluh Devlet Hastanesi","il":"Batman","ilce":"Merkez","tur":"Devlet","brans":"Genel","acil":true,"yatak":null,"isletmeci":"Sağlık Bakanlığı","telefon":"+90 488 213 1213","web":"https://batmankdch.saglik.gov.tr/","adres":"Edip Solmaz Bulvarı","osm":"https://www.openstreetmap.org/way/287878732"},"geometry":{"type":"Point","coordinates":[41.12546,37.88967]}},{"type":"Feature","properties":{"_id":"w288292172","ad":"Meram Devlet Hastanesi","il":"Konya","ilce":"Meram","tur":"Devlet","brans":"Genel","acil":true,"yatak":null,"isletmeci":"Sağlık Bakanlığı","telefon":"","web":"https://meramdh.saglik.gov.tr/","adres":"Yeni Meram Caddesi 97","osm":"https://www.openstreetmap.org/way/288292172"},"geometry":{"type":"Point","coordinates":[32.44586,37.86099]}},{"type":"Feature","properties":{"_id":"w288606118","ad":"KTO Karatay Üniversitesi Medicana Tıp Fakültesi Hastanesi","il":"Konya","ilce":"Selçuklu/Konya","tur":"Üniversite","brans":"Genel","acil":true,"yatak":null,"isletmeci":"","telefon":"","web":"","adres":"","osm":"https://www.openstreetmap.org/way/288606118"},"geometry":{"type":"Point","coordinates":[32.49605,37.89373]}},{"type":"Feature","properties":{"_id":"w288737563","ad":"Mardin Kadın Doğum ve Çocuk Hastanesi","il":"Mardin","ilce":"Artuklu/Mardin","tur":"Devlet","brans":"Kadın doğum / çocuk","acil":true,"yatak":null,"isletmeci":"","telefon":"","web":"","adres":"","osm":"https://www.openstreetmap.org/way/288737563"},"geometry":{"type":"Point","coordinates":[40.72475,37.32069]}},{"type":"Feature","properties":{"_id":"w290011741","ad":"Özel Kızılay Hastanesi","il":"Konya","ilce":"Konya","tur":"Özel","brans":"Genel","acil":true,"yatak":null,"isletmeci":"","telefon":"","web":"","adres":"","osm":"https://www.openstreetmap.org/way/290011741"},"geometry":{"type":"Point","coordinates":[32.49934,37.86682]}},{"type":"Feature","properties":{"_id":"w292031088","ad":"Kadirli Devlet Hastanesi","il":"Osmaniye","ilce":"Kadirli","tur":"Devlet","brans":"Genel","acil":true,"yatak":null,"isletmeci":"","telefon":"0328 717 77 77","web":"","adres":"Turgut Özal Bulv.","osm":"https://www.openstreetmap.org/way/292031088"},"geometry":{"type":"Point","coordinates":[36.09775,37.34535]}},{"type":"Feature","properties":{"_id":"w293682860","ad":"Sanko Ozel Sani Konukoglu Hastanesi","il":"Gaziantep","ilce":"Gaziantep","tur":"Özel","brans":"Genel","acil":true,"yatak":null,"isletmeci":"","telefon":"+903422115000","web":"","adres":"","osm":"https://www.openstreetmap.org/way/293682860"},"geometry":{"type":"Point","coordinates":[37.36806,37.07223]}},{"type":"Feature","properties":{"_id":"w294930641","ad":"Malatya Eğitim ve Araştırma Hastanesi","il":"Malatya","ilce":"Malatya","tur":"Eğitim ve araştırma","brans":"Genel","acil":true,"yatak":null,"isletmeci":"","telefon":"","web":"","adres":"Malatya-Elazığ yolu","osm":"https://www.openstreetmap.org/way/294930641"},"geometry":{"type":"Point","coordinates":[38.27968,38.34906]}},{"type":"Feature","properties":{"_id":"w295295350","ad":"Kahta Devlet Hastanesi","il":"Adıyaman","ilce":"","tur":"Devlet","brans":"Genel","acil":true,"yatak":null,"isletmeci":"Sağlık Bakanlığı","telefon":"","web":"","adres":"","osm":"https://www.openstreetmap.org/way/295295350"},"geometry":{"type":"Point","coordinates":[38.60637,37.79744]}},{"type":"Feature","properties":{"_id":"w296241652","ad":"Gözde Hastanesi","il":"Adıyaman","ilce":"Adıyaman","tur":"Belirsiz","brans":"Dal hastanesi","acil":true,"yatak":null,"isletmeci":"","telefon":"","web":"","adres":"","osm":"https://www.openstreetmap.org/way/296241652"},"geometry":{"type":"Point","coordinates":[38.27892,37.75998]}},{"type":"Feature","properties":{"_id":"w297134578","ad":"Batman Eğitim ve Araştırma Hastanesi","il":"Batman","ilce":"Merkez","tur":"Eğitim ve araştırma","brans":"Dal hastanesi","acil":true,"yatak":null,"isletmeci":"","telefon":"+90 488 221 30 66","web":"","adres":"Fırat Caddesi","osm":"https://www.openstreetmap.org/way/297134578"},"geometry":{"type":"Point","coordinates":[41.13764,37.91255]}},{"type":"Feature","properties":{"_id":"w297727263","ad":"Özel Eskişehir Anadolu Hastanesi","il":"Eskişehir","ilce":"odunpazarı","tur":"Özel","brans":"Dal hastanesi","acil":true,"yatak":null,"isletmeci":"Medes Özel Sağlık Hizmetleri","telefon":"+902222214848","web":"https://ozelanadoluhastanesi.com","adres":"Kıbrıs şehitleri caddesi 55","osm":"https://www.openstreetmap.org/way/297727263"},"geometry":{"type":"Point","coordinates":[30.51393,39.76725]}},{"type":"Feature","properties":{"_id":"w297814448","ad":"Nazilli Devlet Hastanesi","il":"Aydın","ilce":"Nazilli","tur":"Devlet","brans":"Genel","acil":true,"yatak":null,"isletmeci":"","telefon":"","web":"","adres":"","osm":"https://www.openstreetmap.org/way/297814448"},"geometry":{"type":"Point","coordinates":[28.33829,37.92053]}},{"type":"Feature","properties":{"_id":"w298129119","ad":"Acıbadem Hospital","il":"İstanbul","ilce":"","tur":"Özel","brans":"Genel","acil":null,"yatak":null,"isletmeci":"Acıbadem","telefon":"","web":"","adres":"","osm":"https://www.openstreetmap.org/way/298129119"},"geometry":{"type":"Point","coordinates":[28.6559,41.00356]}},{"type":"Feature","properties":{"_id":"w299247980","ad":"Midyat Devlet Hastanesi","il":"Mardin","ilce":"Midyat","tur":"Devlet","brans":"Genel","acil":true,"yatak":null,"isletmeci":"","telefon":"","web":"","adres":"","osm":"https://www.openstreetmap.org/way/299247980"},"geometry":{"type":"Point","coordinates":[41.35186,37.41057]}},{"type":"Feature","properties":{"_id":"w299257216","ad":"Yaşam Hastanesi","il":"Batman","ilce":"Merkez","tur":"Belirsiz","brans":"Genel","acil":true,"yatak":null,"isletmeci":"","telefon":"+90 488 214 3030","web":"http://batmanyasam.com.tr","adres":"2208. Sokak 1","osm":"https://www.openstreetmap.org/way/299257216"},"geometry":{"type":"Point","coordinates":[41.12866,37.89466]}},{"type":"Feature","properties":{"_id":"w302183107","ad":"Düzce Atatürk Devlet Hastanesi","il":"Düzce","ilce":"","tur":"Devlet","brans":"Genel","acil":true,"yatak":null,"isletmeci":"","telefon":"","web":"","adres":"932. Sokak","osm":"https://www.openstreetmap.org/way/302183107"},"geometry":{"type":"Point","coordinates":[31.13738,40.84306]}},{"type":"Feature","properties":{"_id":"w302549670","ad":"Dörtçelik Çocuk Hastanesi","il":"Bursa","ilce":"","tur":"Belirsiz","brans":"Kadın doğum / çocuk","acil":null,"yatak":null,"isletmeci":"","telefon":"+90 224 275 20 00","web":"http://www.bch.gov.tr","adres":"","osm":"https://www.openstreetmap.org/way/302549670"},"geometry":{"type":"Point","coordinates":[28.92071,40.21852]}},{"type":"Feature","properties":{"_id":"w302867986","ad":"Diyarbakır SBÜ Gazi Yaşargil Eğitim Ve Araştırma Hastanesi","il":"Diyarbakır","ilce":"Kayapınar","tur":"Eğitim ve araştırma","brans":"Genel","acil":true,"yatak":null,"isletmeci":"","telefon":"+90 412 258 00 60","web":"","adres":"","osm":"https://www.openstreetmap.org/way/302867986"},"geometry":{"type":"Point","coordinates":[40.13592,37.98499]}},{"type":"Feature","properties":{"_id":"w302890956","ad":"Giresun Prof. Dr. A. İlhan Özdemir Devlet Hastanesi","il":"Giresun","ilce":"Giresun","tur":"Devlet","brans":"Genel","acil":true,"yatak":null,"isletmeci":"Sağlık Bakanlığı","telefon":"","web":"https://giresundh.saglik.gov.tr/","adres":"","osm":"https://www.openstreetmap.org/way/302890956"},"geometry":{"type":"Point","coordinates":[38.34849,40.90875]}},{"type":"Feature","properties":{"_id":"w303662691","ad":"Çankırı Özel Karatekin Hastanesi","il":"Çankırı","ilce":"Merkez","tur":"Özel","brans":"Genel","acil":true,"yatak":null,"isletmeci":"","telefon":"+90 376 213 3010","web":"https://karatekinhastanesi.com/","adres":"","osm":"https://www.openstreetmap.org/way/303662691"},"geometry":{"type":"Point","coordinates":[33.61532,40.60051]}},{"type":"Feature","properties":{"_id":"w304632871","ad":"Çanakkale Devlet Hastanesi","il":"Çanakkale","ilce":"Çanakkale","tur":"Devlet","brans":"Genel","acil":true,"yatak":null,"isletmeci":"","telefon":"","web":"","adres":"","osm":"https://www.openstreetmap.org/way/304632871"},"geometry":{"type":"Point","coordinates":[26.40797,40.14931]}},{"type":"Feature","properties":{"_id":"w304775266","ad":"Servergazi Devlet Hastanesi","il":"Denizli","ilce":"Denizli","tur":"Devlet","brans":"Genel","acil":true,"yatak":null,"isletmeci":"","telefon":"","web":"","adres":"","osm":"https://www.openstreetmap.org/way/304775266"},"geometry":{"type":"Point","coordinates":[29.01906,37.77673]}},{"type":"Feature","properties":{"_id":"w305139733","ad":"Mehmet Akif İnan Eğitim ve Araştırma Hastanesi","il":"Şanlıurfa","ilce":"Şanlıurfa","tur":"Eğitim ve araştırma","brans":"Genel","acil":true,"yatak":null,"isletmeci":"","telefon":"","web":"","adres":"","osm":"https://www.openstreetmap.org/way/305139733"},"geometry":{"type":"Point","coordinates":[38.81274,37.18349]}},{"type":"Feature","properties":{"_id":"w305817026","ad":"Oltu İlçe Devlet Hastanesi","il":"Erzurum","ilce":"Oltu","tur":"Devlet","brans":"Genel","acil":true,"yatak":null,"isletmeci":"","telefon":"","web":"","adres":"","osm":"https://www.openstreetmap.org/way/305817026"},"geometry":{"type":"Point","coordinates":[41.98735,40.54043]}},{"type":"Feature","properties":{"_id":"w305826780","ad":"Marmara Üniversitesi Pendik Eğitim ve Araştırma Hastanesi","il":"İstanbul","ilce":"Pendik","tur":"Eğitim ve araştırma","brans":"Genel","acil":true,"yatak":null,"isletmeci":"","telefon":"","web":"https://marmaraeah.saglik.gov.tr/","adres":"Muhsin Yazıcıoğlu Caddesi 10","osm":"https://www.openstreetmap.org/way/305826780"},"geometry":{"type":"Point","coordinates":[29.2627,40.88676]}},{"type":"Feature","properties":{"_id":"w305839875","ad":"Ümraniye Eğitim ve Araştırma Hastanesi","il":"İstanbul","ilce":"Ümraniye","tur":"Eğitim ve araştırma","brans":"Genel","acil":true,"yatak":null,"isletmeci":"","telefon":"","web":"https://umraniyeah.saglik.gov.tr/","adres":"Adem Yavuz Caddesi 1","osm":"https://www.openstreetmap.org/way/305839875"},"geometry":{"type":"Point","coordinates":[29.10127,41.03235]}},{"type":"Feature","properties":{"_id":"w308065253","ad":"Acıbadem Bursa Hastanesi","il":"Bursa","ilce":"","tur":"Özel","brans":"Genel","acil":true,"yatak":null,"isletmeci":"Acıbadem","telefon":"444 55 44","web":"https://www.acibadem.com.tr/danisma/Hastaneler/40/13/bursa-hastanesi","adres":"","osm":"https://www.openstreetmap.org/way/308065253"},"geometry":{"type":"Point","coordinates":[28.97613,40.21282]}},{"type":"Feature","properties":{"_id":"w309899656","ad":"Karaman Devlet Hastanesi","il":"Karaman","ilce":"Karaman","tur":"Devlet","brans":"Genel","acil":true,"yatak":null,"isletmeci":"","telefon":"+90 338 226 30 00","web":"https://karamandh.saglik.gov.tr/","adres":"1984. Sokak 1","osm":"https://www.openstreetmap.org/way/309899656"},"geometry":{"type":"Point","coordinates":[33.25694,37.16597]}},{"type":"Feature","properties":{"_id":"w310469185","ad":"Kırşehir Devlet Hastanesi","il":"Kırşehir","ilce":"Kırşehir","tur":"Devlet","brans":"Genel","acil":true,"yatak":null,"isletmeci":"","telefon":"","web":"","adres":"","osm":"https://www.openstreetmap.org/way/310469185"},"geometry":{"type":"Point","coordinates":[34.16361,39.15839]}},{"type":"Feature","properties":{"_id":"w310813112","ad":"İlgi Hastanesi","il":"İstanbul","ilce":"","tur":"Belirsiz","brans":"Genel","acil":true,"yatak":null,"isletmeci":"","telefon":"","web":"","adres":"Soganli Cd. 77","osm":"https://www.openstreetmap.org/way/310813112"},"geometry":{"type":"Point","coordinates":[28.86669,41.02091]}},{"type":"Feature","properties":{"_id":"w311363900","ad":"Ada Hastanesi","il":"Giresun","ilce":"Giresun","tur":"Belirsiz","brans":"Genel","acil":true,"yatak":null,"isletmeci":"","telefon":"","web":"","adres":"","osm":"https://www.openstreetmap.org/way/311363900"},"geometry":{"type":"Point","coordinates":[38.44416,40.91317]}},{"type":"Feature","properties":{"_id":"w312068425","ad":"Viranşehir Devlet Hastanesi","il":"Şanlıurfa","ilce":"Viranşehir","tur":"Devlet","brans":"Genel","acil":true,"yatak":null,"isletmeci":"","telefon":"+90 414 511 30 07","web":"","adres":"","osm":"https://www.openstreetmap.org/way/312068425"},"geometry":{"type":"Point","coordinates":[39.77137,37.21108]}},{"type":"Feature","properties":{"_id":"w312367436","ad":"Aile Hastanesi","il":"İstanbul","ilce":"","tur":"Belirsiz","brans":"Genel","acil":true,"yatak":null,"isletmeci":"","telefon":"","web":"","adres":"","osm":"https://www.openstreetmap.org/way/312367436"},"geometry":{"type":"Point","coordinates":[28.86696,40.9974]}},{"type":"Feature","properties":{"_id":"w312498367","ad":"Bülent Ecevit Üniversitesi İbni Sina Kampüsü","il":"Zonguldak","ilce":"","tur":"Üniversite","brans":"Genel","acil":true,"yatak":null,"isletmeci":"","telefon":"","web":"","adres":"15","osm":"https://www.openstreetmap.org/way/312498367"},"geometry":{"type":"Point","coordinates":[31.70445,41.41437]}},{"type":"Feature","properties":{"_id":"w312498369","ad":"Zonguldak Bülent Ecevit Üniversitesi Tıp Fakültesi Hastanesi","il":"Zonguldak","ilce":"","tur":"Üniversite","brans":"Genel","acil":true,"yatak":null,"isletmeci":"Zonguldak Bülent Ecevit Üniversitesi","telefon":"","web":"","adres":"","osm":"https://www.openstreetmap.org/way/312498369"},"geometry":{"type":"Point","coordinates":[31.70455,41.41491]}},{"type":"Feature","properties":{"_id":"w312898728","ad":"Hacıbektaş İlçe Devlet Hastanesi","il":"Nevşehir","ilce":"Hacıbektaş","tur":"Devlet","brans":"Dal hastanesi","acil":true,"yatak":null,"isletmeci":"Sağlık Bakanlığı","telefon":"+90 384 441 30 15;+90 384 441 30 75","web":"https://hacibektasieh.saglik.gov.tr","adres":"Hastane Caddesi 4/1","osm":"https://www.openstreetmap.org/way/312898728"},"geometry":{"type":"Point","coordinates":[34.5555,38.93812]}},{"type":"Feature","properties":{"_id":"w313211238","ad":"Akçaabat Haçkalı Baba Devlet Hastanesi","il":"Trabzon","ilce":"Akçaabat / Trabzon","tur":"Devlet","brans":"Genel","acil":true,"yatak":null,"isletmeci":"","telefon":"","web":"","adres":"","osm":"https://www.openstreetmap.org/way/313211238"},"geometry":{"type":"Point","coordinates":[39.59424,41.01707]}},{"type":"Feature","properties":{"_id":"w313237772","ad":"Şiran Devlet Hastanesi","il":"Gümüşhane","ilce":"","tur":"Devlet","brans":"Genel","acil":true,"yatak":null,"isletmeci":"","telefon":"","web":"","adres":"","osm":"https://www.openstreetmap.org/way/313237772"},"geometry":{"type":"Point","coordinates":[39.1233,40.18883]}},{"type":"Feature","properties":{"_id":"w313433603","ad":"Özel Yaşam Hastanesi","il":"Ankara","ilce":"","tur":"Özel","brans":"Genel","acil":true,"yatak":null,"isletmeci":"","telefon":"","web":"","adres":"","osm":"https://www.openstreetmap.org/way/313433603"},"geometry":{"type":"Point","coordinates":[32.87179,39.88283]}},{"type":"Feature","properties":{"_id":"w313527798","ad":"Adıyaman Üniversitesi Eğitim Araştırma Hastanesi","il":"Adıyaman","ilce":"Adıyaman","tur":"Üniversite","brans":"Genel","acil":true,"yatak":null,"isletmeci":"Sağlık Bakanlığı","telefon":"","web":"http://www.adiyamaneah.gov.tr/","adres":"","osm":"https://www.openstreetmap.org/way/313527798"},"geometry":{"type":"Point","coordinates":[38.32322,37.76705]}},{"type":"Feature","properties":{"_id":"w314811573","ad":"Özel Alanya Anadolu Hastanesi","il":"Antalya","ilce":"Alanya/Antalya","tur":"Özel","brans":"Genel","acil":true,"yatak":null,"isletmeci":"","telefon":"+90 242 522 6262","web":"https://www.anatoliahospital.com/","adres":"Stad Caddesi","osm":"https://www.openstreetmap.org/way/314811573"},"geometry":{"type":"Point","coordinates":[31.99056,36.55572]}},{"type":"Feature","properties":{"_id":"w315715372","ad":"Memorial Bahçelievler Hastanesi","il":"İstanbul","ilce":"Bahçelievler","tur":"Özel","brans":"Genel","acil":true,"yatak":null,"isletmeci":"Memorial","telefon":"","web":"https://www.memorial.com.tr/hastane-ve-tip-merkezleri/bahcelievler/","adres":"Adnan Kahveci Bulvarı 227","osm":"https://www.openstreetmap.org/way/315715372"},"geometry":{"type":"Point","coordinates":[28.85274,40.99328]}},{"type":"Feature","properties":{"_id":"w316524218","ad":"Yenimahalle Eğitim ve Araştırma Hastanesi","il":"Ankara","ilce":"Yenimahalle","tur":"Eğitim ve araştırma","brans":"Genel","acil":true,"yatak":null,"isletmeci":"Sağlık Bakanlığı","telefon":"+90 312 587 20 00","web":"https://yenimahalleeah.saglik.gov.tr/","adres":"2365. Sokak 4","osm":"https://www.openstreetmap.org/way/316524218"},"geometry":{"type":"Point","coordinates":[32.69466,39.97037]}},{"type":"Feature","properties":{"_id":"w316629384","ad":"Acıbadem Üniversitesi Hastanesi","il":"İstanbul","ilce":"İstanbul","tur":"Üniversite","brans":"Genel","acil":true,"yatak":null,"isletmeci":"Acıbadem","telefon":"","web":"","adres":"Turgut Özal Bulvarı","osm":"https://www.openstreetmap.org/way/316629384"},"geometry":{"type":"Point","coordinates":[28.77866,41.03491]}},{"type":"Feature","properties":{"_id":"w316650279","ad":"Mehmet Akif Ersoy Göğüs Kalp Ve Damar Cerrahisi Eğitim Ve Araştırma Hastanesi","il":"İstanbul","ilce":"İstanbul","tur":"Eğitim ve araştırma","brans":"Dal hastanesi","acil":true,"yatak":null,"isletmeci":"","telefon":"+90212 692 20 00","web":"http://www.imaeh.gov.tr/","adres":"","osm":"https://www.openstreetmap.org/way/316650279"},"geometry":{"type":"Point","coordinates":[28.77703,41.03338]}},{"type":"Feature","properties":{"_id":"w316666736","ad":"Kanuni Sultan Süleyman Eğitim ve Araştırma Hastanesi","il":"İstanbul","ilce":"İstanbul","tur":"Eğitim ve araştırma","brans":"Genel","acil":true,"yatak":null,"isletmeci":"","telefon":"+90 212 404 1500","web":"http://kanunieah.gov.tr","adres":"Turgut Özal Cd 1","osm":"https://www.openstreetmap.org/way/316666736"},"geometry":{"type":"Point","coordinates":[28.75957,41.05464]}},{"type":"Feature","properties":{"_id":"w317021355","ad":"KSBÜ Evliya Çelebi Eğitim ve Araştırma Hastanesi","il":"Kütahya","ilce":"Merkez","tur":"Eğitim ve araştırma","brans":"Genel","acil":true,"yatak":null,"isletmeci":"Sağlık Bakanlığı","telefon":"+90 274 2316660","web":"https://ecd.saglik.gov.tr/","adres":"Okmeydanı Caddesi 2","osm":"https://www.openstreetmap.org/way/317021355"},"geometry":{"type":"Point","coordinates":[29.9633,39.42434]}},{"type":"Feature","properties":{"_id":"w317764983","ad":"Baykan Devlet Hastanesi","il":"Siirt","ilce":"Baykan","tur":"Devlet","brans":"Genel","acil":true,"yatak":null,"isletmeci":"Sağlık Bakanlığı","telefon":"","web":"","adres":"","osm":"https://www.openstreetmap.org/way/317764983"},"geometry":{"type":"Point","coordinates":[41.78177,38.16002]}},{"type":"Feature","properties":{"_id":"w317769390","ad":"Özel Şifa Hastanesi","il":"Yozgat","ilce":"Yozgat","tur":"Özel","brans":"Genel","acil":true,"yatak":null,"isletmeci":"","telefon":"+90 354 217 65 65","web":"","adres":"","osm":"https://www.openstreetmap.org/way/317769390"},"geometry":{"type":"Point","coordinates":[34.82011,39.82722]}},{"type":"Feature","properties":{"_id":"w321507984","ad":"Hayat Hastanesi","il":"Niğde","ilce":"","tur":"Belirsiz","brans":"Genel","acil":true,"yatak":null,"isletmeci":"","telefon":"","web":"","adres":"","osm":"https://www.openstreetmap.org/way/321507984"},"geometry":{"type":"Point","coordinates":[34.66504,37.96272]}},{"type":"Feature","properties":{"_id":"w321781955","ad":"Manavgat Devlet Hastanesi","il":"Antalya","ilce":"","tur":"Devlet","brans":"Genel","acil":true,"yatak":null,"isletmeci":"","telefon":"","web":"","adres":"","osm":"https://www.openstreetmap.org/way/321781955"},"geometry":{"type":"Point","coordinates":[31.44059,36.79566]}},{"type":"Feature","properties":{"_id":"w321793912","ad":"Uncalı Meydan Hastanesi","il":"Antalya","ilce":"Konyaaltı","tur":"Belirsiz","brans":"Genel","acil":true,"yatak":null,"isletmeci":"","telefon":"","web":"","adres":"","osm":"https://www.openstreetmap.org/way/321793912"},"geometry":{"type":"Point","coordinates":[30.62097,36.89306]}},{"type":"Feature","properties":{"_id":"w321804048","ad":"Antalya Eğitim Ve Araştırma Hastanesi","il":"Antalya","ilce":"Muratpaşa","tur":"Eğitim ve araştırma","brans":"Genel","acil":true,"yatak":null,"isletmeci":"","telefon":"","web":"","adres":"Kazım Karabekir Caddesi","osm":"https://www.openstreetmap.org/way/321804048"},"geometry":{"type":"Point","coordinates":[30.67789,36.89017]}},{"type":"Feature","properties":{"_id":"w321950596","ad":"Elbistan Devlet Hastanesi","il":"Kahramanmaraş","ilce":"Elbistan","tur":"Devlet","brans":"Genel","acil":true,"yatak":null,"isletmeci":"","telefon":"","web":"","adres":"","osm":"https://www.openstreetmap.org/way/321950596"},"geometry":{"type":"Point","coordinates":[37.15871,38.20354]}},{"type":"Feature","properties":{"_id":"w321950616","ad":"Ozel Elbistan Yasam Hastanesi","il":"Kahramanmaraş","ilce":"Kahramanmaraş","tur":"Özel","brans":"Genel","acil":null,"yatak":null,"isletmeci":"","telefon":"+903444130303","web":"","adres":"","osm":"https://www.openstreetmap.org/way/321950616"},"geometry":{"type":"Point","coordinates":[37.1848,38.20615]}},{"type":"Feature","properties":{"_id":"w322192563","ad":"Osmaniye Devlet Hastanesi","il":"Osmaniye","ilce":"Osmaniye","tur":"Devlet","brans":"Genel","acil":true,"yatak":null,"isletmeci":"","telefon":"","web":"","adres":"","osm":"https://www.openstreetmap.org/way/322192563"},"geometry":{"type":"Point","coordinates":[36.18434,37.05104]}},{"type":"Feature","properties":{"_id":"w322432299","ad":"Gercüş Devlet Hastanesi","il":"Batman","ilce":"Gercüş","tur":"Devlet","brans":"Genel","acil":true,"yatak":null,"isletmeci":"Sağlık Bakanlığı","telefon":"","web":"","adres":"","osm":"https://www.openstreetmap.org/way/322432299"},"geometry":{"type":"Point","coordinates":[41.38592,37.56748]}},{"type":"Feature","properties":{"_id":"w322451606","ad":"Cizre Devlet Hastanesi","il":"Şırnak","ilce":"Cizre","tur":"Devlet","brans":"Genel","acil":true,"yatak":null,"isletmeci":"Sağlık Bakanlığı","telefon":"","web":"","adres":"Amine Yaşın Caddesi 12","osm":"https://www.openstreetmap.org/way/322451606"},"geometry":{"type":"Point","coordinates":[42.19308,37.31499]}},{"type":"Feature","properties":{"_id":"w322457137","ad":"Ömerli Devlet Hastanesi","il":"Mardin","ilce":"Ömerli","tur":"Devlet","brans":"Genel","acil":true,"yatak":null,"isletmeci":"Sağlık Bakanlığı","telefon":"","web":"","adres":"","osm":"https://www.openstreetmap.org/way/322457137"},"geometry":{"type":"Point","coordinates":[40.94385,37.39937]}},{"type":"Feature","properties":{"_id":"w323012799","ad":"Gölbaşı Devlet Hastanesi","il":"Adıyaman","ilce":"Gölbaşı","tur":"Devlet","brans":"Genel","acil":true,"yatak":null,"isletmeci":"Sağlık Bakanlığı","telefon":"","web":"","adres":"","osm":"https://www.openstreetmap.org/way/323012799"},"geometry":{"type":"Point","coordinates":[37.66012,37.78999]}},{"type":"Feature","properties":{"_id":"w323210814","ad":"Şırnak Devlet Hastanesi","il":"Şırnak","ilce":"Şırnak","tur":"Devlet","brans":"Genel","acil":true,"yatak":null,"isletmeci":"Sağlık Bakanlığı","telefon":"","web":"","adres":"","osm":"https://www.openstreetmap.org/way/323210814"},"geometry":{"type":"Point","coordinates":[42.44138,37.5173]}},{"type":"Feature","properties":{"_id":"w323257697","ad":"Bingöl Devlet Hastanesi","il":"Bingöl","ilce":"Bingöl","tur":"Devlet","brans":"Genel","acil":true,"yatak":null,"isletmeci":"","telefon":"+90 426 213 45 08","web":"","adres":"","osm":"https://www.openstreetmap.org/way/323257697"},"geometry":{"type":"Point","coordinates":[40.51292,38.8941]}},{"type":"Feature","properties":{"_id":"w323456968","ad":"Memorial Diyarbakır Hastanesi","il":"Diyarbakır","ilce":"Kayapınar/Diyarbakır","tur":"Özel","brans":"Genel","acil":true,"yatak":null,"isletmeci":"","telefon":"+90 4447888","web":"https://www.memorial.com.tr/diyarbakir_hastanesi/","adres":"","osm":"https://www.openstreetmap.org/way/323456968"},"geometry":{"type":"Point","coordinates":[40.18778,37.93613]}},{"type":"Feature","properties":{"_id":"w324059873","ad":"Zübeyde Hanım Doğum ve Kadın Hastalıkları Hastanesi","il":"Ankara","ilce":"","tur":"Devlet","brans":"Kadın doğum / çocuk","acil":true,"yatak":null,"isletmeci":"Türkiye Cumhuriyeti Sağlık Bakanlığı","telefon":"","web":"","adres":"","osm":"https://www.openstreetmap.org/way/324059873"},"geometry":{"type":"Point","coordinates":[32.83967,39.9644]}},{"type":"Feature","properties":{"_id":"w326002168","ad":"Susurluk Eski Devlet Hastanesi","il":"Balıkesir","ilce":"","tur":"Devlet","brans":"Genel","acil":null,"yatak":null,"isletmeci":"Sağlık Bakanlığı","telefon":"","web":"","adres":"","osm":"https://www.openstreetmap.org/way/326002168"},"geometry":{"type":"Point","coordinates":[28.15122,39.91629]}},{"type":"Feature","properties":{"_id":"w326541873","ad":"Diyarlife Hastanesi","il":"Diyarbakır","ilce":"Diyarbakır","tur":"Belirsiz","brans":"Genel","acil":true,"yatak":null,"isletmeci":"","telefon":"+90 412 229 2005","web":"https://diyarlifehastanesi.com.tr/","adres":"Ali Emiri Caddesi","osm":"https://www.openstreetmap.org/way/326541873"},"geometry":{"type":"Point","coordinates":[40.23381,37.91649]}},{"type":"Feature","properties":{"_id":"w326741583","ad":"25 Aralık Devlet Hastanesi","il":"Gaziantep","ilce":"Gaziantep","tur":"Devlet","brans":"Genel","acil":true,"yatak":null,"isletmeci":"","telefon":"","web":"","adres":"","osm":"https://www.openstreetmap.org/way/326741583"},"geometry":{"type":"Point","coordinates":[37.36114,37.06496]}},{"type":"Feature","properties":{"_id":"w326752049","ad":"Gözde Hastanesi","il":"Gaziantep","ilce":"Gaziantep","tur":"Belirsiz","brans":"Dal hastanesi","acil":true,"yatak":null,"isletmeci":"","telefon":"","web":"","adres":"","osm":"https://www.openstreetmap.org/way/326752049"},"geometry":{"type":"Point","coordinates":[37.36562,37.05922]}},{"type":"Feature","properties":{"_id":"w327364145","ad":"Diyarbakır Selahaddin Eyyubi Devlet Hastanesi","il":"Diyarbakır","ilce":"Yenişehir/Diyarbakır","tur":"Devlet","brans":"Genel","acil":true,"yatak":null,"isletmeci":"","telefon":"+90 412 228 54 30","web":"","adres":"","osm":"https://www.openstreetmap.org/way/327364145"},"geometry":{"type":"Point","coordinates":[40.23966,37.91861]}},{"type":"Feature","properties":{"_id":"w327368754","ad":"Dicle Üniv. Kalp Hastanesi","il":"Diyarbakır","ilce":"Diyarbakır","tur":"Üniversite","brans":"Dal hastanesi","acil":null,"yatak":null,"isletmeci":"Dicle Üniversitesi","telefon":"","web":"","adres":"","osm":"https://www.openstreetmap.org/way/327368754"},"geometry":{"type":"Point","coordinates":[40.25684,37.92383]}},{"type":"Feature","properties":{"_id":"w328024078","ad":"Yüksek İhtisas Eğitim ve Araştırma Hastanesi","il":"Bursa","ilce":"","tur":"Eğitim ve araştırma","brans":"Genel","acil":true,"yatak":null,"isletmeci":"","telefon":"","web":"","adres":"","osm":"https://www.openstreetmap.org/way/328024078"},"geometry":{"type":"Point","coordinates":[29.12864,40.18484]}},{"type":"Feature","properties":{"_id":"w328620462","ad":"Kışla Başkent Hastanesi","il":"Adana","ilce":"","tur":"Belirsiz","brans":"Genel","acil":null,"yatak":null,"isletmeci":"","telefon":"+90 322 344 4444","web":"http://www.baskent-adn.edu.tr/iletisim/","adres":"","osm":"https://www.openstreetmap.org/way/328620462"},"geometry":{"type":"Point","coordinates":[35.34402,37.01261]}},{"type":"Feature","properties":{"_id":"w328667444","ad":"Pasinler Devlet Hastanesi","il":"Erzurum","ilce":"","tur":"Devlet","brans":"Genel","acil":true,"yatak":null,"isletmeci":"","telefon":"","web":"","adres":"","osm":"https://www.openstreetmap.org/way/328667444"},"geometry":{"type":"Point","coordinates":[41.66816,39.98131]}},{"type":"Feature","properties":{"_id":"w329073681","ad":"Genesis Hospital","il":"Diyarbakır","ilce":"Kayapınar/Diyarbakır","tur":"Özel","brans":"Genel","acil":true,"yatak":null,"isletmeci":"","telefon":"+90 4443823","web":"https://www.genesishospital.com.tr/","adres":"Diyarbakır-Şanlıurfa yolu 18","osm":"https://www.openstreetmap.org/way/329073681"},"geometry":{"type":"Point","coordinates":[40.20409,37.93617]}},{"type":"Feature","properties":{"_id":"w329093428","ad":"Özel Sultan Hastanesi","il":"Diyarbakır","ilce":"Diyarbakır","tur":"Özel","brans":"Genel","acil":true,"yatak":null,"isletmeci":"","telefon":"+90 850 644 2121","web":"http://www.sultanhastanesi.com/","adres":"Aydın Arslan Bulvarı","osm":"https://www.openstreetmap.org/way/329093428"},"geometry":{"type":"Point","coordinates":[40.20441,37.93121]}},{"type":"Feature","properties":{"_id":"w329263922","ad":"Memorial Dicle Hastanesi","il":"Diyarbakır","ilce":"Diyarbakır","tur":"Özel","brans":"Genel","acil":true,"yatak":null,"isletmeci":"","telefon":"+904123156666","web":"","adres":"Diyarbakır-Şanlıurfa yolu","osm":"https://www.openstreetmap.org/way/329263922"},"geometry":{"type":"Point","coordinates":[40.162,37.92556]}},{"type":"Feature","properties":{"_id":"w329654410","ad":"Dicle Üniv. Onkoloji Hastanesi","il":"Diyarbakır","ilce":"","tur":"Üniversite","brans":"Dal hastanesi","acil":null,"yatak":null,"isletmeci":"Dicle Üniversitesi","telefon":"","web":"","adres":"","osm":"https://www.openstreetmap.org/way/329654410"},"geometry":{"type":"Point","coordinates":[40.25719,37.92127]}},{"type":"Feature","properties":{"_id":"w330200468","ad":"Adana Şehir Hastanesi","il":"Adana","ilce":"","tur":"Şehir hastanesi","brans":"Genel","acil":true,"yatak":null,"isletmeci":"","telefon":"","web":"","adres":"","osm":"https://www.openstreetmap.org/way/330200468"},"geometry":{"type":"Point","coordinates":[35.34984,37.02796]}},{"type":"Feature","properties":{"_id":"w333856078","ad":"Samsun Eğitim Araştırma Hastanesi","il":"Samsun","ilce":"Samsun","tur":"Eğitim ve araştırma","brans":"Dal hastanesi","acil":true,"yatak":null,"isletmeci":"","telefon":"","web":"","adres":"","osm":"https://www.openstreetmap.org/way/333856078"},"geometry":{"type":"Point","coordinates":[36.29782,41.27175]}},{"type":"Feature","properties":{"_id":"w334275748","ad":"İdil Devlet Hastanesi","il":"Şırnak","ilce":"İdil","tur":"Devlet","brans":"Genel","acil":true,"yatak":null,"isletmeci":"Sağlık Bakanlığı","telefon":"","web":"","adres":"","osm":"https://www.openstreetmap.org/way/334275748"},"geometry":{"type":"Point","coordinates":[41.90044,37.33989]}},{"type":"Feature","properties":{"_id":"w334288675","ad":"Ergani Devlet Hastanesi","il":"Diyarbakır","ilce":"Ergani","tur":"Devlet","brans":"Genel","acil":true,"yatak":null,"isletmeci":"Sağlık Bakanlığı","telefon":"+90 412 611 5112","web":"","adres":"","osm":"https://www.openstreetmap.org/way/334288675"},"geometry":{"type":"Point","coordinates":[39.78232,38.26427]}},{"type":"Feature","properties":{"_id":"w334981712","ad":"Sungurlu Devlet Hastanesi","il":"Çorum","ilce":"Sungurlu","tur":"Devlet","brans":"Genel","acil":true,"yatak":null,"isletmeci":"Sağlık Bakanlığı","telefon":"","web":"","adres":"","osm":"https://www.openstreetmap.org/way/334981712"},"geometry":{"type":"Point","coordinates":[34.40003,40.17255]}},{"type":"Feature","properties":{"_id":"w335899447","ad":"Düztepe Yaşam Hastanesi","il":"Gaziantep","ilce":"Gaziantep","tur":"Belirsiz","brans":"Genel","acil":true,"yatak":null,"isletmeci":"","telefon":"","web":"","adres":"","osm":"https://www.openstreetmap.org/way/335899447"},"geometry":{"type":"Point","coordinates":[37.38144,37.04729]}},{"type":"Feature","properties":{"_id":"w336647649","ad":"Tokat Devlet Hastanesi","il":"Tokat","ilce":"Tokat","tur":"Devlet","brans":"Genel","acil":true,"yatak":null,"isletmeci":"Sağlık Bakanlığı","telefon":"","web":"","adres":"","osm":"https://www.openstreetmap.org/way/336647649"},"geometry":{"type":"Point","coordinates":[36.56344,40.32735]}},{"type":"Feature","properties":{"_id":"w338268096","ad":"Solhan İlçe Devlet Hastanesi","il":"Bingöl","ilce":"Solhan","tur":"Devlet","brans":"Genel","acil":true,"yatak":null,"isletmeci":"","telefon":"","web":"","adres":"","osm":"https://www.openstreetmap.org/way/338268096"},"geometry":{"type":"Point","coordinates":[41.04011,38.95963]}},{"type":"Feature","properties":{"_id":"w339552779","ad":"Aşkale Devlet Hastanesi","il":"Erzurum","ilce":"Aşkale","tur":"Devlet","brans":"Genel","acil":true,"yatak":null,"isletmeci":"Sağlık Bakanlığı","telefon":"","web":"","adres":"","osm":"https://www.openstreetmap.org/way/339552779"},"geometry":{"type":"Point","coordinates":[40.68054,39.91755]}},{"type":"Feature","properties":{"_id":"w342937675","ad":"Araç Devlet Hastanesi","il":"Kastamonu","ilce":"","tur":"Devlet","brans":"Genel","acil":null,"yatak":null,"isletmeci":"","telefon":"","web":"","adres":"","osm":"https://www.openstreetmap.org/way/342937675"},"geometry":{"type":"Point","coordinates":[33.32571,41.24472]}},{"type":"Feature","properties":{"_id":"w343809587","ad":"Tekirdağ Ağız ve Diş Sağlığı Hastanesi","il":"Tekirdağ","ilce":"","tur":"Devlet","brans":"Dal hastanesi","acil":null,"yatak":null,"isletmeci":"Sağlık Bakanlığı","telefon":"","web":"","adres":"","osm":"https://www.openstreetmap.org/way/343809587"},"geometry":{"type":"Point","coordinates":[27.52727,41.00851]}},{"type":"Feature","properties":{"_id":"w344257554","ad":"Şebinkarahisar Devlet Hastanesi","il":"Giresun","ilce":"Şebinkarahisar/Giresun","tur":"Devlet","brans":"Genel","acil":true,"yatak":null,"isletmeci":"","telefon":"","web":"","adres":"","osm":"https://www.openstreetmap.org/way/344257554"},"geometry":{"type":"Point","coordinates":[38.42595,40.29861]}},{"type":"Feature","properties":{"_id":"w346658503","ad":"Sultandağı Devlet Hastanesi","il":"Afyonkarahisar","ilce":"","tur":"Devlet","brans":"Genel","acil":null,"yatak":null,"isletmeci":"","telefon":"","web":"","adres":"","osm":"https://www.openstreetmap.org/way/346658503"},"geometry":{"type":"Point","coordinates":[31.23899,38.53485]}},{"type":"Feature","properties":{"_id":"w347629072","ad":"Kemer Devlet Hastanesi","il":"Antalya","ilce":"Antalya","tur":"Devlet","brans":"Genel","acil":true,"yatak":null,"isletmeci":"Sağlık Bakanlığı","telefon":"","web":"","adres":"Kumluca-Kemer Yolu","osm":"https://www.openstreetmap.org/way/347629072"},"geometry":{"type":"Point","coordinates":[30.54984,36.61567]}},{"type":"Feature","properties":{"_id":"w349172865","ad":"Muratlı Devlet Hastanesi","il":"Tekirdağ","ilce":"Muratlı","tur":"Devlet","brans":"Genel","acil":null,"yatak":null,"isletmeci":"Sağlık Bakanlığı","telefon":"","web":"","adres":"","osm":"https://www.openstreetmap.org/way/349172865"},"geometry":{"type":"Point","coordinates":[27.493,41.15738]}},{"type":"Feature","properties":{"_id":"w349732745","ad":"Silopi Devlet Hastanesi","il":"Şırnak","ilce":"Silopi","tur":"Devlet","brans":"Genel","acil":true,"yatak":null,"isletmeci":"Sağlık Bakanlığı","telefon":"+90 486 518 31 10","web":"","adres":"73","osm":"https://www.openstreetmap.org/way/349732745"},"geometry":{"type":"Point","coordinates":[42.4555,37.25934]}},{"type":"Feature","properties":{"_id":"w349996095","ad":"Bursa Devlet Hastanesi","il":"Bursa","ilce":"","tur":"Devlet","brans":"Genel","acil":true,"yatak":null,"isletmeci":"Sağlık Bakanlığı","telefon":"","web":"","adres":"","osm":"https://www.openstreetmap.org/way/349996095"},"geometry":{"type":"Point","coordinates":[29.05215,40.18715]}},{"type":"Feature","properties":{"_id":"w352631614","ad":"Karakoçan Devlet Hastanesi","il":"Elazığ","ilce":"","tur":"Devlet","brans":"Genel","acil":null,"yatak":null,"isletmeci":"","telefon":"","web":"","adres":"","osm":"https://www.openstreetmap.org/way/352631614"},"geometry":{"type":"Point","coordinates":[40.04932,38.94691]}},{"type":"Feature","properties":{"_id":"w353847495","ad":"Erzincan Özel Neon Hastanesi","il":"Erzincan","ilce":"Erzincan","tur":"Özel","brans":"Genel","acil":true,"yatak":null,"isletmeci":"","telefon":"","web":"","adres":"","osm":"https://www.openstreetmap.org/way/353847495"},"geometry":{"type":"Point","coordinates":[39.46902,39.74886]}},{"type":"Feature","properties":{"_id":"w354237773","ad":"Medical Park Hastanesi","il":"Gaziantep","ilce":"Şehitkamil/Gaziantep","tur":"Özel","brans":"Genel","acil":true,"yatak":null,"isletmeci":"Medical Park","telefon":"","web":"","adres":"52063. Sokak 2","osm":"https://www.openstreetmap.org/way/354237773"},"geometry":{"type":"Point","coordinates":[37.37083,37.07498]}},{"type":"Feature","properties":{"_id":"w354871651","ad":"Necip Fazıl Kısakürek Kadın Doğum Ve Çocuk Hastanesi","il":"Kahramanmaraş","ilce":"Kahramanmaraş","tur":"Devlet","brans":"Kadın doğum / çocuk","acil":true,"yatak":null,"isletmeci":"","telefon":"","web":"","adres":"","osm":"https://www.openstreetmap.org/way/354871651"},"geometry":{"type":"Point","coordinates":[36.88343,37.59408]}},{"type":"Feature","properties":{"_id":"w354880338","ad":"Özel Ofm Hastanesi","il":"Antalya","ilce":"Kepez","tur":"Özel","brans":"Genel","acil":true,"yatak":null,"isletmeci":"","telefon":"444 5 007","web":"https://www.ofmantalya.com/","adres":"Mehmet Akif Caddesi 96","osm":"https://www.openstreetmap.org/way/354880338"},"geometry":{"type":"Point","coordinates":[30.69118,36.91425]}},{"type":"Feature","properties":{"_id":"w355421337","ad":"Nallıhan Devlet Hastanesi","il":"Ankara","ilce":"Nallıhan","tur":"Devlet","brans":"Genel","acil":true,"yatak":null,"isletmeci":"Sağlık Bakanlığı","telefon":"","web":"","adres":"","osm":"https://www.openstreetmap.org/way/355421337"},"geometry":{"type":"Point","coordinates":[31.33796,40.19409]}},{"type":"Feature","properties":{"_id":"w357978683","ad":"Boyabat Devlet Hastanesi","il":"Sinop","ilce":"Boyabat/Sinop","tur":"Devlet","brans":"Genel","acil":true,"yatak":null,"isletmeci":"","telefon":"","web":"","adres":"","osm":"https://www.openstreetmap.org/way/357978683"},"geometry":{"type":"Point","coordinates":[34.78568,41.46369]}},{"type":"Feature","properties":{"_id":"w358188760","ad":"Sabuncuoğlu Şerafeddin Eğitim Araştırma Hastanesi","il":"Amasya","ilce":"Amasya","tur":"Eğitim ve araştırma","brans":"Genel","acil":true,"yatak":null,"isletmeci":"","telefon":"+90 358 218 40 00","web":"","adres":"","osm":"https://www.openstreetmap.org/way/358188760"},"geometry":{"type":"Point","coordinates":[35.80714,40.65919]}},{"type":"Feature","properties":{"_id":"w360595930","ad":"Atatürk Göğüs Hastalıkları ve Cerrahi Hastanesi","il":"Ankara","ilce":"Keçiören/Ankara","tur":"Devlet","brans":"Dal hastanesi","acil":true,"yatak":null,"isletmeci":"Sağlık Bakanlığı","telefon":"","web":"","adres":"Sanatoryum Caddesi","osm":"https://www.openstreetmap.org/way/360595930"},"geometry":{"type":"Point","coordinates":[32.85433,40.00169]}},{"type":"Feature","properties":{"_id":"w360597260","ad":"Keçiören Eğitim ve Araştırma Hastanesi","il":"Ankara","ilce":"Keçiören/Ankara","tur":"Eğitim ve araştırma","brans":"Genel","acil":true,"yatak":null,"isletmeci":"","telefon":"","web":"","adres":"380. Cadde","osm":"https://www.openstreetmap.org/way/360597260"},"geometry":{"type":"Point","coordinates":[32.85693,40.00209]}},{"type":"Feature","properties":{"_id":"w360695280","ad":"Polatlı Devlet Hastanesi","il":"Ankara","ilce":"Polatlı/Ankara","tur":"Devlet","brans":"Genel","acil":true,"yatak":null,"isletmeci":"","telefon":"","web":"","adres":"","osm":"https://www.openstreetmap.org/way/360695280"},"geometry":{"type":"Point","coordinates":[32.12636,39.58622]}},{"type":"Feature","properties":{"_id":"w361256304","ad":"Devlet Hastanesi","il":"Ağrı","ilce":"","tur":"Devlet","brans":"Genel","acil":true,"yatak":null,"isletmeci":"","telefon":"","web":"","adres":"","osm":"https://www.openstreetmap.org/way/361256304"},"geometry":{"type":"Point","coordinates":[44.01929,39.53973]}},{"type":"Feature","properties":{"_id":"w361513113","ad":"Beyhekim Devlet Hastanesi","il":"Konya","ilce":"Selçuklu/Konya","tur":"Devlet","brans":"Genel","acil":true,"yatak":null,"isletmeci":"","telefon":"","web":"","adres":"","osm":"https://www.openstreetmap.org/way/361513113"},"geometry":{"type":"Point","coordinates":[32.48374,37.98823]}},{"type":"Feature","properties":{"_id":"w361568679","ad":"112 Acil Servis","il":"Burdur","ilce":"","tur":"Devlet","brans":"Genel","acil":null,"yatak":null,"isletmeci":"Ambulans Hizmetleri","telefon":"","web":"","adres":"","osm":"https://www.openstreetmap.org/way/361568679"},"geometry":{"type":"Point","coordinates":[30.59059,37.45823]}},{"type":"Feature","properties":{"_id":"w363127799","ad":"Hakkari Devlet Hastanesi","il":"Hakkari","ilce":"Hakkari","tur":"Devlet","brans":"Genel","acil":true,"yatak":null,"isletmeci":"Sağlık Bakanlığı","telefon":"+90 438 211 60 67","web":"","adres":"","osm":"https://www.openstreetmap.org/way/363127799"},"geometry":{"type":"Point","coordinates":[43.73286,37.57279]}},{"type":"Feature","properties":{"_id":"w363316258","ad":"Özel Avrasya Hastanesi","il":"İstanbul","ilce":"Zeytinburnu","tur":"Devlet","brans":"Dal hastanesi","acil":true,"yatak":null,"isletmeci":"Avrasya Hospital Zeytinburnu","telefon":"+90 212 665 50 50","web":"https://www.avrasyahospital.com.tr/","adres":"101. Sokak 107","osm":"https://www.openstreetmap.org/way/363316258"},"geometry":{"type":"Point","coordinates":[28.90666,41.00325]}},{"type":"Feature","properties":{"_id":"w363458808","ad":"Kozluk Devlet Hastanesi","il":"Batman","ilce":"Kozluk","tur":"Devlet","brans":"Genel","acil":true,"yatak":null,"isletmeci":"Sağlık Bakanlığı","telefon":"","web":"","adres":"","osm":"https://www.openstreetmap.org/way/363458808"},"geometry":{"type":"Point","coordinates":[41.49937,38.16415]}},{"type":"Feature","properties":{"_id":"w363681594","ad":"Tatvan Devlet Hastanesi Ek-2","il":"Bitlis","ilce":"Tatvan","tur":"Devlet","brans":"Genel","acil":true,"yatak":null,"isletmeci":"","telefon":"","web":"","adres":"","osm":"https://www.openstreetmap.org/way/363681594"},"geometry":{"type":"Point","coordinates":[42.28599,38.50784]}},{"type":"Feature","properties":{"_id":"w363686453","ad":"Bitlis Devlet Hastanesi","il":"Bitlis","ilce":"Bitlis","tur":"Devlet","brans":"Genel","acil":true,"yatak":null,"isletmeci":"","telefon":"+90 434 246 8420","web":"","adres":"","osm":"https://www.openstreetmap.org/way/363686453"},"geometry":{"type":"Point","coordinates":[42.14025,38.44189]}},{"type":"Feature","properties":{"_id":"w364634026","ad":"Bitlis Tatvan Devlet Hastanesi","il":"Bitlis","ilce":"","tur":"Devlet","brans":"Genel","acil":true,"yatak":null,"isletmeci":"Sağlık Bakanlığı","telefon":"","web":"","adres":"","osm":"https://www.openstreetmap.org/way/364634026"},"geometry":{"type":"Point","coordinates":[42.18871,38.49082]}},{"type":"Feature","properties":{"_id":"w364732542","ad":"Bingöl Devlet Hastanesi","il":"Bingöl","ilce":"Bingöl","tur":"Devlet","brans":"Genel","acil":true,"yatak":null,"isletmeci":"Sağlık Bakanlığı","telefon":"+90 426 213 45 08","web":"","adres":"","osm":"https://www.openstreetmap.org/way/364732542"},"geometry":{"type":"Point","coordinates":[40.5241,38.90589]}},{"type":"Feature","properties":{"_id":"w365299035","ad":"Anıt Hastanesi","il":"Konya","ilce":"Meram/Konya","tur":"Belirsiz","brans":"Genel","acil":true,"yatak":null,"isletmeci":"","telefon":"+90 332 353 04 05","web":"https://anithastanesi.com.tr/","adres":"Kemha Sokak 1","osm":"https://www.openstreetmap.org/way/365299035"},"geometry":{"type":"Point","coordinates":[32.48743,37.86648]}},{"type":"Feature","properties":{"_id":"w365458425","ad":"Dicle Üniversitesi Tıp Fakültesi Hastanesi","il":"Diyarbakır","ilce":"Diyarbakır","tur":"Üniversite","brans":"Genel","acil":true,"yatak":null,"isletmeci":"Dicle Üniversitesi","telefon":"","web":"","adres":"","osm":"https://www.openstreetmap.org/way/365458425"},"geometry":{"type":"Point","coordinates":[40.26533,37.92002]}},{"type":"Feature","properties":{"_id":"w365987204","ad":"Taşkent İlçe Devlet Hastanesi","il":"Konya","ilce":"","tur":"Devlet","brans":"Genel","acil":true,"yatak":null,"isletmeci":"","telefon":"+90 332 310 4000","web":"https://konyaism.saglik.gov.tr/","adres":"","osm":"https://www.openstreetmap.org/way/365987204"},"geometry":{"type":"Point","coordinates":[32.49637,36.92801]}},{"type":"Feature","properties":{"_id":"w366079526","ad":"Mustafakemalpaşa Devlet Hastanesi","il":"Bursa","ilce":"","tur":"Devlet","brans":"Genel","acil":true,"yatak":null,"isletmeci":"Sağlık Bakanlığı","telefon":"","web":"","adres":"","osm":"https://www.openstreetmap.org/way/366079526"},"geometry":{"type":"Point","coordinates":[28.36336,40.02908]}},{"type":"Feature","properties":{"_id":"w366309738","ad":"Başkent Üniversitesi Hastanesi","il":"Konya","ilce":"Selçuklu/Konya","tur":"Üniversite","brans":"Genel","acil":true,"yatak":null,"isletmeci":"","telefon":"","web":"","adres":"Çevre Yolu Caddesi","osm":"https://www.openstreetmap.org/way/366309738"},"geometry":{"type":"Point","coordinates":[32.45634,37.88406]}},{"type":"Feature","properties":{"_id":"w366450675","ad":"Konya Hospital","il":"Konya","ilce":"Karatay/Konya","tur":"Özel","brans":"Genel","acil":true,"yatak":null,"isletmeci":"","telefon":"+90 332 350 37 77","web":"http://www.konyahospital.com/tr/","adres":"Şemsettin Caddesi 95","osm":"https://www.openstreetmap.org/way/366450675"},"geometry":{"type":"Point","coordinates":[32.49432,37.87701]}},{"type":"Feature","properties":{"_id":"w366614842","ad":"Diyarbakır Çocuk Hastalıkları Hastanesi","il":"Diyarbakır","ilce":"Yenişehir","tur":"Devlet","brans":"Kadın doğum / çocuk","acil":true,"yatak":null,"isletmeci":"","telefon":"+90 412 224 57 51","web":"","adres":"","osm":"https://www.openstreetmap.org/way/366614842"},"geometry":{"type":"Point","coordinates":[40.23638,37.92024]}},{"type":"Feature","properties":{"_id":"w367421534","ad":"Etimesgut Şehit Sait Ertürk Devlet Hastanesi","il":"Ankara","ilce":"Etimesgut","tur":"Devlet","brans":"Genel","acil":true,"yatak":null,"isletmeci":"","telefon":"+90 312 552 55 00","web":"","adres":"Ulubatlı Hasan Caddesi 5","osm":"https://www.openstreetmap.org/way/367421534"},"geometry":{"type":"Point","coordinates":[32.66707,39.94509]}},{"type":"Feature","properties":{"_id":"w367483723","ad":"Özel Koru Hastanesi","il":"Ankara","ilce":"Sincan/Ankara","tur":"Özel","brans":"Genel","acil":true,"yatak":null,"isletmeci":"","telefon":"","web":"","adres":"","osm":"https://www.openstreetmap.org/way/367483723"},"geometry":{"type":"Point","coordinates":[32.58744,39.96516]}},{"type":"Feature","properties":{"_id":"w367597704","ad":"Özel Yaşam Hastanesi","il":"Antalya","ilce":"Alanya/Antalya","tur":"Özel","brans":"Genel","acil":true,"yatak":null,"isletmeci":"","telefon":"+90 242 212 05 55","web":"https://www.yasamhastaneleri.com/hastane_alanya-yasam-hospital_3343_11903_en","adres":"Refik Bakalım Sokak 3","osm":"https://www.openstreetmap.org/way/367597704"},"geometry":{"type":"Point","coordinates":[32.0017,36.54769]}},{"type":"Feature","properties":{"_id":"w368116469","ad":"Özel Akdeniz Hastanesi","il":"Antalya","ilce":"Manavgat/Antalya","tur":"Özel","brans":"Genel","acil":true,"yatak":null,"isletmeci":"","telefon":"","web":"","adres":"","osm":"https://www.openstreetmap.org/way/368116469"},"geometry":{"type":"Point","coordinates":[31.43035,36.78385]}},{"type":"Feature","properties":{"_id":"w368116831","ad":"Özel Side Anadolu Hastanesi","il":"Antalya","ilce":"Manavgat","tur":"Özel","brans":"Genel","acil":true,"yatak":null,"isletmeci":"","telefon":"+90 242 744 0202","web":"https://www.anatoliahospital.com/hospitals.php?id=4","adres":"Side Bulvarı 55","osm":"https://www.openstreetmap.org/way/368116831"},"geometry":{"type":"Point","coordinates":[31.3958,36.78654]}},{"type":"Feature","properties":{"_id":"w368141923","ad":"Serik Devlet Hastanesi","il":"Antalya","ilce":"Serik","tur":"Devlet","brans":"Genel","acil":true,"yatak":null,"isletmeci":"Sağlık Bakanlığı","telefon":"","web":"","adres":"","osm":"https://www.openstreetmap.org/way/368141923"},"geometry":{"type":"Point","coordinates":[31.0888,36.91991]}},{"type":"Feature","properties":{"_id":"w368282383","ad":"Antalya Atatürk Devlet Hastanesi","il":"Antalya","ilce":"Muratpaşa/Antalya","tur":"Devlet","brans":"Genel","acil":true,"yatak":null,"isletmeci":"","telefon":"+90 (242) 345 45 50","web":"","adres":"","osm":"https://www.openstreetmap.org/way/368282383"},"geometry":{"type":"Point","coordinates":[30.69181,36.89824]}},{"type":"Feature","properties":{"_id":"w368404977","ad":"Akdeniz Üniversitesi Hastanesi","il":"Antalya","ilce":"","tur":"Üniversite","brans":"Genel","acil":null,"yatak":null,"isletmeci":"","telefon":"","web":"","adres":"","osm":"https://www.openstreetmap.org/way/368404977"},"geometry":{"type":"Point","coordinates":[30.66174,36.89748]}},{"type":"Feature","properties":{"_id":"w368408060","ad":"Özel Olimpos Hastanesi","il":"Antalya","ilce":"Konyalatı/Antalya","tur":"Özel","brans":"Genel","acil":true,"yatak":null,"isletmeci":"","telefon":"0242 228 09 09","web":"https://www.olimposhastanesi.com.tr/","adres":"460. Sokak 48","osm":"https://www.openstreetmap.org/way/368408060"},"geometry":{"type":"Point","coordinates":[30.63426,36.87094]}},{"type":"Feature","properties":{"_id":"w368453329","ad":"Özel Antalya Anadolu Hastanesi","il":"Antalya","ilce":"Muratpaşa/Antalya","tur":"Özel","brans":"Genel","acil":true,"yatak":null,"isletmeci":"","telefon":"444 9 112","web":"https://anatoliahospital.com/","adres":"1352. Sokak No: 8","osm":"https://www.openstreetmap.org/way/368453329"},"geometry":{"type":"Point","coordinates":[30.71895,36.88707]}},{"type":"Feature","properties":{"_id":"w368454342","ad":"Özel Rich Hastanesi","il":"Antalya","ilce":"Muratpaşa","tur":"Özel","brans":"Dal hastanesi","acil":true,"yatak":null,"isletmeci":"ATM Özel Sağlık Hizmetleri","telefon":"","web":"https://www.richhospital.com.tr/","adres":"921. Sokak 27","osm":"https://www.openstreetmap.org/way/368454342"},"geometry":{"type":"Point","coordinates":[30.73313,36.8882]}},{"type":"Feature","properties":{"_id":"w368463411","ad":"Özel Yaşam Hastanesi, Antalya (Life Hospital)","il":"Antalya","ilce":"Muratpaşa","tur":"Özel","brans":"Genel","acil":true,"yatak":null,"isletmeci":"","telefon":"+90 (242) 212 0 212","web":"https://www.yasamhastaneleri.com/","adres":"1487 Sokak 4","osm":"https://www.openstreetmap.org/way/368463411"},"geometry":{"type":"Point","coordinates":[30.73077,36.86287]}},{"type":"Feature","properties":{"_id":"w368621252","ad":"Özel Maviay Göz Hastanesi","il":"Eskişehir","ilce":"Eskişehir","tur":"Özel","brans":"Dal hastanesi","acil":null,"yatak":null,"isletmeci":"","telefon":"","web":"","adres":"","osm":"https://www.openstreetmap.org/way/368621252"},"geometry":{"type":"Point","coordinates":[30.53076,39.77]}},{"type":"Feature","properties":{"_id":"w368767875","ad":"Acıbadem Adana Hastanesi","il":"Adana","ilce":"Seyhan","tur":"Özel","brans":"Genel","acil":true,"yatak":null,"isletmeci":"Acıbadem","telefon":"","web":"","adres":"Cumhuriyet Caddesi 66","osm":"https://www.openstreetmap.org/way/368767875"},"geometry":{"type":"Point","coordinates":[35.3145,36.99549]}},{"type":"Feature","properties":{"_id":"w368767879","ad":"Özel Ortopedia Hastanesi","il":"Adana","ilce":"Seyhan/Adana","tur":"Özel","brans":"Dal hastanesi","acil":true,"yatak":null,"isletmeci":"","telefon":"+90 322 432 77 77","web":"https://www.ortopedia.com.tr/","adres":"Cumhuriyet Caddesi 64","osm":"https://www.openstreetmap.org/way/368767879"},"geometry":{"type":"Point","coordinates":[35.31544,36.99543]}},{"type":"Feature","properties":{"_id":"w368883341","ad":"Adana Kadın Doğum ve Çocuk Hastalıkları Hastanesi","il":"Adana","ilce":"Seyhan/Adana","tur":"Devlet","brans":"Kadın doğum / çocuk","acil":true,"yatak":null,"isletmeci":"","telefon":"","web":"","adres":"","osm":"https://www.openstreetmap.org/way/368883341"},"geometry":{"type":"Point","coordinates":[35.31557,36.98697]}},{"type":"Feature","properties":{"_id":"w368894041","ad":"Özel Medline Adana Hastanesi","il":"Adana","ilce":"","tur":"Özel","brans":"Genel","acil":true,"yatak":null,"isletmeci":"","telefon":"+90 322 455 25 50","web":"","adres":"","osm":"https://www.openstreetmap.org/way/368894041"},"geometry":{"type":"Point","coordinates":[35.2545,37.05337]}},{"type":"Feature","properties":{"_id":"w368894042","ad":"Dr. Ekrem Tok Ruh Sağlığı Hastalıkları Hastanesi","il":"Adana","ilce":"","tur":"Belirsiz","brans":"Ruh sağlığı","acil":true,"yatak":null,"isletmeci":"","telefon":"0 322 239 04 75","web":"https://ekremtokrsh.saglik.gov.tr/","adres":"","osm":"https://www.openstreetmap.org/way/368894042"},"geometry":{"type":"Point","coordinates":[35.2625,37.05227]}},{"type":"Feature","properties":{"_id":"w368911469","ad":"Özel Avrupa Hospital Hastanesi","il":"Adana","ilce":"Çukurova/Adana","tur":"Özel","brans":"Genel","acil":true,"yatak":null,"isletmeci":"","telefon":"0322 232 24 25","web":"http://adana.avrupahospital.com/","adres":"Kenan Evren Bulvarı 43","osm":"https://www.openstreetmap.org/way/368911469"},"geometry":{"type":"Point","coordinates":[35.30659,37.03555]}},{"type":"Feature","properties":{"_id":"w368930430","ad":"Ozel Ortadogu Saglık Hastanesi","il":"Adana","ilce":"Adana","tur":"Özel","brans":"Genel","acil":null,"yatak":null,"isletmeci":"","telefon":"+903224544430","web":"","adres":"","osm":"https://www.openstreetmap.org/way/368930430"},"geometry":{"type":"Point","coordinates":[35.32556,37.01403]}},{"type":"Feature","properties":{"_id":"w368939566","ad":"Adana Devlet Hastanesi","il":"Adana","ilce":"","tur":"Devlet","brans":"Genel","acil":true,"yatak":null,"isletmeci":"","telefon":"+90 322 321 57 52","web":"http://www.adanadh.gov.tr","adres":"","osm":"https://www.openstreetmap.org/way/368939566"},"geometry":{"type":"Point","coordinates":[35.32203,37.01964]}},{"type":"Feature","properties":{"_id":"w368939577","ad":"Çukurova Göz Hastanesi","il":"Adana","ilce":"Adana","tur":"Belirsiz","brans":"Dal hastanesi","acil":null,"yatak":null,"isletmeci":"","telefon":"+903222259494","web":"","adres":"","osm":"https://www.openstreetmap.org/way/368939577"},"geometry":{"type":"Point","coordinates":[35.32043,37.01785]}},{"type":"Feature","properties":{"_id":"w368939579","ad":"Adana Askeri Hastane","il":"Adana","ilce":"","tur":"Askerî","brans":"Genel","acil":null,"yatak":null,"isletmeci":"","telefon":"","web":"","adres":"","osm":"https://www.openstreetmap.org/way/368939579"},"geometry":{"type":"Point","coordinates":[35.32322,37.01852]}},{"type":"Feature","properties":{"_id":"w369233478","ad":"Özel Ahu Hetman Hastanesi","il":"Muğla","ilce":"Marmaris","tur":"Özel","brans":"Genel","acil":true,"yatak":null,"isletmeci":"","telefon":"+902524177777","web":"https://ahuhastanesi.com/","adres":"167. Sokak 3","osm":"https://www.openstreetmap.org/way/369233478"},"geometry":{"type":"Point","coordinates":[28.25558,36.84806]}},{"type":"Feature","properties":{"_id":"w369234532","ad":"Özel Marmaris Hastanesi","il":"Muğla","ilce":"Marmaris","tur":"Özel","brans":"Genel","acil":true,"yatak":null,"isletmeci":"","telefon":"+902524136000","web":"https://www.omh.com.tr/","adres":"İnönü Caddesi 30","osm":"https://www.openstreetmap.org/way/369234532"},"geometry":{"type":"Point","coordinates":[28.25706,36.85136]}},{"type":"Feature","properties":{"_id":"w369240846","ad":"Marmaris Devlet Hastanesi","il":"Muğla","ilce":"Marmaris","tur":"Devlet","brans":"Genel","acil":true,"yatak":null,"isletmeci":"","telefon":"","web":"","adres":"320 Sokak 2","osm":"https://www.openstreetmap.org/way/369240846"},"geometry":{"type":"Point","coordinates":[28.25799,36.85929]}},{"type":"Feature","properties":{"_id":"w369242322","ad":"Didim İlçe Devlet Hastanesi","il":"Aydın","ilce":"Didim/Aydın","tur":"Devlet","brans":"Genel","acil":true,"yatak":null,"isletmeci":"Sağlık Bakanlığı","telefon":"","web":"","adres":"","osm":"https://www.openstreetmap.org/way/369242322"},"geometry":{"type":"Point","coordinates":[27.27608,37.37129]}},{"type":"Feature","properties":{"_id":"w369551580","ad":"Tekden Hastanesi","il":"Denizli","ilce":"","tur":"Belirsiz","brans":"Genel","acil":null,"yatak":null,"isletmeci":"","telefon":"","web":"","adres":"","osm":"https://www.openstreetmap.org/way/369551580"},"geometry":{"type":"Point","coordinates":[29.06965,37.7807]}},{"type":"Feature","properties":{"_id":"w370066946","ad":"Özel Farabi Hastanesi","il":"Konya","ilce":"Selçuklu/Konya","tur":"Özel","brans":"Genel","acil":true,"yatak":null,"isletmeci":"","telefon":"","web":"","adres":"","osm":"https://www.openstreetmap.org/way/370066946"},"geometry":{"type":"Point","coordinates":[32.52287,37.97928]}},{"type":"Feature","properties":{"_id":"w370526914","ad":"Özel Baglar Hastanesi","il":"Diyarbakır","ilce":"Bağlar","tur":"Özel","brans":"Genel","acil":true,"yatak":null,"isletmeci":"","telefon":"+904122330417","web":"","adres":"","osm":"https://www.openstreetmap.org/way/370526914"},"geometry":{"type":"Point","coordinates":[40.20797,37.91848]}},{"type":"Feature","properties":{"_id":"w370622380","ad":"Anadolu Hastanesi","il":"Elazığ","ilce":"Elazığ","tur":"Belirsiz","brans":"Genel","acil":true,"yatak":null,"isletmeci":"","telefon":"","web":"","adres":"","osm":"https://www.openstreetmap.org/way/370622380"},"geometry":{"type":"Point","coordinates":[39.17612,38.66479]}},{"type":"Feature","properties":{"_id":"w370622382","ad":"Ruh Hastalıkları Hastanesi","il":"Elazığ","ilce":"","tur":"Belirsiz","brans":"Genel","acil":null,"yatak":null,"isletmeci":"","telefon":"","web":"","adres":"","osm":"https://www.openstreetmap.org/way/370622382"},"geometry":{"type":"Point","coordinates":[39.20935,38.68553]}},{"type":"Feature","properties":{"_id":"w370821211","ad":"Özel Batı Göz Hastanesi","il":"Diyarbakır","ilce":"Sur/Diyarbakır","tur":"Özel","brans":"Dal hastanesi","acil":false,"yatak":null,"isletmeci":"","telefon":"","web":"","adres":"Hz. Suleyman Cad.","osm":"https://www.openstreetmap.org/way/370821211"},"geometry":{"type":"Point","coordinates":[40.23747,37.915]}},{"type":"Feature","properties":{"_id":"w370831372","ad":"Mazıdağı İlçe Devlet Hastanesi","il":"Mardin","ilce":"Mazıdağı","tur":"Devlet","brans":"Genel","acil":true,"yatak":null,"isletmeci":"Sağlık Bakanlığı","telefon":"+90 482 511 10 14","web":"","adres":"","osm":"https://www.openstreetmap.org/way/370831372"},"geometry":{"type":"Point","coordinates":[40.49645,37.47263]}},{"type":"Feature","properties":{"_id":"w370855847","ad":"Çatalca İlyas Çokay Devlet Hastanesi","il":"İstanbul","ilce":"Çatalca","tur":"Devlet","brans":"Genel","acil":true,"yatak":null,"isletmeci":"","telefon":"","web":"","adres":"","osm":"https://www.openstreetmap.org/way/370855847"},"geometry":{"type":"Point","coordinates":[28.46665,41.1353]}},{"type":"Feature","properties":{"_id":"w370955327","ad":"Palu İlçe Devlet Hastanesi","il":"Elazığ","ilce":"Palu/Elazığ","tur":"Devlet","brans":"Genel","acil":true,"yatak":null,"isletmeci":"","telefon":"","web":"","adres":"","osm":"https://www.openstreetmap.org/way/370955327"},"geometry":{"type":"Point","coordinates":[39.92925,38.6942]}},{"type":"Feature","properties":{"_id":"w371474926","ad":"Şile Devlet Hastanesi","il":"İstanbul","ilce":"","tur":"Devlet","brans":"Genel","acil":false,"yatak":null,"isletmeci":"","telefon":"","web":"http://siledevlet.gov.tr/","adres":"","osm":"https://www.openstreetmap.org/way/371474926"},"geometry":{"type":"Point","coordinates":[29.61693,41.17454]}},{"type":"Feature","properties":{"_id":"w372319700","ad":"Adıyaman Kadın Doğum ve Çocuk Hastanesi","il":"Adıyaman","ilce":"Adıyaman","tur":"Devlet","brans":"Kadın doğum / çocuk","acil":true,"yatak":null,"isletmeci":"","telefon":"","web":"http://www.adiyamaneah.gov.tr/","adres":"","osm":"https://www.openstreetmap.org/way/372319700"},"geometry":{"type":"Point","coordinates":[38.30035,37.76291]}},{"type":"Feature","properties":{"_id":"w373415952","ad":"Özel Denizli Sağlık Hastanesi","il":"Denizli","ilce":"Merkezefendi/Denizli","tur":"Özel","brans":"Genel","acil":null,"yatak":null,"isletmeci":"","telefon":"+90 258 264 44 11","web":"","adres":"3007. Sokak 23","osm":"https://www.openstreetmap.org/way/373415952"},"geometry":{"type":"Point","coordinates":[29.04471,37.77415]}},{"type":"Feature","properties":{"_id":"w373796615","ad":"Özel Odak Hastanesi","il":"Denizli","ilce":"Merkezefendi","tur":"Özel","brans":"Genel","acil":true,"yatak":null,"isletmeci":"","telefon":"+90 258 264 46 46","web":"","adres":"İzmir Bulvarı 18","osm":"https://www.openstreetmap.org/way/373796615"},"geometry":{"type":"Point","coordinates":[29.09345,37.78491]}},{"type":"Feature","properties":{"_id":"w374047536","ad":"Denizli Cerrahi Hastanesi","il":"Denizli","ilce":"Pamukkale/Denizli","tur":"Belirsiz","brans":"Genel","acil":true,"yatak":null,"isletmeci":"","telefon":"","web":"","adres":"","osm":"https://www.openstreetmap.org/way/374047536"},"geometry":{"type":"Point","coordinates":[29.11337,37.73944]}},{"type":"Feature","properties":{"_id":"w374517988","ad":"Kızıltepe Devlet Hastanesi","il":"Mardin","ilce":"Kızıltepe","tur":"Devlet","brans":"Genel","acil":true,"yatak":null,"isletmeci":"","telefon":"+90 482 312 39 44","web":"","adres":"","osm":"https://www.openstreetmap.org/way/374517988"},"geometry":{"type":"Point","coordinates":[40.62524,37.22675]}},{"type":"Feature","properties":{"_id":"w374518723","ad":"Derik Devlet Hastanesi","il":"Mardin","ilce":"Derik","tur":"Devlet","brans":"Genel","acil":true,"yatak":null,"isletmeci":"Sağlık Bakanlığı","telefon":"+90 482 251 3915","web":"","adres":"","osm":"https://www.openstreetmap.org/way/374518723"},"geometry":{"type":"Point","coordinates":[40.27149,37.37278]}},{"type":"Feature","properties":{"_id":"w375108990","ad":"Zeynep Kamil Kadın Ve Çocuk Hastalıkları Eğitim Ve Araştırma Hastanesi","il":"İstanbul","ilce":"İstanbul","tur":"Eğitim ve araştırma","brans":"Kadın doğum / çocuk","acil":null,"yatak":null,"isletmeci":"","telefon":"+90 216 391 0680","web":"http://zeynepkamil.gov.tr/","adres":"Opr. Dr. Burhanettin Üstünel Cad 15","osm":"https://www.openstreetmap.org/way/375108990"},"geometry":{"type":"Point","coordinates":[29.02628,41.01513]}},{"type":"Feature","properties":{"_id":"w375348130","ad":"Nurdağı Devlet Hastanesi","il":"Gaziantep","ilce":"Nurdağı","tur":"Devlet","brans":"Genel","acil":true,"yatak":null,"isletmeci":"Sağlık Bakanlığı","telefon":"","web":"","adres":"Halide Edip Adıvar Caddesi","osm":"https://www.openstreetmap.org/way/375348130"},"geometry":{"type":"Point","coordinates":[36.73323,37.18428]}},{"type":"Feature","properties":{"_id":"w375840896","ad":"Özel Ladik Hastanesi","il":"Denizli","ilce":"Merkezefendi/Denizli","tur":"Özel","brans":"Genel","acil":false,"yatak":null,"isletmeci":"","telefon":"","web":"","adres":"","osm":"https://www.openstreetmap.org/way/375840896"},"geometry":{"type":"Point","coordinates":[29.06163,37.77998]}},{"type":"Feature","properties":{"_id":"w375840900","ad":"Özel Ege Akademi Göz Hastanesi","il":"Denizli","ilce":"Merkezefendi/Denizli","tur":"Özel","brans":"Dal hastanesi","acil":null,"yatak":null,"isletmeci":"","telefon":"+90 258 377 77 77","web":"","adres":"438. Sokak 15","osm":"https://www.openstreetmap.org/way/375840900"},"geometry":{"type":"Point","coordinates":[29.06051,37.78015]}},{"type":"Feature","properties":{"_id":"w376031174","ad":"Acıbadem Kozyatağı Hastanesi","il":"İstanbul","ilce":"İstanbul","tur":"Özel","brans":"Genel","acil":true,"yatak":null,"isletmeci":"Acıbadem","telefon":"+90 216 571 44 44","web":"https://www.acibadem.com.tr/hastane/kozyatagi-hastanesi/","adres":"Okur Sokağı","osm":"https://www.openstreetmap.org/way/376031174"},"geometry":{"type":"Point","coordinates":[29.09307,40.97668]}},{"type":"Feature","properties":{"_id":"w376381025","ad":"Özel Ömer Sayar Hastanesi","il":"Mersin","ilce":"Tarsus/Mersin","tur":"Özel","brans":"Genel","acil":true,"yatak":null,"isletmeci":"","telefon":"0324 614 02 30","web":"","adres":"17","osm":"https://www.openstreetmap.org/way/376381025"},"geometry":{"type":"Point","coordinates":[34.88253,36.91397]}},{"type":"Feature","properties":{"_id":"w376385440","ad":"Tarsus Devlet Hastanesi (Çocuk Hastanesi)","il":"Mersin","ilce":"","tur":"Devlet","brans":"Kadın doğum / çocuk","acil":true,"yatak":null,"isletmeci":"","telefon":"","web":"","adres":"","osm":"https://www.openstreetmap.org/way/376385440"},"geometry":{"type":"Point","coordinates":[34.8853,36.91715]}},{"type":"Feature","properties":{"_id":"w376490041","ad":"Tarsus Devlet Hastanesi","il":"Mersin","ilce":"Tarsus","tur":"Devlet","brans":"Genel","acil":true,"yatak":null,"isletmeci":"","telefon":"+90 324 613 47 00","web":"http://www.tarsusdh.gov.tr/","adres":"Donuktaş Caddesi 27","osm":"https://www.openstreetmap.org/way/376490041"},"geometry":{"type":"Point","coordinates":[34.90533,36.91413]}},{"type":"Feature","properties":{"_id":"w376872080","ad":"Kordon Kadın Doğum ve Çocuk Hastalıkları Hastanesi","il":"İzmir","ilce":"","tur":"Devlet","brans":"Kadın doğum / çocuk","acil":null,"yatak":null,"isletmeci":"","telefon":"","web":"","adres":"","osm":"https://www.openstreetmap.org/way/376872080"},"geometry":{"type":"Point","coordinates":[27.06242,38.48533]}},{"type":"Feature","properties":{"_id":"w376978171","ad":"Numune Hastanesi","il":"Erzurum","ilce":"Erzurum","tur":"Belirsiz","brans":"Genel","acil":true,"yatak":null,"isletmeci":"","telefon":"+90 442 232 1000","web":"","adres":"","osm":"https://www.openstreetmap.org/way/376978171"},"geometry":{"type":"Point","coordinates":[41.26692,39.90904]}},{"type":"Feature","properties":{"_id":"w377087928","ad":"Kadın ve Çocuk Hastanesi","il":"Ağrı","ilce":"Ağrı","tur":"Belirsiz","brans":"Kadın doğum / çocuk","acil":true,"yatak":null,"isletmeci":"","telefon":"+90 472 215 10 38","web":"","adres":"Yavuz Mahallesi","osm":"https://www.openstreetmap.org/way/377087928"},"geometry":{"type":"Point","coordinates":[43.04993,39.72268]}},{"type":"Feature","properties":{"_id":"w377102447","ad":"Özel Tatvan Can Hastanesi","il":"Bitlis","ilce":"Tatvan/Bitlis","tur":"Özel","brans":"Genel","acil":true,"yatak":null,"isletmeci":"","telefon":"","web":"","adres":"","osm":"https://www.openstreetmap.org/way/377102447"},"geometry":{"type":"Point","coordinates":[42.28024,38.50608]}},{"type":"Feature","properties":{"_id":"w377134810","ad":"Mardin Park Hastanesi","il":"Mardin","ilce":"Artuklu","tur":"Belirsiz","brans":"Genel","acil":true,"yatak":null,"isletmeci":"","telefon":"+90482 212 99 99","web":"http://www.mardinpark.com.tr/","adres":"","osm":"https://www.openstreetmap.org/way/377134810"},"geometry":{"type":"Point","coordinates":[40.72088,37.32551]}},{"type":"Feature","properties":{"_id":"w377255558","ad":"Özel Kızıltepe İpekyolu Hastanesi","il":"Mardin","ilce":"Kızıltepe","tur":"Özel","brans":"Genel","acil":true,"yatak":null,"isletmeci":"","telefon":"+90482 313 56 56","web":"https://ozelipekyoluhastanesi.com/","adres":"Nusaybin Caddesi 3","osm":"https://www.openstreetmap.org/way/377255558"},"geometry":{"type":"Point","coordinates":[40.59806,37.18585]}},{"type":"Feature","properties":{"_id":"w377339719","ad":"Elazığ Eğitim ve Araştırma Hastanesi","il":"Elazığ","ilce":"Elazığ","tur":"Eğitim ve araştırma","brans":"Genel","acil":true,"yatak":null,"isletmeci":"","telefon":"","web":"","adres":"","osm":"https://www.openstreetmap.org/way/377339719"},"geometry":{"type":"Point","coordinates":[39.22624,38.68219]}},{"type":"Feature","properties":{"_id":"w377348295","ad":"Özel Asema Hospital","il":"Siirt","ilce":"Siirt","tur":"Özel","brans":"Genel","acil":true,"yatak":null,"isletmeci":"","telefon":"+90 484 223 88 88","web":"http://asemahospital.com/","adres":"","osm":"https://www.openstreetmap.org/way/377348295"},"geometry":{"type":"Point","coordinates":[41.93875,37.93589]}},{"type":"Feature","properties":{"_id":"w377354922","ad":"Sivas Devlet Hastanesi","il":"Sivas","ilce":"Merkez","tur":"Devlet","brans":"Genel","acil":true,"yatak":160,"isletmeci":"Sağlık Bakanlığı","telefon":"+90 346 221 70 36","web":"https://sivasdh.saglik.gov.tr/","adres":"İnönü Bulvarı 55","osm":"https://www.openstreetmap.org/way/377354922"},"geometry":{"type":"Point","coordinates":[37.01186,39.74454]}},{"type":"Feature","properties":{"_id":"w377451071","ad":"Bayburt Eski Devlet Hastanesi","il":"Bayburt","ilce":"Bayburt","tur":"Devlet","brans":"Genel","acil":true,"yatak":null,"isletmeci":"","telefon":"","web":"","adres":"","osm":"https://www.openstreetmap.org/way/377451071"},"geometry":{"type":"Point","coordinates":[40.21051,40.26593]}},{"type":"Feature","properties":{"_id":"w377499066","ad":"Rize Devlet Hastanesi","il":"Rize","ilce":"Rize","tur":"Devlet","brans":"Genel","acil":true,"yatak":null,"isletmeci":"Sağlık Bakanlığı","telefon":"","web":"https://rizedh.saglik.gov.tr/","adres":"","osm":"https://www.openstreetmap.org/way/377499066"},"geometry":{"type":"Point","coordinates":[40.51448,41.0284]}},{"type":"Feature","properties":{"_id":"w377941743","ad":"Özel Çağsu Hastanesi","il":"Bolu","ilce":"Bolu","tur":"Özel","brans":"Genel","acil":true,"yatak":null,"isletmeci":"","telefon":"","web":"","adres":"","osm":"https://www.openstreetmap.org/way/377941743"},"geometry":{"type":"Point","coordinates":[31.61235,40.74681]}},{"type":"Feature","properties":{"_id":"w378252804","ad":"Necati Hepkon Devlet Hastanesi","il":"İzmir","ilce":"","tur":"Devlet","brans":"Genel","acil":null,"yatak":null,"isletmeci":"","telefon":"","web":"https://seferihisardh.saglik.gov.tr/","adres":"","osm":"https://www.openstreetmap.org/way/378252804"},"geometry":{"type":"Point","coordinates":[26.84565,38.19779]}},{"type":"Feature","properties":{"_id":"w378597516","ad":"Toyotasa Hastanesi","il":"Sakarya","ilce":"","tur":"Belirsiz","brans":"Genel","acil":true,"yatak":null,"isletmeci":"","telefon":"","web":"http://www.toyotasadh.gov.tr/","adres":"","osm":"https://www.openstreetmap.org/way/378597516"},"geometry":{"type":"Point","coordinates":[30.37964,40.70805]}},{"type":"Feature","properties":{"_id":"w378603508","ad":"Sakarya Eğitim ve Araştırma Hastanesi","il":"Sakarya","ilce":"Adapazarı","tur":"Eğitim ve araştırma","brans":"Genel","acil":true,"yatak":null,"isletmeci":"Sağlık Bakanlığı","telefon":"+90 264 888 4000","web":"https://sakaryaeah.saglik.gov.tr","adres":"Sağlık Caddesi 195","osm":"https://www.openstreetmap.org/way/378603508"},"geometry":{"type":"Point","coordinates":[30.3897,40.7571]}},{"type":"Feature","properties":{"_id":"w378933584","ad":"Özel Bulut Hastanesi","il":"Iğdır","ilce":"Iğdır","tur":"Özel","brans":"Genel","acil":true,"yatak":null,"isletmeci":"","telefon":"+90 476 227 3333","web":"","adres":"","osm":"https://www.openstreetmap.org/way/378933584"},"geometry":{"type":"Point","coordinates":[44.05028,39.91513]}},{"type":"Feature","properties":{"_id":"w379065513","ad":"Akademi Hastanesi","il":"Kocaeli","ilce":"","tur":"Belirsiz","brans":"Genel","acil":true,"yatak":null,"isletmeci":"","telefon":"","web":"","adres":"","osm":"https://www.openstreetmap.org/way/379065513"},"geometry":{"type":"Point","coordinates":[29.97581,40.75951]}},{"type":"Feature","properties":{"_id":"w379086903","ad":"Özel Medi Bafra Hastanesi","il":"Samsun","ilce":"Bafra/Samsun","tur":"Özel","brans":"Genel","acil":true,"yatak":null,"isletmeci":"","telefon":"+90 362 542 8000","web":"https://medibafra.com.tr/","adres":"","osm":"https://www.openstreetmap.org/way/379086903"},"geometry":{"type":"Point","coordinates":[35.91472,41.56221]}},{"type":"Feature","properties":{"_id":"w379089290","ad":"Bafra Devlet Hastanesi","il":"Samsun","ilce":"Bafra/Samsun","tur":"Devlet","brans":"Genel","acil":true,"yatak":null,"isletmeci":"Sağlık Bakanlığı","telefon":"","web":"","adres":"","osm":"https://www.openstreetmap.org/way/379089290"},"geometry":{"type":"Point","coordinates":[35.9297,41.55173]}},{"type":"Feature","properties":{"_id":"w379514273","ad":"Karacabey Devlet Hastanesi","il":"Bursa","ilce":"Karacabey","tur":"Devlet","brans":"Genel","acil":true,"yatak":null,"isletmeci":"Sağlık Bakanlığı","telefon":"","web":"","adres":"Şifa Sk. 2","osm":"https://www.openstreetmap.org/way/379514273"},"geometry":{"type":"Point","coordinates":[28.34767,40.20824]}},{"type":"Feature","properties":{"_id":"w380769449","ad":"Sorgun Yeni Devlet Hastanesi","il":"Yozgat","ilce":"","tur":"Devlet","brans":"Genel","acil":true,"yatak":null,"isletmeci":"Sağlık Bakanlığı","telefon":"","web":"","adres":"","osm":"https://www.openstreetmap.org/way/380769449"},"geometry":{"type":"Point","coordinates":[35.14855,39.81666]}},{"type":"Feature","properties":{"_id":"w380771437","ad":"Sorgun Devlet Hastanesi","il":"Yozgat","ilce":"","tur":"Devlet","brans":"Genel","acil":true,"yatak":null,"isletmeci":"","telefon":"","web":"","adres":"","osm":"https://www.openstreetmap.org/way/380771437"},"geometry":{"type":"Point","coordinates":[35.18908,39.80419]}},{"type":"Feature","properties":{"_id":"w382454432","ad":"Özel Öztan Hastanesi","il":"Uşak","ilce":"Uşak","tur":"Özel","brans":"Genel","acil":null,"yatak":null,"isletmeci":"","telefon":"","web":"","adres":"","osm":"https://www.openstreetmap.org/way/382454432"},"geometry":{"type":"Point","coordinates":[29.38791,38.67579]}},{"type":"Feature","properties":{"_id":"w382475113","ad":"Bayındır Hastanesi","il":"Ankara","ilce":"","tur":"Belirsiz","brans":"Genel","acil":true,"yatak":null,"isletmeci":"","telefon":"","web":"https://www.bayindirhastanesi.com.tr/hastaneler-ve-servisler-detay/sogutozu-hastanesi-1","adres":"","osm":"https://www.openstreetmap.org/way/382475113"},"geometry":{"type":"Point","coordinates":[32.81123,39.91066]}},{"type":"Feature","properties":{"_id":"w382816433","ad":"Özel 7 Mart Hastanesi","il":"Osmaniye","ilce":"Kadirli/Osmaniye","tur":"Özel","brans":"Genel","acil":true,"yatak":null,"isletmeci":"","telefon":"","web":"","adres":"","osm":"https://www.openstreetmap.org/way/382816433"},"geometry":{"type":"Point","coordinates":[36.0961,37.37067]}},{"type":"Feature","properties":{"_id":"w382843570","ad":"Memorial Şişli Hastanesi","il":"İstanbul","ilce":"Şişli","tur":"Özel","brans":"Dal hastanesi","acil":true,"yatak":null,"isletmeci":"Memorial","telefon":"+90 212 314 66 66","web":"https://www.memorial.com.tr/","adres":"Piyalepaşa Blv. 4","osm":"https://www.openstreetmap.org/way/382843570"},"geometry":{"type":"Point","coordinates":[28.97273,41.06165]}},{"type":"Feature","properties":{"_id":"w383150712","ad":"Kandıra Devlet Hastanesi","il":"Kocaeli","ilce":"","tur":"Devlet","brans":"Genel","acil":true,"yatak":null,"isletmeci":"","telefon":"","web":"","adres":"","osm":"https://www.openstreetmap.org/way/383150712"},"geometry":{"type":"Point","coordinates":[30.13157,41.0644]}},{"type":"Feature","properties":{"_id":"w383588382","ad":"Osmaneli Devlet Hastanesi","il":"Bilecik","ilce":"","tur":"Devlet","brans":"Genel","acil":null,"yatak":null,"isletmeci":"Sağlık Bakanlığı","telefon":"","web":"","adres":"","osm":"https://www.openstreetmap.org/way/383588382"},"geometry":{"type":"Point","coordinates":[30.00548,40.3626]}},{"type":"Feature","properties":{"_id":"w383752386","ad":"Özel Kemal Bayındır Hastanesi","il":"Gaziantep","ilce":"Şahinbey/Gaziantep","tur":"Özel","brans":"Genel","acil":true,"yatak":null,"isletmeci":"","telefon":"+90 342 360 27 07","web":"http://www.ozelkemalbayindir.com/","adres":"82034. Sokak 35","osm":"https://www.openstreetmap.org/way/383752386"},"geometry":{"type":"Point","coordinates":[37.33215,37.04777]}},{"type":"Feature","properties":{"_id":"w386323254","ad":"Karamanoğlu Mehmetbey Doğum Ve Çocuk Hastanesi","il":"Karaman","ilce":"Karaman","tur":"Belirsiz","brans":"Kadın doğum / çocuk","acil":true,"yatak":null,"isletmeci":"","telefon":"","web":"","adres":"","osm":"https://www.openstreetmap.org/way/386323254"},"geometry":{"type":"Point","coordinates":[33.2575,37.15807]}},{"type":"Feature","properties":{"_id":"w386629738","ad":"Burdur Devlet Hastanesi","il":"Burdur","ilce":"Burdur","tur":"Devlet","brans":"Genel","acil":true,"yatak":null,"isletmeci":"","telefon":"","web":"","adres":"","osm":"https://www.openstreetmap.org/way/386629738"},"geometry":{"type":"Point","coordinates":[30.29268,37.72406]}},{"type":"Feature","properties":{"_id":"w387155972","ad":"Konya Numune Hastanesi","il":"Konya","ilce":"Selçuklu","tur":"Devlet","brans":"Genel","acil":true,"yatak":null,"isletmeci":"Sağlık Bakanlığı","telefon":"","web":"https://konyanumunedh.saglik.gov.tr/","adres":"Hastane Caddesi 22","osm":"https://www.openstreetmap.org/way/387155972"},"geometry":{"type":"Point","coordinates":[32.4901,37.87943]}},{"type":"Feature","properties":{"_id":"w387216160","ad":"Liv Hospital","il":"Ankara","ilce":"","tur":"Özel","brans":"Genel","acil":true,"yatak":null,"isletmeci":"","telefon":"","web":"","adres":"","osm":"https://www.openstreetmap.org/way/387216160"},"geometry":{"type":"Point","coordinates":[32.85668,39.91191]}},{"type":"Feature","properties":{"_id":"w387217824","ad":"Ankara Eğitim Ve Araştırma Hastanesi","il":"Ankara","ilce":"Altındağ/Ankara","tur":"Eğitim ve araştırma","brans":"Genel","acil":true,"yatak":null,"isletmeci":"Sağlık Bakanlığı","telefon":"","web":"https://ankaraeah.saglik.gov.tr/","adres":"Ulucanlar Caddesi 89","osm":"https://www.openstreetmap.org/way/387217824"},"geometry":{"type":"Point","coordinates":[32.87583,39.93688]}},{"type":"Feature","properties":{"_id":"w387478850","ad":"Güven Çayyolu Sağlık Kampüsü","il":"Ankara","ilce":"Çankaya","tur":"Belirsiz","brans":"Genel","acil":true,"yatak":null,"isletmeci":"","telefon":"","web":"http://www.guvencayyolu.com.tr/","adres":"","osm":"https://www.openstreetmap.org/way/387478850"},"geometry":{"type":"Point","coordinates":[32.6852,39.86602]}},{"type":"Feature","properties":{"_id":"w388720621","ad":"Yakacık Kadın, Doğum ve Çocuk Hastalıkları Hastanesi","il":"İstanbul","ilce":"","tur":"Devlet","brans":"Kadın doğum / çocuk","acil":null,"yatak":null,"isletmeci":"","telefon":"","web":"","adres":"","osm":"https://www.openstreetmap.org/way/388720621"},"geometry":{"type":"Point","coordinates":[29.21902,40.91779]}},{"type":"Feature","properties":{"_id":"w389541627","ad":"Özel Sekiz Eylül Hastanesi","il":"Manisa","ilce":"Manisa","tur":"Özel","brans":"Genel","acil":true,"yatak":null,"isletmeci":"","telefon":"+90 236 238 8823","web":"","adres":"","osm":"https://www.openstreetmap.org/way/389541627"},"geometry":{"type":"Point","coordinates":[27.43631,38.61885]}},{"type":"Feature","properties":{"_id":"w390004350","ad":"Dereli Devlet Hastanesi","il":"Giresun","ilce":"Dereli/Giresun","tur":"Devlet","brans":"Genel","acil":true,"yatak":null,"isletmeci":"Sağlık Bakanlığı","telefon":"+90 454 381 31 66","web":"","adres":"","osm":"https://www.openstreetmap.org/way/390004350"},"geometry":{"type":"Point","coordinates":[38.46353,40.72389]}},{"type":"Feature","properties":{"_id":"w390223572","ad":"Şemdinli Devlet Hastanesi","il":"Hakkari","ilce":"","tur":"Devlet","brans":"Genel","acil":null,"yatak":null,"isletmeci":"","telefon":"","web":"","adres":"","osm":"https://www.openstreetmap.org/way/390223572"},"geometry":{"type":"Point","coordinates":[44.57261,37.30593]}},{"type":"Feature","properties":{"_id":"w390256751","ad":"Bezmialem Üniversitesi Dragos Hastanesi","il":"İstanbul","ilce":"","tur":"Üniversite","brans":"Genel","acil":null,"yatak":null,"isletmeci":"","telefon":"","web":"https://bezmialem.com.tr/Pages/hospital-detail/3/Bezmialem-Dragos-Hastanesi","adres":"","osm":"https://www.openstreetmap.org/way/390256751"},"geometry":{"type":"Point","coordinates":[29.13798,40.91]}},{"type":"Feature","properties":{"_id":"w390963265","ad":"Salihli Devlet Hastanesi","il":"Manisa","ilce":"Salihli/Manisa","tur":"Devlet","brans":"Genel","acil":true,"yatak":null,"isletmeci":"Sağlık Bakanlığı","telefon":"(0236) 713 15 00","web":"https://salihlidh.saglik.gov.tr/","adres":"","osm":"https://www.openstreetmap.org/way/390963265"},"geometry":{"type":"Point","coordinates":[28.1409,38.47818]}},{"type":"Feature","properties":{"_id":"w391273503","ad":"Özel Medigüneş Hastanesi","il":"Manisa","ilce":"Salihli/Manisa","tur":"Özel","brans":"Genel","acil":null,"yatak":null,"isletmeci":"","telefon":"","web":"","adres":"","osm":"https://www.openstreetmap.org/way/391273503"},"geometry":{"type":"Point","coordinates":[28.13014,38.48425]}},{"type":"Feature","properties":{"_id":"w391325759","ad":"Özel Salihli Hastanesi","il":"Manisa","ilce":"Salihli/Manisa","tur":"Özel","brans":"Genel","acil":true,"yatak":null,"isletmeci":"","telefon":"","web":"","adres":"","osm":"https://www.openstreetmap.org/way/391325759"},"geometry":{"type":"Point","coordinates":[28.15036,38.48323]}},{"type":"Feature","properties":{"_id":"w391328508","ad":"Özel Can Hastanesi","il":"Manisa","ilce":"Salihli/Manisa","tur":"Özel","brans":"Genel","acil":true,"yatak":null,"isletmeci":"","telefon":"0236 715 4000","web":"https://www.salihlican.com/","adres":"Avar Caddesi 123","osm":"https://www.openstreetmap.org/way/391328508"},"geometry":{"type":"Point","coordinates":[28.162,38.47886]}},{"type":"Feature","properties":{"_id":"w391785213","ad":"AİBÜ İzzet Baysal Eğitim ve Araştırma Hastanesi","il":"Bolu","ilce":"","tur":"Eğitim ve araştırma","brans":"Genel","acil":null,"yatak":null,"isletmeci":"","telefon":"","web":"","adres":"","osm":"https://www.openstreetmap.org/way/391785213"},"geometry":{"type":"Point","coordinates":[31.56567,40.74876]}},{"type":"Feature","properties":{"_id":"w392046187","ad":"Antakya Devlet Hastanesi","il":"Hatay","ilce":"Antakya","tur":"Devlet","brans":"Genel","acil":true,"yatak":null,"isletmeci":"","telefon":"+90 326 219 4000","web":"","adres":"","osm":"https://www.openstreetmap.org/way/392046187"},"geometry":{"type":"Point","coordinates":[36.13676,36.21452]}},{"type":"Feature","properties":{"_id":"w392046191","ad":"Özel Defne Hastanesi","il":"Hatay","ilce":"Antakya","tur":"Özel","brans":"Genel","acil":true,"yatak":null,"isletmeci":"","telefon":"","web":"","adres":"","osm":"https://www.openstreetmap.org/way/392046191"},"geometry":{"type":"Point","coordinates":[36.16407,36.23194]}},{"type":"Feature","properties":{"_id":"w392145680","ad":"Çanakkale Devlet Hastanesi","il":"Çanakkale","ilce":"Çanakkale","tur":"Devlet","brans":"Genel","acil":true,"yatak":null,"isletmeci":"","telefon":"","web":"","adres":"","osm":"https://www.openstreetmap.org/way/392145680"},"geometry":{"type":"Point","coordinates":[26.4202,40.1586]}},{"type":"Feature","properties":{"_id":"w392203426","ad":"Özel Kırıkhan Bilim Hastanesi","il":"Hatay","ilce":"Kırıkhan/Hatay","tur":"Özel","brans":"Genel","acil":null,"yatak":null,"isletmeci":"","telefon":"","web":"","adres":"","osm":"https://www.openstreetmap.org/way/392203426"},"geometry":{"type":"Point","coordinates":[36.3531,36.50057]}},{"type":"Feature","properties":{"_id":"w392212915","ad":"Özel İskenderun Gelişim Hastanesi","il":"Hatay","ilce":"İskenderun","tur":"Özel","brans":"Genel","acil":true,"yatak":null,"isletmeci":"","telefon":"+90 326 618 6666","web":"","adres":"","osm":"https://www.openstreetmap.org/way/392212915"},"geometry":{"type":"Point","coordinates":[36.1594,36.56472]}},{"type":"Feature","properties":{"_id":"w392550226","ad":"Atatürk Üniversitesi Aziziye Araştırma Hastanesi","il":"Erzurum","ilce":"Erzurum","tur":"Üniversite","brans":"Genel","acil":true,"yatak":null,"isletmeci":"","telefon":"","web":"","adres":"","osm":"https://www.openstreetmap.org/way/392550226"},"geometry":{"type":"Point","coordinates":[41.26921,39.8952]}},{"type":"Feature","properties":{"_id":"w394051903","ad":"Turgutlu Yeni Devlet Hastanesi","il":"Manisa","ilce":"Turgutlu/Manisa","tur":"Devlet","brans":"Genel","acil":true,"yatak":null,"isletmeci":"Sağlık Bakanlığı","telefon":"","web":"","adres":"","osm":"https://www.openstreetmap.org/way/394051903"},"geometry":{"type":"Point","coordinates":[27.69093,38.49198]}},{"type":"Feature","properties":{"_id":"w394179526","ad":"Özel Adıyaman Park Hospital","il":"Adıyaman","ilce":"Adıyaman","tur":"Özel","brans":"Genel","acil":true,"yatak":null,"isletmeci":"","telefon":"+90 416 214 75 75","web":"https://adiyamanparkhospital.com.tr/","adres":"2819.Sk 13","osm":"https://www.openstreetmap.org/way/394179526"},"geometry":{"type":"Point","coordinates":[38.2437,37.75201]}},{"type":"Feature","properties":{"_id":"w394631730","ad":"Ermenek Devlet Hastanesi","il":"Karaman","ilce":"Ermenek","tur":"Devlet","brans":"Genel","acil":true,"yatak":null,"isletmeci":"Sağlık Bakanlığı","telefon":"+90 338 716 10 41","web":"","adres":"","osm":"https://www.openstreetmap.org/way/394631730"},"geometry":{"type":"Point","coordinates":[32.90933,36.63206]}},{"type":"Feature","properties":{"_id":"w396126731","ad":"Özel Mersin Ortadoğu Hastanesi","il":"Mersin","ilce":"Mezitli/Mersin","tur":"Özel","brans":"Genel","acil":true,"yatak":null,"isletmeci":"","telefon":"0324 357 5800","web":"https://mersinortadogu.com.tr/","adres":"","osm":"https://www.openstreetmap.org/way/396126731"},"geometry":{"type":"Point","coordinates":[34.54824,36.76392]}},{"type":"Feature","properties":{"_id":"w396126747","ad":"Forum Yaşam Hastanesi","il":"Mersin","ilce":"Yenişehir/Mersin","tur":"Belirsiz","brans":"Genel","acil":true,"yatak":null,"isletmeci":"","telefon":"+90 324 325 46 46","web":"forumyasamhastanesi.com.tr","adres":"","osm":"https://www.openstreetmap.org/way/396126747"},"geometry":{"type":"Point","coordinates":[34.58775,36.78955]}},{"type":"Feature","properties":{"_id":"w396129311","ad":"Vizyon Göz Hastanesi","il":"Mersin","ilce":"Akdeniz","tur":"Belirsiz","brans":"Dal hastanesi","acil":false,"yatak":null,"isletmeci":"","telefon":"","web":"","adres":"4119. Sokak","osm":"https://www.openstreetmap.org/way/396129311"},"geometry":{"type":"Point","coordinates":[34.61503,36.79351]}},{"type":"Feature","properties":{"_id":"w396129314","ad":"İmc Hastanesi","il":"Mersin","ilce":"Akdeniz","tur":"Belirsiz","brans":"Genel","acil":true,"yatak":null,"isletmeci":"","telefon":"","web":"","adres":"İstiklal Caddesi 196","osm":"https://www.openstreetmap.org/way/396129314"},"geometry":{"type":"Point","coordinates":[34.61587,36.79433]}},{"type":"Feature","properties":{"_id":"w396597781","ad":"Develi Hatice Muammer Kocatürk Devlet Hastanesi","il":"Kayseri","ilce":"","tur":"Devlet","brans":"Genel","acil":true,"yatak":null,"isletmeci":"Salık Bakanlığı","telefon":"+90 352 621 60 20","web":"","adres":"","osm":"https://www.openstreetmap.org/way/396597781"},"geometry":{"type":"Point","coordinates":[35.48765,38.38395]}},{"type":"Feature","properties":{"_id":"w396618918","ad":"Tıp Fakültesi Hastanesi","il":"Gaziantep","ilce":"","tur":"Üniversite","brans":"Genel","acil":null,"yatak":null,"isletmeci":"","telefon":"","web":"","adres":"","osm":"https://www.openstreetmap.org/way/396618918"},"geometry":{"type":"Point","coordinates":[37.31889,37.04047]}},{"type":"Feature","properties":{"_id":"w396713679","ad":"Akşehir Devlet Hastanesi","il":"Konya","ilce":"Akşehir","tur":"Devlet","brans":"Genel","acil":true,"yatak":null,"isletmeci":"Sağlık Bakanlığı","telefon":"","web":"","adres":"","osm":"https://www.openstreetmap.org/way/396713679"},"geometry":{"type":"Point","coordinates":[31.44234,38.34475]}},{"type":"Feature","properties":{"_id":"w396903435","ad":"Söğütlü 112 Acil Sağlık Hizmetleri İstasyonu","il":"Sakarya","ilce":"","tur":"Belirsiz","brans":"Genel","acil":true,"yatak":null,"isletmeci":"","telefon":"","web":"","adres":"","osm":"https://www.openstreetmap.org/way/396903435"},"geometry":{"type":"Point","coordinates":[30.46737,40.89214]}},{"type":"Feature","properties":{"_id":"w397822277","ad":"Bakırköy Dr. Sadi Konuk Eğitim ve Araştırma Hastanesi","il":"İstanbul","ilce":"","tur":"Eğitim ve araştırma","brans":"Genel","acil":true,"yatak":null,"isletmeci":"","telefon":"","web":"","adres":"","osm":"https://www.openstreetmap.org/way/397822277"},"geometry":{"type":"Point","coordinates":[28.86539,40.99375]}},{"type":"Feature","properties":{"_id":"w398528142","ad":"Gaziantep Çocuk Hastanesi","il":"Gaziantep","ilce":"","tur":"Belirsiz","brans":"Kadın doğum / çocuk","acil":null,"yatak":null,"isletmeci":"","telefon":"","web":"","adres":"","osm":"https://www.openstreetmap.org/way/398528142"},"geometry":{"type":"Point","coordinates":[37.31725,37.05697]}},{"type":"Feature","properties":{"_id":"w398730467","ad":"Özel Çınar Hastanesi","il":"Adana","ilce":"","tur":"Özel","brans":"Genel","acil":true,"yatak":null,"isletmeci":"Özel","telefon":"","web":"","adres":"","osm":"https://www.openstreetmap.org/way/398730467"},"geometry":{"type":"Point","coordinates":[35.82362,37.0191]}},{"type":"Feature","properties":{"_id":"w399106525","ad":"Kadın Doğum ve Çocuk Hastanesi","il":"Sakarya","ilce":"Sakarya","tur":"Devlet","brans":"Kadın doğum / çocuk","acil":true,"yatak":null,"isletmeci":"Sağlık Bakanlığı","telefon":"","web":"","adres":"","osm":"https://www.openstreetmap.org/way/399106525"},"geometry":{"type":"Point","coordinates":[30.39798,40.77328]}},{"type":"Feature","properties":{"_id":"w399106529","ad":"Özel Sakarya Vatan Hastanesi","il":"Sakarya","ilce":"Sakarya","tur":"Özel","brans":"Dal hastanesi","acil":true,"yatak":null,"isletmeci":"Özel Sakarya Vatan Hastanesi","telefon":"","web":"","adres":"İtfaiye Cad.","osm":"https://www.openstreetmap.org/way/399106529"},"geometry":{"type":"Point","coordinates":[30.39644,40.77714]}},{"type":"Feature","properties":{"_id":"w399306293","ad":"Ataşehir Memorial Hastanesi","il":"İstanbul","ilce":"","tur":"Özel","brans":"Genel","acil":true,"yatak":null,"isletmeci":"","telefon":"","web":"","adres":"","osm":"https://www.openstreetmap.org/way/399306293"},"geometry":{"type":"Point","coordinates":[29.10705,40.98423]}},{"type":"Feature","properties":{"_id":"w401013538","ad":"Özel Algomed Hastanesi","il":"Adana","ilce":"","tur":"Özel","brans":"Genel","acil":null,"yatak":null,"isletmeci":"","telefon":"+90 322 333 00 99","web":"https://algomed.com.tr/","adres":"","osm":"https://www.openstreetmap.org/way/401013538"},"geometry":{"type":"Point","coordinates":[35.34451,36.98987]}},{"type":"Feature","properties":{"_id":"w401014244","ad":"Özel EPC Hastanesi","il":"Adana","ilce":"","tur":"Özel","brans":"Genel","acil":null,"yatak":null,"isletmeci":"","telefon":"","web":"https://www.epc.com.tr/","adres":"","osm":"https://www.openstreetmap.org/way/401014244"},"geometry":{"type":"Point","coordinates":[35.25034,37.04788]}},{"type":"Feature","properties":{"_id":"w401016429","ad":"Özel Güney Adana Hastanesi","il":"Adana","ilce":"","tur":"Özel","brans":"Genel","acil":null,"yatak":null,"isletmeci":"","telefon":"","web":"https://www.guneyadanahastanesi.com/","adres":"","osm":"https://www.openstreetmap.org/way/401016429"},"geometry":{"type":"Point","coordinates":[35.30851,36.97029]}},{"type":"Feature","properties":{"_id":"w401141833","ad":"Kahramanmaraş Necip Fazıl Şehir Hastanesi","il":"Kahramanmaraş","ilce":"Kahramanmaraş","tur":"Şehir hastanesi","brans":"Genel","acil":true,"yatak":null,"isletmeci":"","telefon":"","web":"","adres":"","osm":"https://www.openstreetmap.org/way/401141833"},"geometry":{"type":"Point","coordinates":[37.00435,37.50299]}},{"type":"Feature","properties":{"_id":"w401148657","ad":"Özel Metro Hastanesi","il":"Adana","ilce":"Adana","tur":"Özel","brans":"Genel","acil":null,"yatak":null,"isletmeci":"","telefon":"","web":"https://www.metrohastanesi.com/","adres":"Mustafa Kemalpașa Bulvarı 15","osm":"https://www.openstreetmap.org/way/401148657"},"geometry":{"type":"Point","coordinates":[35.31548,37.00467]}},{"type":"Feature","properties":{"_id":"w401149826","ad":"Ç.Ü. Hastane Balcalı","il":"Adana","ilce":"","tur":"Belirsiz","brans":"Genel","acil":true,"yatak":null,"isletmeci":"","telefon":"","web":"https://balcali.cu.edu.tr/Tr/detay.aspx?pageId=1474","adres":"","osm":"https://www.openstreetmap.org/way/401149826"},"geometry":{"type":"Point","coordinates":[35.36247,37.05576]}},{"type":"Feature","properties":{"_id":"w401152646","ad":"Yüreğir Devlet Hastanesi","il":"Adana","ilce":"","tur":"Devlet","brans":"Genel","acil":null,"yatak":null,"isletmeci":"","telefon":"+90322 321 57 52","web":"https://yuregirdh.saglik.gov.tr/","adres":"Ege Bagatur Bulvarı 236","osm":"https://www.openstreetmap.org/way/401152646"},"geometry":{"type":"Point","coordinates":[35.35437,37.0107]}},{"type":"Feature","properties":{"_id":"w401167341","ad":"Erzurum Mareşal Fevzi Çakmak Asker Hastanesi","il":"Erzurum","ilce":"","tur":"Askerî","brans":"Genel","acil":true,"yatak":null,"isletmeci":"","telefon":"","web":"http://www.gata.edu.tr/erzurum/ulasim.asp","adres":"","osm":"https://www.openstreetmap.org/way/401167341"},"geometry":{"type":"Point","coordinates":[41.26367,39.88031]}},{"type":"Feature","properties":{"_id":"w401171482","ad":"Erzurum Bölge Eğitim Ve Araştırma Hastanesi","il":"Erzurum","ilce":"","tur":"Eğitim ve araştırma","brans":"Genel","acil":true,"yatak":null,"isletmeci":"","telefon":"","web":"","adres":"","osm":"https://www.openstreetmap.org/way/401171482"},"geometry":{"type":"Point","coordinates":[41.23655,39.88761]}},{"type":"Feature","properties":{"_id":"w401186801","ad":"Eskişehir Osmangazi Üniversitesi Tıp Fakültesi Hastanesi","il":"Eskişehir","ilce":"","tur":"Üniversite","brans":"Genel","acil":true,"yatak":null,"isletmeci":"Sağlık Bakanlığı","telefon":"","web":"https://hastane.ogu.edu.tr/","adres":"","osm":"https://www.openstreetmap.org/way/401186801"},"geometry":{"type":"Point","coordinates":[30.49051,39.7513]}},{"type":"Feature","properties":{"_id":"w401530948","ad":"Karaisalı Devlet Hastanesi","il":"Adana","ilce":"Karaisalı","tur":"Devlet","brans":"Genel","acil":true,"yatak":null,"isletmeci":"Sağlık Bakanlığı","telefon":"","web":"","adres":"","osm":"https://www.openstreetmap.org/way/401530948"},"geometry":{"type":"Point","coordinates":[35.06111,37.25403]}},{"type":"Feature","properties":{"_id":"w402397525","ad":"Adilcevaz Devlet Hastanesi","il":"Bitlis","ilce":"Adilcevaz/Bitlis","tur":"Devlet","brans":"Genel","acil":true,"yatak":null,"isletmeci":"Sağlık Bakanlığı","telefon":"","web":"","adres":"","osm":"https://www.openstreetmap.org/way/402397525"},"geometry":{"type":"Point","coordinates":[42.76391,38.79966]}},{"type":"Feature","properties":{"_id":"w402680268","ad":"Merzifon Karamustafa Paşa Devlet Hastanesi","il":"Amasya","ilce":"Merzifon/Amasya","tur":"Devlet","brans":"Genel","acil":true,"yatak":null,"isletmeci":"Sağlık Bakanlığı","telefon":"+90 358 513 44 44","web":"","adres":"İbni Sina Sokak 2","osm":"https://www.openstreetmap.org/way/402680268"},"geometry":{"type":"Point","coordinates":[35.43755,40.86708]}},{"type":"Feature","properties":{"_id":"w403546241","ad":"Gökçeada Devlet Hastanesi","il":"Çanakkale","ilce":"","tur":"Devlet","brans":"Genel","acil":true,"yatak":null,"isletmeci":"Sağlık Bakanlığı","telefon":"","web":"","adres":"","osm":"https://www.openstreetmap.org/way/403546241"},"geometry":{"type":"Point","coordinates":[25.90178,40.19766]}},{"type":"Feature","properties":{"_id":"w403552357","ad":"Liv Hospital Ulus","il":"İstanbul","ilce":"Beşiktaş","tur":"Özel","brans":"Genel","acil":true,"yatak":null,"isletmeci":"Liv","telefon":"","web":"https://www.livhospital.com/liv-hastaneleri/liv-hospital-ulus","adres":"Canan Sokağı","osm":"https://www.openstreetmap.org/way/403552357"},"geometry":{"type":"Point","coordinates":[29.0285,41.06086]}},{"type":"Feature","properties":{"_id":"w403627619","ad":"Anadolu Hastanesi","il":"Kastamonu","ilce":"Kastamonu","tur":"Belirsiz","brans":"Genel","acil":true,"yatak":null,"isletmeci":"","telefon":"","web":"","adres":"","osm":"https://www.openstreetmap.org/way/403627619"},"geometry":{"type":"Point","coordinates":[33.76964,41.36643]}},{"type":"Feature","properties":{"_id":"w403642188","ad":"Nefes Hastanesi","il":"Kastamonu","ilce":"Merkez","tur":"Belirsiz","brans":"Genel","acil":true,"yatak":null,"isletmeci":"Özel Nefes Hastanesi","telefon":"","web":"","adres":"Vali Enis Paşa Caddesi 7","osm":"https://www.openstreetmap.org/way/403642188"},"geometry":{"type":"Point","coordinates":[33.77753,41.38077]}},{"type":"Feature","properties":{"_id":"w403652631","ad":"Hitit Üniversitesi Çorum Eğitim ve Araştırma Hastanesi","il":"Çorum","ilce":"","tur":"Eğitim ve araştırma","brans":"Genel","acil":null,"yatak":null,"isletmeci":"","telefon":"","web":"","adres":"","osm":"https://www.openstreetmap.org/way/403652631"},"geometry":{"type":"Point","coordinates":[34.97161,40.55668]}},{"type":"Feature","properties":{"_id":"w404081531","ad":"Ankara Üniversitesi İbni Sina Hastanesi","il":"Ankara","ilce":"Altındağ","tur":"Üniversite","brans":"Genel","acil":true,"yatak":null,"isletmeci":"Ankara Üniversitesi","telefon":"","web":"https://hastane.ankara.edu.tr/iletisim-ve-ulasim-bilgileri/","adres":"Talatpaşa Bulvarı No:82","osm":"https://www.openstreetmap.org/way/404081531"},"geometry":{"type":"Point","coordinates":[32.85896,39.9321]}},{"type":"Feature","properties":{"_id":"w404401512","ad":"Özel Karataş Hastanesi","il":"İzmir","ilce":"","tur":"Özel","brans":"Genel","acil":null,"yatak":null,"isletmeci":"","telefon":"","web":"https://www.karatashastanesi.com/","adres":"","osm":"https://www.openstreetmap.org/way/404401512"},"geometry":{"type":"Point","coordinates":[27.12295,38.41133]}},{"type":"Feature","properties":{"_id":"w404700977","ad":"Özel Yeni Hayat Hastanesi","il":"Osmaniye","ilce":"Osmaniye","tur":"Özel","brans":"Genel","acil":null,"yatak":null,"isletmeci":"","telefon":"+90 328 826 01 01","web":"","adres":"","osm":"https://www.openstreetmap.org/way/404700977"},"geometry":{"type":"Point","coordinates":[36.23897,37.06161]}},{"type":"Feature","properties":{"_id":"w404730523","ad":"Rehabilitation Center","il":"Niğde","ilce":"","tur":"Belirsiz","brans":"Genel","acil":null,"yatak":null,"isletmeci":"","telefon":"","web":"","adres":"","osm":"https://www.openstreetmap.org/way/404730523"},"geometry":{"type":"Point","coordinates":[34.4823,38.17577]}},{"type":"Feature","properties":{"_id":"w405101792","ad":"Yüksekova Devlet Hastanesi","il":"Hakkari","ilce":"Yüksekova","tur":"Devlet","brans":"Genel","acil":true,"yatak":null,"isletmeci":"Sağlık Bakanlığı","telefon":"+90 438 351 1152","web":"https://yuksekovadh.saglik.gov.tr/","adres":"","osm":"https://www.openstreetmap.org/way/405101792"},"geometry":{"type":"Point","coordinates":[44.22774,37.56797]}},{"type":"Feature","properties":{"_id":"w405321396","ad":"Ankara Meslek Hastalıkları Hastanesi","il":"Ankara","ilce":"Keçiören/Ankara","tur":"Belirsiz","brans":"Genel","acil":false,"yatak":null,"isletmeci":"","telefon":"+90 312 580 8395","web":"","adres":"Atlılar Sokak","osm":"https://www.openstreetmap.org/way/405321396"},"geometry":{"type":"Point","coordinates":[32.86111,40.0079]}},{"type":"Feature","properties":{"_id":"w405488845","ad":"TOBB ETÜ Hastanesi","il":"Ankara","ilce":"","tur":"Belirsiz","brans":"Genel","acil":true,"yatak":null,"isletmeci":"","telefon":"","web":"","adres":"","osm":"https://www.openstreetmap.org/way/405488845"},"geometry":{"type":"Point","coordinates":[32.8059,39.91323]}},{"type":"Feature","properties":{"_id":"w405601395","ad":"Ankara Uluslararası Hastanesi","il":"Ankara","ilce":"Keçiören/Ankara","tur":"Belirsiz","brans":"Genel","acil":true,"yatak":null,"isletmeci":"","telefon":"","web":"https://uluslararasihastanesi.com/","adres":"Anavatan Caddesi 22","osm":"https://www.openstreetmap.org/way/405601395"},"geometry":{"type":"Point","coordinates":[32.87356,40.00221]}},{"type":"Feature","properties":{"_id":"w406194563","ad":"A LİFE HOSPİTAL","il":"Ankara","ilce":"Pursaklar/Ankara","tur":"Özel","brans":"Genel","acil":null,"yatak":null,"isletmeci":"","telefon":"","web":"","adres":"","osm":"https://www.openstreetmap.org/way/406194563"},"geometry":{"type":"Point","coordinates":[32.90638,40.04292]}},{"type":"Feature","properties":{"_id":"w406716431","ad":"Kazan Devlet Hastanesi Hamdi Eriş Yerleşkesi","il":"Ankara","ilce":"Kazan/Ankara","tur":"Devlet","brans":"Genel","acil":true,"yatak":null,"isletmeci":"","telefon":"","web":"","adres":"","osm":"https://www.openstreetmap.org/way/406716431"},"geometry":{"type":"Point","coordinates":[32.67998,40.20283]}},{"type":"Feature","properties":{"_id":"w406727922","ad":"Özel Etimed Hastanesi","il":"Ankara","ilce":"Etimesgut/Ankara","tur":"Özel","brans":"Genel","acil":true,"yatak":null,"isletmeci":"","telefon":"","web":"","adres":"","osm":"https://www.openstreetmap.org/way/406727922"},"geometry":{"type":"Point","coordinates":[32.62816,39.95376]}},{"type":"Feature","properties":{"_id":"w406914944","ad":"Özel Veni Vidi Mamak Hastanesi","il":"Ankara","ilce":"Mamak/Ankara","tur":"Özel","brans":"Genel","acil":true,"yatak":null,"isletmeci":"","telefon":"+90 312 389 89 00","web":"","adres":"Nato Yolu Cd. 55","osm":"https://www.openstreetmap.org/way/406914944"},"geometry":{"type":"Point","coordinates":[32.90813,39.91996]}},{"type":"Feature","properties":{"_id":"w408516837","ad":"Kurtalan Devlet Hastanesi","il":"Siirt","ilce":"Kurtalan/Siirt","tur":"Devlet","brans":"Genel","acil":true,"yatak":null,"isletmeci":"Sağlık Bakanlığı","telefon":"","web":"","adres":"","osm":"https://www.openstreetmap.org/way/408516837"},"geometry":{"type":"Point","coordinates":[41.69414,37.9282]}},{"type":"Feature","properties":{"_id":"w408535672","ad":"Medical Park Ankara İncek Hastanesi","il":"Ankara","ilce":"Gölbaşı/Ankara","tur":"Özel","brans":"Genel","acil":null,"yatak":null,"isletmeci":"Medical Park","telefon":"","web":"https://www.medicalpark.com.tr/","adres":"","osm":"https://www.openstreetmap.org/way/408535672"},"geometry":{"type":"Point","coordinates":[32.72925,39.82894]}},{"type":"Feature","properties":{"_id":"w408547280","ad":"Dr.Hulusi Alataş Elmadağ Devlet Hastanesi","il":"Ankara","ilce":"Elmadağ/Ankara","tur":"Devlet","brans":"Genel","acil":true,"yatak":null,"isletmeci":"Sağlık Bakanlığı","telefon":"","web":"","adres":"","osm":"https://www.openstreetmap.org/way/408547280"},"geometry":{"type":"Point","coordinates":[33.23119,39.91691]}},{"type":"Feature","properties":{"_id":"w408550345","ad":"Ethica Hastanesi","il":"İstanbul","ilce":"İstanbul","tur":"Belirsiz","brans":"Genel","acil":true,"yatak":null,"isletmeci":"","telefon":"+90 212 414 37 37","web":"","adres":"","osm":"https://www.openstreetmap.org/way/408550345"},"geometry":{"type":"Point","coordinates":[28.87263,40.99723]}},{"type":"Feature","properties":{"_id":"w410224795","ad":"Beypazarı İlçe Devlet Hastanesi","il":"Ankara","ilce":"Beypazarı","tur":"Devlet","brans":"Genel","acil":true,"yatak":null,"isletmeci":"Sağlık Bakanlığı","telefon":"+90 312 763 07 75","web":"","adres":"","osm":"https://www.openstreetmap.org/way/410224795"},"geometry":{"type":"Point","coordinates":[31.93032,40.16251]}},{"type":"Feature","properties":{"_id":"w411659382","ad":"VM Medical Park","il":"Bursa","ilce":"","tur":"Özel","brans":"Genel","acil":true,"yatak":null,"isletmeci":"Medical Park","telefon":"","web":"https://www.medicalpark.com.tr/bursa","adres":"","osm":"https://www.openstreetmap.org/way/411659382"},"geometry":{"type":"Point","coordinates":[29.06048,40.19351]}},{"type":"Feature","properties":{"_id":"w411756429","ad":"Melikgazi Hastanesi","il":"Kayseri","ilce":"","tur":"Belirsiz","brans":"Genel","acil":null,"yatak":null,"isletmeci":"","telefon":"+903522346595","web":"https://www.melikgazihastanesi.com.tr/default.asp","adres":"Gökçefidan Sokak 6","osm":"https://www.openstreetmap.org/way/411756429"},"geometry":{"type":"Point","coordinates":[35.51496,38.72492]}},{"type":"Feature","properties":{"_id":"w412016963","ad":"Ladik Devlet Hastanesi","il":"Samsun","ilce":"","tur":"Devlet","brans":"Genel","acil":null,"yatak":null,"isletmeci":"","telefon":"","web":"","adres":"","osm":"https://www.openstreetmap.org/way/412016963"},"geometry":{"type":"Point","coordinates":[35.89416,40.91266]}},{"type":"Feature","properties":{"_id":"w415605988","ad":"Saray Devlet Hastanesi","il":"Tekirdağ","ilce":"","tur":"Devlet","brans":"Genel","acil":null,"yatak":null,"isletmeci":"","telefon":"","web":"","adres":"","osm":"https://www.openstreetmap.org/way/415605988"},"geometry":{"type":"Point","coordinates":[27.93036,41.43785]}},{"type":"Feature","properties":{"_id":"w417579027","ad":"LÖSANTE Çocuk ve Yetişkin Hastanesi","il":"Ankara","ilce":"","tur":"Belirsiz","brans":"Kadın doğum / çocuk","acil":true,"yatak":null,"isletmeci":"LÖSEV","telefon":"","web":"https://www.losante.com.tr/","adres":"","osm":"https://www.openstreetmap.org/way/417579027"},"geometry":{"type":"Point","coordinates":[32.71938,39.83271]}},{"type":"Feature","properties":{"_id":"w418947311","ad":"Çamlıyayla Entegre Devlet Hastanesi","il":"Mersin","ilce":"","tur":"Devlet","brans":"Genel","acil":null,"yatak":null,"isletmeci":"","telefon":"","web":"","adres":"","osm":"https://www.openstreetmap.org/way/418947311"},"geometry":{"type":"Point","coordinates":[34.58611,37.16337]}},{"type":"Feature","properties":{"_id":"w419164018","ad":"Üsküdar Devlet Hastanesi","il":"İstanbul","ilce":"İstanbul","tur":"Devlet","brans":"Genel","acil":true,"yatak":null,"isletmeci":"","telefon":"","web":"https://uskudardh.saglik.gov.tr/","adres":"","osm":"https://www.openstreetmap.org/way/419164018"},"geometry":{"type":"Point","coordinates":[29.03896,41.01577]}},{"type":"Feature","properties":{"_id":"w419244222","ad":"Gazi Üniversitesi Hastanesi","il":"Ankara","ilce":"","tur":"Üniversite","brans":"Genel","acil":true,"yatak":null,"isletmeci":"","telefon":"","web":"https://hastane.gazi.edu.tr/","adres":"","osm":"https://www.openstreetmap.org/way/419244222"},"geometry":{"type":"Point","coordinates":[32.82312,39.93384]}},{"type":"Feature","properties":{"_id":"w419651105","ad":"Özel Bingöl Hastanesi","il":"Bingöl","ilce":"Bingöl","tur":"Özel","brans":"Genel","acil":true,"yatak":null,"isletmeci":"","telefon":"","web":"","adres":"Kültür Caddesi","osm":"https://www.openstreetmap.org/way/419651105"},"geometry":{"type":"Point","coordinates":[40.50615,38.88454]}},{"type":"Feature","properties":{"_id":"w420680312","ad":"Van Bölge Eğitim Ve Araştırma Hastanesi","il":"Van","ilce":"Van","tur":"Eğitim ve araştırma","brans":"Genel","acil":true,"yatak":null,"isletmeci":"","telefon":"","web":"","adres":"Ipek Yolu","osm":"https://www.openstreetmap.org/way/420680312"},"geometry":{"type":"Point","coordinates":[43.34254,38.46111]}},{"type":"Feature","properties":{"_id":"w421055274","ad":"Özel Diyabet Hastanesi","il":"İstanbul","ilce":"İstanbul","tur":"Özel","brans":"Genel","acil":null,"yatak":null,"isletmeci":"","telefon":"","web":"","adres":"","osm":"https://www.openstreetmap.org/way/421055274"},"geometry":{"type":"Point","coordinates":[29.03341,40.99824]}},{"type":"Feature","properties":{"_id":"w421946509","ad":"Ordu Devlet Hastanesi","il":"Ordu","ilce":"Ordu","tur":"Devlet","brans":"Genel","acil":true,"yatak":null,"isletmeci":"Ordu Devlet Hastanesi","telefon":"+90 452 234 32 32","web":"","adres":"","osm":"https://www.openstreetmap.org/way/421946509"},"geometry":{"type":"Point","coordinates":[37.88774,40.97076]}},{"type":"Feature","properties":{"_id":"w421946519","ad":"Özel Ordu Umut Hastanesi","il":"Ordu","ilce":"Orud","tur":"Özel","brans":"Genel","acil":true,"yatak":null,"isletmeci":"","telefon":"","web":"","adres":"","osm":"https://www.openstreetmap.org/way/421946519"},"geometry":{"type":"Point","coordinates":[37.89362,40.9719]}},{"type":"Feature","properties":{"_id":"w421946534","ad":"Medical Park Ordu Hastanesi","il":"Ordu","ilce":"Ordu","tur":"Özel","brans":"Genel","acil":true,"yatak":null,"isletmeci":"Medical Park","telefon":"+90 4444484","web":"","adres":"","osm":"https://www.openstreetmap.org/way/421946534"},"geometry":{"type":"Point","coordinates":[37.90615,40.97541]}},{"type":"Feature","properties":{"_id":"w421946540","ad":"Kadın Doğum Ve Çocuk Hastalıkları Hastanesi","il":"Ordu","ilce":"Ordu","tur":"Devlet","brans":"Kadın doğum / çocuk","acil":true,"yatak":null,"isletmeci":"","telefon":"","web":"","adres":"","osm":"https://www.openstreetmap.org/way/421946540"},"geometry":{"type":"Point","coordinates":[37.88382,40.97755]}},{"type":"Feature","properties":{"_id":"w422223198","ad":"Medicana Ankara","il":"Ankara","ilce":"Çankaya/Ankara","tur":"Özel","brans":"Genel","acil":null,"yatak":null,"isletmeci":"","telefon":"","web":"https://www.medicanainternational.com/en/international-ankara","adres":"","osm":"https://www.openstreetmap.org/way/422223198"},"geometry":{"type":"Point","coordinates":[32.79964,39.91013]}},{"type":"Feature","properties":{"_id":"w424704909","ad":"Yaşam Hastanesi","il":"Tekirdağ","ilce":"","tur":"Belirsiz","brans":"Genel","acil":true,"yatak":null,"isletmeci":"","telefon":"","web":"","adres":"Fatih Sultan Mehmet Blv.","osm":"https://www.openstreetmap.org/way/424704909"},"geometry":{"type":"Point","coordinates":[27.57019,40.98303]}},{"type":"Feature","properties":{"_id":"w424727157","ad":"Gülhane Eğitim ve Araştırma Hastanesi","il":"Ankara","ilce":"","tur":"Eğitim ve araştırma","brans":"Genel","acil":true,"yatak":null,"isletmeci":"Türkiye Cumhuriyeti Sağlık Bakanlığı","telefon":"","web":"","adres":"","osm":"https://www.openstreetmap.org/way/424727157"},"geometry":{"type":"Point","coordinates":[32.84595,39.96884]}},{"type":"Feature","properties":{"_id":"w426234438","ad":"Yeşilyurt İlçe Hastanesi","il":"Tokat","ilce":"","tur":"Devlet","brans":"Genel","acil":null,"yatak":null,"isletmeci":"","telefon":"","web":"","adres":"","osm":"https://www.openstreetmap.org/way/426234438"},"geometry":{"type":"Point","coordinates":[36.23106,40.01302]}},{"type":"Feature","properties":{"_id":"w427379067","ad":"Honaz Devlet Hastanesi","il":"Denizli","ilce":"","tur":"Devlet","brans":"Genel","acil":true,"yatak":null,"isletmeci":"Sağlık Bakanlığı","telefon":"","web":"","adres":"","osm":"https://www.openstreetmap.org/way/427379067"},"geometry":{"type":"Point","coordinates":[29.26662,37.7592]}},{"type":"Feature","properties":{"_id":"w427570511","ad":"Tire Devlet Hastanesi","il":"İzmir","ilce":"Tire/İzmir","tur":"Devlet","brans":"Genel","acil":true,"yatak":null,"isletmeci":"","telefon":"","web":"","adres":"","osm":"https://www.openstreetmap.org/way/427570511"},"geometry":{"type":"Point","coordinates":[27.72196,38.10085]}},{"type":"Feature","properties":{"_id":"w429069556","ad":"Patnos Devlet Hastanesi","il":"Ağrı","ilce":"Patnos/Ağrı","tur":"Devlet","brans":"Genel","acil":true,"yatak":null,"isletmeci":"","telefon":"","web":"","adres":"","osm":"https://www.openstreetmap.org/way/429069556"},"geometry":{"type":"Point","coordinates":[42.84271,39.18934]}},{"type":"Feature","properties":{"_id":"w429350599","ad":"Özel Güngören Hastanesi","il":"İstanbul","ilce":"Güngören","tur":"Özel","brans":"Genel","acil":true,"yatak":102,"isletmeci":"","telefon":"+90212 461 91 91","web":"https://www.gungorenhastanesi.com.tr/","adres":"Doğanbey Caddesi","osm":"https://www.openstreetmap.org/way/429350599"},"geometry":{"type":"Point","coordinates":[28.87176,41.02688]}},{"type":"Feature","properties":{"_id":"w430011893","ad":"Medikabil Hastanesi","il":"Bursa","ilce":"","tur":"Belirsiz","brans":"Genel","acil":true,"yatak":null,"isletmeci":"","telefon":"","web":"","adres":"","osm":"https://www.openstreetmap.org/way/430011893"},"geometry":{"type":"Point","coordinates":[28.97895,40.23332]}},{"type":"Feature","properties":{"_id":"w430341380","ad":"Medical Park","il":"İstanbul","ilce":"","tur":"Özel","brans":"Genel","acil":true,"yatak":null,"isletmeci":"Medical Park","telefon":"","web":"","adres":"","osm":"https://www.openstreetmap.org/way/430341380"},"geometry":{"type":"Point","coordinates":[28.86305,40.99583]}},{"type":"Feature","properties":{"_id":"w430540399","ad":"Havran Devlet Hastanesi","il":"Balıkesir","ilce":"","tur":"Devlet","brans":"Genel","acil":null,"yatak":null,"isletmeci":"","telefon":"","web":"","adres":"","osm":"https://www.openstreetmap.org/way/430540399"},"geometry":{"type":"Point","coordinates":[27.098,39.56229]}},{"type":"Feature","properties":{"_id":"w430591538","ad":"Havran İlçe Devlet Hastanesi","il":"Balıkesir","ilce":"Havran","tur":"Devlet","brans":"Genel","acil":true,"yatak":null,"isletmeci":"Sağlık Bakanlığı","telefon":"+90 (266) 432 15 67","web":"https://havrandh.saglik.gov.tr/","adres":"293. Sokak","osm":"https://www.openstreetmap.org/way/430591538"},"geometry":{"type":"Point","coordinates":[27.09702,39.55179]}},{"type":"Feature","properties":{"_id":"w431085619","ad":"Lider Hastanesi","il":"Burdur","ilce":"","tur":"Belirsiz","brans":"Genel","acil":true,"yatak":null,"isletmeci":"","telefon":"","web":"","adres":"","osm":"https://www.openstreetmap.org/way/431085619"},"geometry":{"type":"Point","coordinates":[30.59234,37.45679]}},{"type":"Feature","properties":{"_id":"w432789919","ad":"Bursa Devlet Hastanesi","il":"Bursa","ilce":"","tur":"Devlet","brans":"Genel","acil":null,"yatak":null,"isletmeci":"","telefon":"","web":"","adres":"","osm":"https://www.openstreetmap.org/way/432789919"},"geometry":{"type":"Point","coordinates":[29.05598,40.19579]}},{"type":"Feature","properties":{"_id":"w434557748","ad":"Nusaybin Devlet Hastanesi","il":"Mardin","ilce":"Nusaybin/Mardin","tur":"Devlet","brans":"Genel","acil":true,"yatak":null,"isletmeci":"Sağlık Bakanlığı","telefon":"","web":"","adres":"Mardin-Şırnak yolu","osm":"https://www.openstreetmap.org/way/434557748"},"geometry":{"type":"Point","coordinates":[41.19112,37.09149]}},{"type":"Feature","properties":{"_id":"w436503664","ad":"Trabzon Kanuni Eğitim ve Araştırma Hastanesi - Kaşüstü Kampüsü","il":"Trabzon","ilce":"Trabzon","tur":"Eğitim ve araştırma","brans":"Genel","acil":true,"yatak":null,"isletmeci":"Sağlık Bakanlığı","telefon":"","web":"","adres":"","osm":"https://www.openstreetmap.org/way/436503664"},"geometry":{"type":"Point","coordinates":[39.82002,40.95527]}},{"type":"Feature","properties":{"_id":"w436826675","ad":"Zekai Tahir Burak Kadın Sağlığı Eğitim ve Araştırma Hastanesi","il":"Ankara","ilce":"","tur":"Eğitim ve araştırma","brans":"Genel","acil":true,"yatak":null,"isletmeci":"","telefon":"+90 312 306 50 00","web":"","adres":"","osm":"https://www.openstreetmap.org/way/436826675"},"geometry":{"type":"Point","coordinates":[32.86877,39.93242]}},{"type":"Feature","properties":{"_id":"w437713361","ad":"Mersin Toros Devlet Hastanesi","il":"Mersin","ilce":"Mersin","tur":"Devlet","brans":"Genel","acil":true,"yatak":null,"isletmeci":"Sağlık Bakanlığı","telefon":"","web":"","adres":"","osm":"https://www.openstreetmap.org/way/437713361"},"geometry":{"type":"Point","coordinates":[34.63438,36.80624]}},{"type":"Feature","properties":{"_id":"w438276345","ad":"Fırat Üniversitesi Hastanesi","il":"Elazığ","ilce":"Elazığ","tur":"Üniversite","brans":"Genel","acil":true,"yatak":null,"isletmeci":"","telefon":"+90 424 233 35 55","web":"http://ftm.firat.edu.tr/","adres":"","osm":"https://www.openstreetmap.org/way/438276345"},"geometry":{"type":"Point","coordinates":[39.20531,38.68139]}},{"type":"Feature","properties":{"_id":"w438368225","ad":"Siirt Devlet Hastanesi","il":"Siirt","ilce":"Siirt","tur":"Devlet","brans":"Genel","acil":true,"yatak":null,"isletmeci":"","telefon":"","web":"","adres":"","osm":"https://www.openstreetmap.org/way/438368225"},"geometry":{"type":"Point","coordinates":[41.93754,37.94122]}},{"type":"Feature","properties":{"_id":"w438818282","ad":"Taşova Devlet Hastanesi","il":"Amasya","ilce":"","tur":"Devlet","brans":"Genel","acil":true,"yatak":null,"isletmeci":"Sağlık Bakanlığı","telefon":"+90 358 312 2424","web":"","adres":"Hastane Caddesi 1","osm":"https://www.openstreetmap.org/way/438818282"},"geometry":{"type":"Point","coordinates":[36.34078,40.75316]}},{"type":"Feature","properties":{"_id":"w438819658","ad":"Torul İlçe Devlet Hastanesi","il":"Gümüşhane","ilce":"","tur":"Devlet","brans":"Genel","acil":true,"yatak":null,"isletmeci":"","telefon":"","web":"","adres":"","osm":"https://www.openstreetmap.org/way/438819658"},"geometry":{"type":"Point","coordinates":[39.29581,40.56139]}},{"type":"Feature","properties":{"_id":"w438880564","ad":"Bilgi Hastanesi","il":"Antalya","ilce":"Manavgat","tur":"Belirsiz","brans":"Genel","acil":true,"yatak":null,"isletmeci":"","telefon":"+90 242 753 37 37","web":"http://www.bilgihospital.com.tr","adres":"1571. Sokak","osm":"https://www.openstreetmap.org/way/438880564"},"geometry":{"type":"Point","coordinates":[31.41295,36.78512]}},{"type":"Feature","properties":{"_id":"w439689214","ad":"Özel Mim Hastanesi","il":"Ankara","ilce":"Çankaya","tur":"Özel","brans":"Genel","acil":true,"yatak":null,"isletmeci":"","telefon":"+90 312 911 0101","web":"","adres":"Şehit Mustafa Doğan Caddesi 33","osm":"https://www.openstreetmap.org/way/439689214"},"geometry":{"type":"Point","coordinates":[32.85954,39.87617]}},{"type":"Feature","properties":{"_id":"w439929282","ad":"Niğde Devlet Hastanesi","il":"Niğde","ilce":"Niğde","tur":"Devlet","brans":"Genel","acil":true,"yatak":null,"isletmeci":"","telefon":"","web":"","adres":"Hastane Caddesi","osm":"https://www.openstreetmap.org/way/439929282"},"geometry":{"type":"Point","coordinates":[34.64483,37.96804]}},{"type":"Feature","properties":{"_id":"w440287736","ad":"Tarsus Ortadoğu Hastanesi","il":"Mersin","ilce":"Tarsus/Mersin","tur":"Belirsiz","brans":"Genel","acil":true,"yatak":null,"isletmeci":"","telefon":"","web":"","adres":"","osm":"https://www.openstreetmap.org/way/440287736"},"geometry":{"type":"Point","coordinates":[34.89324,36.9124]}},{"type":"Feature","properties":{"_id":"w440338945","ad":"Medical Park Tarsus Hastanesi","il":"Mersin","ilce":"Tarsus/Mersin","tur":"Özel","brans":"Genel","acil":true,"yatak":null,"isletmeci":"Medical Park","telefon":"0324 241 41 41","web":"","adres":"Şht. İsmet Akın Caddesi 10","osm":"https://www.openstreetmap.org/way/440338945"},"geometry":{"type":"Point","coordinates":[34.88308,36.90854]}},{"type":"Feature","properties":{"_id":"w441138201","ad":"29 Mayıs Hastanesi","il":"Ankara","ilce":"Çankaya/Ankara","tur":"Belirsiz","brans":"Genel","acil":true,"yatak":null,"isletmeci":"","telefon":"+90 312 593 29 29","web":"","adres":"Dikmen Cad. 312","osm":"https://www.openstreetmap.org/way/441138201"},"geometry":{"type":"Point","coordinates":[32.83452,39.87568]}},{"type":"Feature","properties":{"_id":"w441403984","ad":"İlker Çelikcan Fizik Tedavi ve Rehabilitasyon Hastanesi","il":"Bursa","ilce":"","tur":"Devlet","brans":"Dal hastanesi","acil":null,"yatak":null,"isletmeci":"","telefon":"","web":"","adres":"","osm":"https://www.openstreetmap.org/way/441403984"},"geometry":{"type":"Point","coordinates":[29.01762,40.20189]}},{"type":"Feature","properties":{"_id":"w443080371","ad":"Söke Fehime Faik Kocagöz Devlet Hastanesi","il":"Aydın","ilce":"Söke","tur":"Devlet","brans":"Dal hastanesi","acil":true,"yatak":null,"isletmeci":"","telefon":"0256 518 23 61","web":"","adres":"","osm":"https://www.openstreetmap.org/way/443080371"},"geometry":{"type":"Point","coordinates":[27.40357,37.76477]}},{"type":"Feature","properties":{"_id":"w443137380","ad":"Özel 19 Mayıs Hastanesi","il":"Ankara","ilce":"Çankaya/Ankara","tur":"Özel","brans":"Dal hastanesi","acil":true,"yatak":null,"isletmeci":"","telefon":"+90 312 478 2828","web":"","adres":"761. Sokak","osm":"https://www.openstreetmap.org/way/443137380"},"geometry":{"type":"Point","coordinates":[32.84064,39.87527]}},{"type":"Feature","properties":{"_id":"w443174229","ad":"Koru Hastaneleri","il":"Ankara","ilce":"","tur":"Özel","brans":"Genel","acil":null,"yatak":null,"isletmeci":"","telefon":"+90 4446662","web":"","adres":"Kızılırmak Mahallesi 1450 Sokak No:13 13","osm":"https://www.openstreetmap.org/way/443174229"},"geometry":{"type":"Point","coordinates":[32.81222,39.90258]}},{"type":"Feature","properties":{"_id":"w443379950","ad":"KTÜ Farabi Hastanesi","il":"Trabzon","ilce":"","tur":"Üniversite","brans":"Genel","acil":null,"yatak":null,"isletmeci":"Karadeniz Teknik Üniversitesi","telefon":"","web":"","adres":"","osm":"https://www.openstreetmap.org/way/443379950"},"geometry":{"type":"Point","coordinates":[39.76941,40.99239]}},{"type":"Feature","properties":{"_id":"w443383636","ad":"Muradiye  Devlet Hastanesi","il":"Van","ilce":"Muradiye","tur":"Devlet","brans":"Genel","acil":true,"yatak":null,"isletmeci":"","telefon":"","web":"","adres":"","osm":"https://www.openstreetmap.org/way/443383636"},"geometry":{"type":"Point","coordinates":[43.75955,38.98989]}},{"type":"Feature","properties":{"_id":"w443780130","ad":"Toyotasa Acil Yardım Hastanesi","il":"Sakarya","ilce":"","tur":"Belirsiz","brans":"Genel","acil":true,"yatak":null,"isletmeci":"","telefon":"","web":"","adres":"","osm":"https://www.openstreetmap.org/way/443780130"},"geometry":{"type":"Point","coordinates":[30.37366,40.76585]}},{"type":"Feature","properties":{"_id":"w444517243","ad":"Soma Devlet Hastanesi","il":"Manisa","ilce":"","tur":"Devlet","brans":"Genel","acil":null,"yatak":null,"isletmeci":"Sağlık Bakanlığı","telefon":"","web":"","adres":"","osm":"https://www.openstreetmap.org/way/444517243"},"geometry":{"type":"Point","coordinates":[27.55245,39.18358]}},{"type":"Feature","properties":{"_id":"w444832888","ad":"Bandırma Eğitim ve Araştırma Hastanesi","il":"Balıkesir","ilce":"Bandırma","tur":"Eğitim ve araştırma","brans":"Genel","acil":true,"yatak":null,"isletmeci":"","telefon":"","web":"","adres":"","osm":"https://www.openstreetmap.org/way/444832888"},"geometry":{"type":"Point","coordinates":[27.93561,40.33939]}},{"type":"Feature","properties":{"_id":"w444893833","ad":"Çerkezköy Kapaklı 82. Yıl Devlet Hastanesi","il":"Tekirdağ","ilce":"","tur":"Devlet","brans":"Genel","acil":true,"yatak":null,"isletmeci":"","telefon":"","web":"","adres":"","osm":"https://www.openstreetmap.org/way/444893833"},"geometry":{"type":"Point","coordinates":[27.97286,41.31445]}},{"type":"Feature","properties":{"_id":"w446826425","ad":"Özel Ataşehir Hastanesi","il":"İstanbul","ilce":"","tur":"Şehir hastanesi","brans":"Genel","acil":true,"yatak":null,"isletmeci":"","telefon":"","web":"","adres":"","osm":"https://www.openstreetmap.org/way/446826425"},"geometry":{"type":"Point","coordinates":[29.17564,40.98608]}},{"type":"Feature","properties":{"_id":"w448016728","ad":"Arnavutköy Devlet Hastanesi","il":"İstanbul","ilce":"","tur":"Devlet","brans":"Genel","acil":null,"yatak":null,"isletmeci":"","telefon":"","web":"","adres":"","osm":"https://www.openstreetmap.org/way/448016728"},"geometry":{"type":"Point","coordinates":[28.74693,41.17761]}},{"type":"Feature","properties":{"_id":"w448502709","ad":"Kelkit İlçe Devlet Hastanesi","il":"Gümüşhane","ilce":"","tur":"Devlet","brans":"Genel","acil":true,"yatak":null,"isletmeci":"Sağlık Bakanlığı","telefon":"","web":"","adres":"","osm":"https://www.openstreetmap.org/way/448502709"},"geometry":{"type":"Point","coordinates":[39.45666,40.10617]}},{"type":"Feature","properties":{"_id":"w449071635","ad":"Şarkışla Devlet Hastanesi","il":"Sivas","ilce":"Şarkışla/Sivas","tur":"Devlet","brans":"Genel","acil":true,"yatak":null,"isletmeci":"","telefon":"","web":"","adres":"","osm":"https://www.openstreetmap.org/way/449071635"},"geometry":{"type":"Point","coordinates":[36.42706,39.35244]}},{"type":"Feature","properties":{"_id":"w449172375","ad":"Kulu İlçe Devlet Hastanesi","il":"Konya","ilce":"Kulu/Konya","tur":"Devlet","brans":"Genel","acil":true,"yatak":null,"isletmeci":"","telefon":"","web":"","adres":"","osm":"https://www.openstreetmap.org/way/449172375"},"geometry":{"type":"Point","coordinates":[33.07059,39.08958]}},{"type":"Feature","properties":{"_id":"w451052822","ad":"TC Trabzon Fatih Devlet Hastanesi","il":"Trabzon","ilce":"Ortahisar/Trabzon","tur":"Devlet","brans":"Genel","acil":true,"yatak":null,"isletmeci":"Sağlık Bakanlığı","telefon":"","web":"","adres":"","osm":"https://www.openstreetmap.org/way/451052822"},"geometry":{"type":"Point","coordinates":[39.70186,41.00087]}},{"type":"Feature","properties":{"_id":"w451822397","ad":"Ankara Etlik Şehir Hastanesi","il":"Ankara","ilce":"Yenimahalle","tur":"Şehir hastanesi","brans":"Dal hastanesi","acil":true,"yatak":null,"isletmeci":"Sağlık Bakanlığı","telefon":"+90 312 797 00 00","web":"https://etliksehir.saglik.gov.tr/","adres":"Halil Sezai Erkut Caddesi 5","osm":"https://www.openstreetmap.org/way/451822397"},"geometry":{"type":"Point","coordinates":[32.82779,39.96367]}},{"type":"Feature","properties":{"_id":"w452231565","ad":"İskenderun Devlet Hastanesi","il":"Hatay","ilce":"","tur":"Devlet","brans":"Genel","acil":true,"yatak":null,"isletmeci":"","telefon":"","web":"","adres":"","osm":"https://www.openstreetmap.org/way/452231565"},"geometry":{"type":"Point","coordinates":[36.17415,36.58207]}},{"type":"Feature","properties":{"_id":"w452552273","ad":"Tunceli Devlet Hastanesi","il":"Tunceli","ilce":"","tur":"Devlet","brans":"Genel","acil":null,"yatak":null,"isletmeci":"","telefon":"","web":"","adres":"","osm":"https://www.openstreetmap.org/way/452552273"},"geometry":{"type":"Point","coordinates":[39.53448,39.09238]}},{"type":"Feature","properties":{"_id":"w453830877","ad":"Özel Manavgat Eslem Hastanesi","il":"Antalya","ilce":"Manavgat","tur":"Özel","brans":"Genel","acil":null,"yatak":null,"isletmeci":"","telefon":"+90 242 746 55 99","web":"http://www.eslemhospital.com","adres":"3122. Sokak 4/1","osm":"https://www.openstreetmap.org/way/453830877"},"geometry":{"type":"Point","coordinates":[31.41475,36.79386]}},{"type":"Feature","properties":{"_id":"w454267979","ad":"Alaca Devlet Hastahanesi","il":"Çorum","ilce":"","tur":"Devlet","brans":"Genel","acil":true,"yatak":null,"isletmeci":"Sağlık Bakanlığı","telefon":"","web":"","adres":"","osm":"https://www.openstreetmap.org/way/454267979"},"geometry":{"type":"Point","coordinates":[34.85723,40.17582]}},{"type":"Feature","properties":{"_id":"w455070567","ad":"Başkent Ünv. Hastanesi","il":"Ankara","ilce":"Sincan/Ankara","tur":"Üniversite","brans":"Genel","acil":null,"yatak":null,"isletmeci":"Başkent Üniversitesi","telefon":"","web":"","adres":"Deniz Sokak","osm":"https://www.openstreetmap.org/way/455070567"},"geometry":{"type":"Point","coordinates":[32.53353,40.00625]}},{"type":"Feature","properties":{"_id":"w455513892","ad":"Mudanya Devlet Hastanesi","il":"Bursa","ilce":"","tur":"Devlet","brans":"Genel","acil":null,"yatak":null,"isletmeci":"","telefon":"","web":"","adres":"","osm":"https://www.openstreetmap.org/way/455513892"},"geometry":{"type":"Point","coordinates":[28.9293,40.32311]}},{"type":"Feature","properties":{"_id":"w455513894","ad":"Doruk Yıldırım Hastanesi","il":"Bursa","ilce":"","tur":"Belirsiz","brans":"Genel","acil":true,"yatak":null,"isletmeci":"","telefon":"","web":"","adres":"","osm":"https://www.openstreetmap.org/way/455513894"},"geometry":{"type":"Point","coordinates":[29.1099,40.19196]}},{"type":"Feature","properties":{"_id":"w456333573","ad":"Kepsut Devlet Hastanesi","il":"Balıkesir","ilce":"","tur":"Devlet","brans":"Genel","acil":true,"yatak":null,"isletmeci":"Sağlık Bakanlığı","telefon":"","web":"","adres":"","osm":"https://www.openstreetmap.org/way/456333573"},"geometry":{"type":"Point","coordinates":[28.15721,39.68854]}},{"type":"Feature","properties":{"_id":"w456887458","ad":"Bismil Devlet Hastanesi","il":"Diyarbakır","ilce":"Bismil","tur":"Devlet","brans":"Genel","acil":true,"yatak":null,"isletmeci":"Sağlık Bakanlığı","telefon":"+90 412 415 23 10","web":"","adres":"","osm":"https://www.openstreetmap.org/way/456887458"},"geometry":{"type":"Point","coordinates":[40.61228,37.83616]}},{"type":"Feature","properties":{"_id":"w458424437","ad":"Hrs Kadın Hastanesi","il":"Ankara","ilce":"Çankaya/Ankara","tur":"Belirsiz","brans":"Genel","acil":false,"yatak":null,"isletmeci":"","telefon":"+90 312 457 66 00","web":"","adres":"Güneş Sokak 14","osm":"https://www.openstreetmap.org/way/458424437"},"geometry":{"type":"Point","coordinates":[32.8571,39.89925]}},{"type":"Feature","properties":{"_id":"w459664221","ad":"Özel Ereğli Anadolu Hastanesi","il":"Zonguldak","ilce":"","tur":"Özel","brans":"Genel","acil":true,"yatak":null,"isletmeci":"","telefon":"","web":"","adres":"Erdemir Caddesi 52","osm":"https://www.openstreetmap.org/way/459664221"},"geometry":{"type":"Point","coordinates":[31.43055,41.27554]}},{"type":"Feature","properties":{"_id":"w460382594","ad":"Avicenna Umut Hastanesi","il":"İstanbul","ilce":"Kartal","tur":"Özel","brans":"Genel","acil":true,"yatak":58,"isletmeci":"","telefon":"","web":"www.umuthastanesi.com","adres":"Üsküdar Caddesi 45","osm":"https://www.openstreetmap.org/way/460382594"},"geometry":{"type":"Point","coordinates":[29.17765,40.89071]}},{"type":"Feature","properties":{"_id":"w461114154","ad":"Or-Ayahim Özel Balat Hastanesi","il":"İstanbul","ilce":"Fatih","tur":"Özel","brans":"Genel","acil":null,"yatak":null,"isletmeci":"","telefon":"","web":"https://balathastanesi.com.tr/","adres":"Ayvansaray Caddesi","osm":"https://www.openstreetmap.org/way/461114154"},"geometry":{"type":"Point","coordinates":[28.94561,41.0385]}},{"type":"Feature","properties":{"_id":"w461154239","ad":"Özel Echomar Hastanesi","il":"Zonguldak","ilce":"Ereğli","tur":"Özel","brans":"Genel","acil":true,"yatak":null,"isletmeci":"Özel","telefon":"+90 372 312 28 88","web":"https://www.eregliechomar.com/","adres":"","osm":"https://www.openstreetmap.org/way/461154239"},"geometry":{"type":"Point","coordinates":[31.4314,41.27346]}},{"type":"Feature","properties":{"_id":"w461154339","ad":"Medicabil Hastanesi","il":"Bursa","ilce":"","tur":"Belirsiz","brans":"Genel","acil":true,"yatak":null,"isletmeci":"","telefon":"","web":"","adres":"","osm":"https://www.openstreetmap.org/way/461154339"},"geometry":{"type":"Point","coordinates":[29.11488,40.19117]}},{"type":"Feature","properties":{"_id":"w461261626","ad":"Çanakkale 18 Mart Üniversitesi Araştırma ve Uygulama Hastanesi","il":"Çanakkale","ilce":"","tur":"Üniversite","brans":"Genel","acil":null,"yatak":null,"isletmeci":"","telefon":"","web":"","adres":"","osm":"https://www.openstreetmap.org/way/461261626"},"geometry":{"type":"Point","coordinates":[26.3907,40.09613]}},{"type":"Feature","properties":{"_id":"w461619040","ad":"Beştepe Devlet Hastanesi","il":"Ankara","ilce":"Çankaya/Ankara","tur":"Devlet","brans":"Genel","acil":true,"yatak":null,"isletmeci":"","telefon":"","web":"","adres":"","osm":"https://www.openstreetmap.org/way/461619040"},"geometry":{"type":"Point","coordinates":[32.81539,39.92954]}},{"type":"Feature","properties":{"_id":"w462361867","ad":"Özel Batı Hastanesi","il":"Diyarbakır","ilce":"Kayapınar","tur":"Özel","brans":"Genel","acil":true,"yatak":null,"isletmeci":"","telefon":"+90 4443739","web":"https://batihastanesi.com/","adres":"Kayapınar Caddesi 80","osm":"https://www.openstreetmap.org/way/462361867"},"geometry":{"type":"Point","coordinates":[40.1766,37.94584]}},{"type":"Feature","properties":{"_id":"w462742396","ad":"SBÜ Süreyyapaşa Göğüs Hastalıkları Hastanesi","il":"İstanbul","ilce":"","tur":"Devlet","brans":"Dal hastanesi","acil":null,"yatak":null,"isletmeci":"","telefon":"","web":"","adres":"","osm":"https://www.openstreetmap.org/way/462742396"},"geometry":{"type":"Point","coordinates":[29.14055,40.95058]}},{"type":"Feature","properties":{"_id":"w462845183","ad":"Veni Vidi Göz","il":"İstanbul","ilce":"Kadıköy","tur":"Belirsiz","brans":"Dal hastanesi","acil":null,"yatak":null,"isletmeci":"","telefon":"","web":"https://venividigoz.com/","adres":"Bağdat Caddesi 257","osm":"https://www.openstreetmap.org/way/462845183"},"geometry":{"type":"Point","coordinates":[29.06302,40.97016]}},{"type":"Feature","properties":{"_id":"w462946095","ad":"Bulancak Devlet Hastanesi","il":"Giresun","ilce":"Bulancak","tur":"Devlet","brans":"Genel","acil":true,"yatak":null,"isletmeci":"","telefon":"","web":"","adres":"","osm":"https://www.openstreetmap.org/way/462946095"},"geometry":{"type":"Point","coordinates":[38.24472,40.93977]}},{"type":"Feature","properties":{"_id":"w463053294","ad":"Gökjet Özel Havacılık Mesleki ve Teknik Anadolu Lisesi","il":"İstanbul","ilce":"","tur":"Özel","brans":"Genel","acil":null,"yatak":null,"isletmeci":"","telefon":"","web":"","adres":"","osm":"https://www.openstreetmap.org/way/463053294"},"geometry":{"type":"Point","coordinates":[28.53252,41.01063]}},{"type":"Feature","properties":{"_id":"w463720849","ad":"Medical Park Karadeniz Hastanesi","il":"Trabzon","ilce":"Ortahisar/Trabzon","tur":"Özel","brans":"Genel","acil":true,"yatak":null,"isletmeci":"Medical Park","telefon":"","web":"","adres":"Yavuz Selim Bulvarı","osm":"https://www.openstreetmap.org/way/463720849"},"geometry":{"type":"Point","coordinates":[39.70017,40.99953]}},{"type":"Feature","properties":{"_id":"w463832854","ad":"Beytepe Murat Erdi Eker Devlet Hastanesi","il":"Ankara","ilce":"Çankaya/Ankara","tur":"Devlet","brans":"Genel","acil":true,"yatak":null,"isletmeci":"","telefon":"+90 312 464 69 98","web":"","adres":"","osm":"https://www.openstreetmap.org/way/463832854"},"geometry":{"type":"Point","coordinates":[32.72916,39.8433]}},{"type":"Feature","properties":{"_id":"w464205590","ad":"Ahi Evren Göğüs Kalp Damar Cerrahisi Eğitim ve Araştırma Hastanesi","il":"Trabzon","ilce":"","tur":"Eğitim ve araştırma","brans":"Dal hastanesi","acil":true,"yatak":null,"isletmeci":"","telefon":"","web":"","adres":"","osm":"https://www.openstreetmap.org/way/464205590"},"geometry":{"type":"Point","coordinates":[39.69794,40.98733]}},{"type":"Feature","properties":{"_id":"w464327101","ad":"TC Trabzon Kanuni Eğitim ve Araştırma Hastanesi - Numune Kampüsü","il":"Trabzon","ilce":"","tur":"Eğitim ve araştırma","brans":"Genel","acil":true,"yatak":null,"isletmeci":"Sağlık Bakanlığı","telefon":"","web":"","adres":"","osm":"https://www.openstreetmap.org/way/464327101"},"geometry":{"type":"Point","coordinates":[39.7069,41.00535]}},{"type":"Feature","properties":{"_id":"w464800855","ad":"Medicana Sivas Hastanesi","il":"Sivas","ilce":"","tur":"Özel","brans":"Genel","acil":null,"yatak":null,"isletmeci":"","telefon":"","web":"","adres":"","osm":"https://www.openstreetmap.org/way/464800855"},"geometry":{"type":"Point","coordinates":[37.02817,39.74151]}},{"type":"Feature","properties":{"_id":"w464881829","ad":"Özel Çamlık Hastanesi","il":"İstanbul","ilce":"Bakırköy","tur":"Özel","brans":"Genel","acil":true,"yatak":45,"isletmeci":"","telefon":"+90212 543 56 10","web":"https://www.camlikhastanesi.com.tr/","adres":"Yüce Tarla Caddesi 46","osm":"https://www.openstreetmap.org/way/464881829"},"geometry":{"type":"Point","coordinates":[28.87009,40.98939]}},{"type":"Feature","properties":{"_id":"w465113164","ad":"Yaşar Hastanesi","il":"İstanbul","ilce":"İstanbul","tur":"Belirsiz","brans":"Genel","acil":true,"yatak":null,"isletmeci":"","telefon":"","web":"","adres":"İncirli Caddesi 22","osm":"https://www.openstreetmap.org/way/465113164"},"geometry":{"type":"Point","coordinates":[28.87284,40.98376]}},{"type":"Feature","properties":{"_id":"w465580225","ad":"Yavuz Selim Kemik Hastalıkları ve Rehabilitasyon Hastanesi","il":"Trabzon","ilce":"Trabzon","tur":"Belirsiz","brans":"Genel","acil":null,"yatak":null,"isletmeci":"","telefon":"","web":"","adres":"","osm":"https://www.openstreetmap.org/way/465580225"},"geometry":{"type":"Point","coordinates":[39.72575,40.995]}},{"type":"Feature","properties":{"_id":"w466354357","ad":"Özel Ümit Vişnelik Hastanesi","il":"Eskişehir","ilce":"Odunpazarı","tur":"Özel","brans":"Genel","acil":null,"yatak":null,"isletmeci":"Özel Ümit Hastanesi","telefon":"+902223350335","web":"https://umithastanesi.com.tr","adres":"Şehit Yusuf Turgut Sokak 3","osm":"https://www.openstreetmap.org/way/466354357"},"geometry":{"type":"Point","coordinates":[30.49962,39.76238]}},{"type":"Feature","properties":{"_id":"w469996529","ad":"Medical Park Göztepe","il":"İstanbul","ilce":"","tur":"Özel","brans":"Dal hastanesi","acil":true,"yatak":null,"isletmeci":"Medical Park","telefon":"","web":"https://www.medicalpark.com.tr/goztepe-hastanesi/h-8","adres":"","osm":"https://www.openstreetmap.org/way/469996529"},"geometry":{"type":"Point","coordinates":[29.07732,40.99]}},{"type":"Feature","properties":{"_id":"w470536127","ad":"Mersin Şehir Hastanesi Sağlık Kompleksi","il":"Mersin","ilce":"Toroslar","tur":"Şehir hastanesi","brans":"Genel","acil":true,"yatak":null,"isletmeci":"Sağlık Bakanlığı","telefon":"","web":"","adres":"96015 Sokak","osm":"https://www.openstreetmap.org/way/470536127"},"geometry":{"type":"Point","coordinates":[34.60853,36.85528]}},{"type":"Feature","properties":{"_id":"w471122979","ad":"Özel Yüzüncü Yıl Hastanesi","il":"Ankara","ilce":"","tur":"Özel","brans":"Genel","acil":true,"yatak":null,"isletmeci":"","telefon":"","web":"","adres":"","osm":"https://www.openstreetmap.org/way/471122979"},"geometry":{"type":"Point","coordinates":[32.81028,39.89195]}},{"type":"Feature","properties":{"_id":"w471124747","ad":"Ufuk Üniversitesi Dr. Rıdvan Ege Hastanesi","il":"Ankara","ilce":"","tur":"Üniversite","brans":"Genel","acil":true,"yatak":null,"isletmeci":"","telefon":"","web":"","adres":"Mevlana Bulavarı","osm":"https://www.openstreetmap.org/way/471124747"},"geometry":{"type":"Point","coordinates":[32.81351,39.91024]}},{"type":"Feature","properties":{"_id":"w471137376","ad":"Memorial Ankara Hastanesi","il":"Ankara","ilce":"Ankara","tur":"Özel","brans":"Genel","acil":null,"yatak":null,"isletmeci":"","telefon":"","web":"https://www.memorial.com.tr/hastaneler-ve-tip-merkezleri/ankara","adres":"Mevlana Bulvarı 4","osm":"https://www.openstreetmap.org/way/471137376"},"geometry":{"type":"Point","coordinates":[32.8152,39.90367]}},{"type":"Feature","properties":{"_id":"w471977270","ad":"İmranlı Devlet Hastanesi","il":"Sivas","ilce":"","tur":"Devlet","brans":"Genel","acil":true,"yatak":null,"isletmeci":"","telefon":"","web":"","adres":"","osm":"https://www.openstreetmap.org/way/471977270"},"geometry":{"type":"Point","coordinates":[38.1184,39.86905]}},{"type":"Feature","properties":{"_id":"w474500537","ad":"Şanlıurfa Eğitim ve Araştırma Hastenesi","il":"Şanlıurfa","ilce":"Şanlıurfa","tur":"Eğitim ve araştırma","brans":"Genel","acil":true,"yatak":null,"isletmeci":"Sağlık Bakanlığı","telefon":"+90 414 317 1717","web":"","adres":"","osm":"https://www.openstreetmap.org/way/474500537"},"geometry":{"type":"Point","coordinates":[38.82363,37.11604]}},{"type":"Feature","properties":{"_id":"w475213937","ad":"Palandöken Devlet Hastanesi","il":"Erzurum","ilce":"","tur":"Devlet","brans":"Genel","acil":null,"yatak":null,"isletmeci":"","telefon":"","web":"","adres":"","osm":"https://www.openstreetmap.org/way/475213937"},"geometry":{"type":"Point","coordinates":[41.26775,39.90075]}},{"type":"Feature","properties":{"_id":"w475275100","ad":"Mardin Eğitim ve Araştırma Hastanesi","il":"Mardin","ilce":"Artuklu","tur":"Eğitim ve araştırma","brans":"Genel","acil":true,"yatak":null,"isletmeci":"Sağlık Bakanlığı","telefon":"+90 482 212 1048","web":"https://mardineah.saglik.gov.tr/","adres":"","osm":"https://www.openstreetmap.org/way/475275100"},"geometry":{"type":"Point","coordinates":[40.70648,37.33727]}},{"type":"Feature","properties":{"_id":"w475832644","ad":"Özel Eryaman Hastanesi","il":"Ankara","ilce":"","tur":"Özel","brans":"Genel","acil":true,"yatak":null,"isletmeci":"","telefon":"+90 4442928","web":"https://www.eryamanhastanesi.com.tr/","adres":"","osm":"https://www.openstreetmap.org/way/475832644"},"geometry":{"type":"Point","coordinates":[32.65244,39.97181]}},{"type":"Feature","properties":{"_id":"w478253482","ad":"Zübeyde Hanım Doğumevi","il":"Afyonkarahisar","ilce":"Afyonkarahisar","tur":"Belirsiz","brans":"Kadın doğum / çocuk","acil":null,"yatak":null,"isletmeci":"","telefon":"","web":"","adres":"","osm":"https://www.openstreetmap.org/way/478253482"},"geometry":{"type":"Point","coordinates":[30.54426,38.76318]}},{"type":"Feature","properties":{"_id":"w478253484","ad":"PARKHAYAT Afyon Hastanesi","il":"Afyonkarahisar","ilce":"Merkez","tur":"Belirsiz","brans":"Genel","acil":true,"yatak":null,"isletmeci":"","telefon":"+902722138787","web":"https://parkhayat.com","adres":"Turgut Özal Cad. 37","osm":"https://www.openstreetmap.org/way/478253484"},"geometry":{"type":"Point","coordinates":[30.50876,38.77341]}},{"type":"Feature","properties":{"_id":"w478253496","ad":"Afyonkarahisar Devlet Hastanesi","il":"Afyonkarahisar","ilce":"Afyonkarahisar","tur":"Devlet","brans":"Genel","acil":true,"yatak":null,"isletmeci":"Sağlık Bakanlığı","telefon":"","web":"","adres":"","osm":"https://www.openstreetmap.org/way/478253496"},"geometry":{"type":"Point","coordinates":[30.5137,38.78336]}},{"type":"Feature","properties":{"_id":"w479747818","ad":"Kaçkar Devlet Hastanesi","il":"Rize","ilce":"","tur":"Devlet","brans":"Genel","acil":true,"yatak":null,"isletmeci":"","telefon":"","web":"","adres":"","osm":"https://www.openstreetmap.org/way/479747818"},"geometry":{"type":"Point","coordinates":[40.94317,41.1802]}},{"type":"Feature","properties":{"_id":"w480888847","ad":"Medical Park Trabzon Hastanesi","il":"Trabzon","ilce":"","tur":"Özel","brans":"Genel","acil":true,"yatak":null,"isletmeci":"Medical Park","telefon":"","web":"","adres":"Trabzon-Giresun yolu","osm":"https://www.openstreetmap.org/way/480888847"},"geometry":{"type":"Point","coordinates":[39.62515,41.00731]}},{"type":"Feature","properties":{"_id":"w484530893","ad":"Yaşam Hastanesi","il":"Antalya","ilce":"","tur":"Belirsiz","brans":"Genel","acil":null,"yatak":null,"isletmeci":"","telefon":"+902422120888","web":"","adres":"","osm":"https://www.openstreetmap.org/way/484530893"},"geometry":{"type":"Point","coordinates":[31.42261,36.79162]}},{"type":"Feature","properties":{"_id":"w484787214","ad":"İzmir Bayraklı Entegre Sağlık Kampüsü","il":"İzmir","ilce":"","tur":"Devlet","brans":"Genel","acil":null,"yatak":null,"isletmeci":"İzmir Kuzey Kamu Hastahaneleri","telefon":"","web":"","adres":"","osm":"https://www.openstreetmap.org/way/484787214"},"geometry":{"type":"Point","coordinates":[27.17532,38.48498]}},{"type":"Feature","properties":{"_id":"w485688870","ad":"Liv Hospital","il":"İstanbul","ilce":"","tur":"Özel","brans":"Genel","acil":null,"yatak":null,"isletmeci":"Liv Hospital Group - Ulus Mahallesi","telefon":"+90212 999 80 99","web":"https://www.livhospital.com","adres":"","osm":"https://www.openstreetmap.org/way/485688870"},"geometry":{"type":"Point","coordinates":[29.02844,41.0608]}},{"type":"Feature","properties":{"_id":"w488166678","ad":"Celikhan Devlet Hastanesi","il":"Adıyaman","ilce":"Adıyaman","tur":"Devlet","brans":"Genel","acil":null,"yatak":null,"isletmeci":"","telefon":"+904164512101","web":"","adres":"","osm":"https://www.openstreetmap.org/way/488166678"},"geometry":{"type":"Point","coordinates":[38.25265,38.03393]}},{"type":"Feature","properties":{"_id":"w490936023","ad":"Terme Devlet Hastanesi","il":"Samsun","ilce":"Terme","tur":"Devlet","brans":"Genel","acil":null,"yatak":null,"isletmeci":"Sağlık Bakanlığı","telefon":"+90 362 875 0039","web":"https://termedh.saglik.gov.tr/","adres":"Kemer Caddesi 8","osm":"https://www.openstreetmap.org/way/490936023"},"geometry":{"type":"Point","coordinates":[36.95589,41.21387]}},{"type":"Feature","properties":{"_id":"w491419928","ad":"Çekerek Devlet Hastanesi","il":"Yozgat","ilce":"","tur":"Devlet","brans":"Genel","acil":null,"yatak":null,"isletmeci":"","telefon":"","web":"","adres":"","osm":"https://www.openstreetmap.org/way/491419928"},"geometry":{"type":"Point","coordinates":[35.48574,40.0699]}},{"type":"Feature","properties":{"_id":"w491597389","ad":"DENİZ HASTANESİ","il":"Hatay","ilce":"","tur":"Belirsiz","brans":"Genel","acil":true,"yatak":null,"isletmeci":"","telefon":"","web":"","adres":"","osm":"https://www.openstreetmap.org/way/491597389"},"geometry":{"type":"Point","coordinates":[35.98872,36.08518]}},{"type":"Feature","properties":{"_id":"w492573913","ad":"Siverek Devlet Hastanesi","il":"Şanlıurfa","ilce":"Siverek","tur":"Devlet","brans":"Genel","acil":true,"yatak":null,"isletmeci":"Sağlık Bakanlığı","telefon":"+90 414 552 1246","web":"https://siverekdh.saglik.gov.tr/","adres":"","osm":"https://www.openstreetmap.org/way/492573913"},"geometry":{"type":"Point","coordinates":[39.26948,37.69742]}},{"type":"Feature","properties":{"_id":"w492709807","ad":"Namık Kemal Üniversitesi Araştırma ve Uygulama Hastanesi","il":"Tekirdağ","ilce":"Süleymanpaşa","tur":"Üniversite","brans":"Genel","acil":null,"yatak":null,"isletmeci":"","telefon":"","web":"","adres":"Barbaros Caddesi","osm":"https://www.openstreetmap.org/way/492709807"},"geometry":{"type":"Point","coordinates":[27.49105,40.95484]}},{"type":"Feature","properties":{"_id":"w492950964","ad":"Özel Sevgi Hastanesi","il":"Balıkesir","ilce":"Karesi","tur":"Özel","brans":"Genel","acil":true,"yatak":null,"isletmeci":"","telefon":"+90 266 246 33 10","web":"http://www.ozelsevgihastanesi.com/","adres":"128. Sokak 11","osm":"https://www.openstreetmap.org/way/492950964"},"geometry":{"type":"Point","coordinates":[27.90909,39.66529]}},{"type":"Feature","properties":{"_id":"w495124232","ad":"ALKÜ Alanya Eğitim Araştırma Hastahanesi","il":"Antalya","ilce":"Alanya","tur":"Eğitim ve araştırma","brans":"Dal hastanesi","acil":true,"yatak":null,"isletmeci":"Sağlık Bakanlığı","telefon":"","web":"https://alanyaeah.saglik.gov.tr/?_Dil=1","adres":"","osm":"https://www.openstreetmap.org/way/495124232"},"geometry":{"type":"Point","coordinates":[32.04394,36.54083]}},{"type":"Feature","properties":{"_id":"w495411050","ad":"Çınar Devlet Hastanesi","il":"Diyarbakır","ilce":"","tur":"Devlet","brans":"Genel","acil":true,"yatak":null,"isletmeci":"Sağlık Bakanlığı","telefon":"","web":"","adres":"","osm":"https://www.openstreetmap.org/way/495411050"},"geometry":{"type":"Point","coordinates":[40.40596,37.73048]}},{"type":"Feature","properties":{"_id":"w495439638","ad":"Güçlükonak İlçe Devlet Hastanesi","il":"Şırnak","ilce":"Güçlükonak","tur":"Devlet","brans":"Genel","acil":true,"yatak":null,"isletmeci":"","telefon":"","web":"","adres":"","osm":"https://www.openstreetmap.org/way/495439638"},"geometry":{"type":"Point","coordinates":[41.91009,37.47025]}},{"type":"Feature","properties":{"_id":"w495440438","ad":"Eruh İlçe Devlet Hastanesi","il":"Siirt","ilce":"","tur":"Devlet","brans":"Genel","acil":true,"yatak":null,"isletmeci":"","telefon":"","web":"","adres":"","osm":"https://www.openstreetmap.org/way/495440438"},"geometry":{"type":"Point","coordinates":[42.17932,37.74832]}},{"type":"Feature","properties":{"_id":"w495538737","ad":"Dr. Cevder Aykan Ruh Sağlığı ve Hastalıkları Hastanesi","il":"Tokat","ilce":"","tur":"Devlet","brans":"Ruh sağlığı","acil":null,"yatak":null,"isletmeci":"","telefon":"","web":"","adres":"","osm":"https://www.openstreetmap.org/way/495538737"},"geometry":{"type":"Point","coordinates":[36.55434,40.30272]}},{"type":"Feature","properties":{"_id":"w497876577","ad":"Büyük Anadolu Hastanesi Çiftlik Şubesi","il":"Samsun","ilce":"","tur":"Belirsiz","brans":"Genel","acil":null,"yatak":null,"isletmeci":"Büyük Anadolu Hastaneleri","telefon":"","web":"https://www.buyukanadoluhastanesi.com/index.php","adres":"","osm":"https://www.openstreetmap.org/way/497876577"},"geometry":{"type":"Point","coordinates":[36.33166,41.28721]}},{"type":"Feature","properties":{"_id":"w498170611","ad":"Özel Dünyapark Doğum Hastanesi","il":"Diyarbakır","ilce":"Diyarbakır","tur":"Özel","brans":"Genel","acil":false,"yatak":null,"isletmeci":"","telefon":"+90 850 441 2100","web":"https://dunyapark.com.tr/","adres":"","osm":"https://www.openstreetmap.org/way/498170611"},"geometry":{"type":"Point","coordinates":[40.23317,37.91677]}},{"type":"Feature","properties":{"_id":"w498273248","ad":"Medicana","il":"Samsun","ilce":"","tur":"Özel","brans":"Genel","acil":null,"yatak":null,"isletmeci":"","telefon":"","web":"","adres":"","osm":"https://www.openstreetmap.org/way/498273248"},"geometry":{"type":"Point","coordinates":[36.35152,41.26688]}},{"type":"Feature","properties":{"_id":"w499228364","ad":"Kaş Devlet Hastanesi","il":"Antalya","ilce":"","tur":"Devlet","brans":"Genel","acil":null,"yatak":null,"isletmeci":"Sağlık Bakanlığı","telefon":"","web":"","adres":"","osm":"https://www.openstreetmap.org/way/499228364"},"geometry":{"type":"Point","coordinates":[29.58614,36.20312]}},{"type":"Feature","properties":{"_id":"w499335019","ad":"Liman Hastanesi","il":"Samsun","ilce":"","tur":"Belirsiz","brans":"Genel","acil":null,"yatak":null,"isletmeci":"","telefon":"","web":"","adres":"","osm":"https://www.openstreetmap.org/way/499335019"},"geometry":{"type":"Point","coordinates":[36.3325,41.29646]}},{"type":"Feature","properties":{"_id":"w499615087","ad":"Samsun Gazi Devlet Hastanesi","il":"Samsun","ilce":"","tur":"Devlet","brans":"Genel","acil":true,"yatak":null,"isletmeci":"","telefon":"","web":"","adres":"","osm":"https://www.openstreetmap.org/way/499615087"},"geometry":{"type":"Point","coordinates":[36.33166,41.27978]}},{"type":"Feature","properties":{"_id":"w499851633","ad":"Samsun Doktor Kamil Furtun Hastanesi","il":"Samsun","ilce":"","tur":"Belirsiz","brans":"Genel","acil":null,"yatak":null,"isletmeci":"","telefon":"","web":"","adres":"","osm":"https://www.openstreetmap.org/way/499851633"},"geometry":{"type":"Point","coordinates":[36.32065,41.28155]}},{"type":"Feature","properties":{"_id":"w500364330","ad":"Acıbadem Altunizade Hastanesi","il":"İstanbul","ilce":"","tur":"Özel","brans":"Genel","acil":null,"yatak":null,"isletmeci":"Acıbadem","telefon":"","web":"https://www.acibadem.com.tr/hastane/altunizade-hastanesi/","adres":"","osm":"https://www.openstreetmap.org/way/500364330"},"geometry":{"type":"Point","coordinates":[29.04634,41.01902]}},{"type":"Feature","properties":{"_id":"w500857935","ad":"Tokat Üniversite Hastanesi","il":"Tokat","ilce":"","tur":"Üniversite","brans":"Genel","acil":true,"yatak":null,"isletmeci":"","telefon":"","web":"","adres":"","osm":"https://www.openstreetmap.org/way/500857935"},"geometry":{"type":"Point","coordinates":[36.546,40.32524]}},{"type":"Feature","properties":{"_id":"w501162059","ad":"Bayındır Devlet Hastanesi","il":"İzmir","ilce":"Bayındır","tur":"Devlet","brans":"Genel","acil":true,"yatak":null,"isletmeci":"","telefon":"","web":"","adres":"","osm":"https://www.openstreetmap.org/way/501162059"},"geometry":{"type":"Point","coordinates":[27.64981,38.22137]}},{"type":"Feature","properties":{"_id":"w503312889","ad":"Yeni Karapınar Devlet Hastanesi","il":"Konya","ilce":"","tur":"Devlet","brans":"Genel","acil":true,"yatak":null,"isletmeci":"","telefon":"","web":"https://karapinardh.saglik.gov.tr/","adres":"","osm":"https://www.openstreetmap.org/way/503312889"},"geometry":{"type":"Point","coordinates":[33.56635,37.7135]}},{"type":"Feature","properties":{"_id":"w503410469","ad":"Özel Acıbadem İzmir Kent Hastanesi","il":"İzmir","ilce":"","tur":"Özel","brans":"Genel","acil":null,"yatak":null,"isletmeci":"Acıbadem","telefon":"","web":"","adres":"8229/2. Sokak","osm":"https://www.openstreetmap.org/way/503410469"},"geometry":{"type":"Point","coordinates":[27.05168,38.4897]}},{"type":"Feature","properties":{"_id":"w504133284","ad":"Medical Park Ankara Hastanesi","il":"Ankara","ilce":"","tur":"Özel","brans":"Genel","acil":null,"yatak":null,"isletmeci":"Medical Park","telefon":"+90 444 44 84","web":"https://www.medicalpark.com.tr","adres":"","osm":"https://www.openstreetmap.org/way/504133284"},"geometry":{"type":"Point","coordinates":[32.7095,39.96656]}},{"type":"Feature","properties":{"_id":"w504361364","ad":"Zile Devlet Hastanesi","il":"Tokat","ilce":"Zile","tur":"Devlet","brans":"Genel","acil":true,"yatak":null,"isletmeci":"","telefon":"","web":"","adres":"","osm":"https://www.openstreetmap.org/way/504361364"},"geometry":{"type":"Point","coordinates":[35.90267,40.30774]}},{"type":"Feature","properties":{"_id":"w506635204","ad":"Medipol Mega Hastaneler Kompleksi","il":"İstanbul","ilce":"Bağcılar","tur":"Özel","brans":"Genel","acil":true,"yatak":515,"isletmeci":"","telefon":"+902124607777","web":"","adres":"2309. Sokak 6","osm":"https://www.openstreetmap.org/way/506635204"},"geometry":{"type":"Point","coordinates":[28.84339,41.05823]}},{"type":"Feature","properties":{"_id":"w507482002","ad":"Özel Buhara Hastanesi","il":"Erzurum","ilce":"","tur":"Özel","brans":"Genel","acil":null,"yatak":null,"isletmeci":"","telefon":"","web":"","adres":"","osm":"https://www.openstreetmap.org/way/507482002"},"geometry":{"type":"Point","coordinates":[41.27277,39.89615]}},{"type":"Feature","properties":{"_id":"w510779414","ad":"Eski Bodrum Devlet Hastanesi","il":"Muğla","ilce":"","tur":"Devlet","brans":"Genel","acil":null,"yatak":null,"isletmeci":"","telefon":"","web":"","adres":"","osm":"https://www.openstreetmap.org/way/510779414"},"geometry":{"type":"Point","coordinates":[27.42645,37.04554]}},{"type":"Feature","properties":{"_id":"w512124114","ad":"Marmaris Yücelen Hastanesi","il":"Muğla","ilce":"","tur":"Belirsiz","brans":"Genel","acil":null,"yatak":null,"isletmeci":"","telefon":"","web":"","adres":"","osm":"https://www.openstreetmap.org/way/512124114"},"geometry":{"type":"Point","coordinates":[28.26506,36.88186]}},{"type":"Feature","properties":{"_id":"w512481117","ad":"Çınarcık Devlet Hastanesi","il":"Yalova","ilce":"Merkez","tur":"Devlet","brans":"Genel","acil":true,"yatak":null,"isletmeci":"","telefon":"","web":"","adres":"Belediye Sk.","osm":"https://www.openstreetmap.org/way/512481117"},"geometry":{"type":"Point","coordinates":[29.11884,40.6432]}},{"type":"Feature","properties":{"_id":"w513797090","ad":"Besni Devlet Hastanesi","il":"Adıyaman","ilce":"Besni","tur":"Devlet","brans":"Genel","acil":true,"yatak":null,"isletmeci":"Sağlık Bakanlığı","telefon":"+90 416 315 35 71","web":"","adres":"","osm":"https://www.openstreetmap.org/way/513797090"},"geometry":{"type":"Point","coordinates":[37.88804,37.67877]}},{"type":"Feature","properties":{"_id":"w513886279","ad":"Samsat İlçe Devlet Hastanesi","il":"Adıyaman","ilce":"Adıyaman","tur":"Devlet","brans":"Genel","acil":true,"yatak":null,"isletmeci":"","telefon":"","web":"","adres":"","osm":"https://www.openstreetmap.org/way/513886279"},"geometry":{"type":"Point","coordinates":[38.48046,37.5823]}},{"type":"Feature","properties":{"_id":"w514897862","ad":"Marmaraereğlisi İlçe Hastanesi","il":"Tekirdağ","ilce":"","tur":"Devlet","brans":"Genel","acil":null,"yatak":null,"isletmeci":"","telefon":"","web":"","adres":"","osm":"https://www.openstreetmap.org/way/514897862"},"geometry":{"type":"Point","coordinates":[27.9318,40.97297]}},{"type":"Feature","properties":{"_id":"w515502038","ad":"Çorum Özel Hastanesi","il":"Çorum","ilce":"Merkez","tur":"Özel","brans":"Genel","acil":true,"yatak":null,"isletmeci":"","telefon":"+90 364 444 15 20","web":"https://www.corumozelhastanesi.com.tr/","adres":"","osm":"https://www.openstreetmap.org/way/515502038"},"geometry":{"type":"Point","coordinates":[34.96227,40.57228]}},{"type":"Feature","properties":{"_id":"w515751310","ad":"Çamardı İlçe Devlet Hastanesi","il":"Niğde","ilce":"Çamardı","tur":"Devlet","brans":"Genel","acil":true,"yatak":null,"isletmeci":"Sağlık Bakanlığı","telefon":"","web":"","adres":"","osm":"https://www.openstreetmap.org/way/515751310"},"geometry":{"type":"Point","coordinates":[34.99848,37.8377]}},{"type":"Feature","properties":{"_id":"w518497853","ad":"Bahçelievler Devlet Hastanesi","il":"İstanbul","ilce":"","tur":"Devlet","brans":"Genel","acil":true,"yatak":null,"isletmeci":"Sağlık Bakanlığı","telefon":"","web":"","adres":"","osm":"https://www.openstreetmap.org/way/518497853"},"geometry":{"type":"Point","coordinates":[28.84437,41.00624]}},{"type":"Feature","properties":{"_id":"w520147659","ad":"Bozkurt Devlet Hastanesi","il":"Kastamonu","ilce":"","tur":"Devlet","brans":"Genel","acil":true,"yatak":null,"isletmeci":"","telefon":"","web":"","adres":"","osm":"https://www.openstreetmap.org/way/520147659"},"geometry":{"type":"Point","coordinates":[34.01071,41.95982]}},{"type":"Feature","properties":{"_id":"w521068637","ad":"Egemed Hastanesi","il":"Aydın","ilce":"","tur":"Belirsiz","brans":"Genel","acil":true,"yatak":null,"isletmeci":"","telefon":"","web":"","adres":"","osm":"https://www.openstreetmap.org/way/521068637"},"geometry":{"type":"Point","coordinates":[27.41569,37.74827]}},{"type":"Feature","properties":{"_id":"w521081203","ad":"Halfeti Devlet Hastanesi","il":"Şanlıurfa","ilce":"Halfeti","tur":"Devlet","brans":"Genel","acil":true,"yatak":null,"isletmeci":"Sağlık Bakanlığı","telefon":"","web":"","adres":"","osm":"https://www.openstreetmap.org/way/521081203"},"geometry":{"type":"Point","coordinates":[37.94718,37.22993]}},{"type":"Feature","properties":{"_id":"w521866853","ad":"Üniversal Aksaray Hastanesi","il":"İstanbul","ilce":"","tur":"Belirsiz","brans":"Genel","acil":null,"yatak":null,"isletmeci":"","telefon":"","web":"","adres":"","osm":"https://www.openstreetmap.org/way/521866853"},"geometry":{"type":"Point","coordinates":[28.9453,41.01263]}},{"type":"Feature","properties":{"_id":"w524892365","ad":"Academic Hospital","il":"İstanbul","ilce":"Üsküdar","tur":"Özel","brans":"Genel","acil":true,"yatak":null,"isletmeci":"","telefon":"0216 554 98 00","web":"https://www.academichospital.com.tr/tr/","adres":"Nuh Kuyusu Caddesi 94","osm":"https://www.openstreetmap.org/way/524892365"},"geometry":{"type":"Point","coordinates":[29.03501,41.01971]}},{"type":"Feature","properties":{"_id":"w526253430","ad":"Özel Medova Hastanesi","il":"Konya","ilce":"","tur":"Özel","brans":"Genel","acil":true,"yatak":null,"isletmeci":"","telefon":"","web":"","adres":"","osm":"https://www.openstreetmap.org/way/526253430"},"geometry":{"type":"Point","coordinates":[32.50212,37.94513]}},{"type":"Feature","properties":{"_id":"w527496165","ad":"Bayrampaşa Devlet Hastanesi","il":"İstanbul","ilce":"Bayrampaşa","tur":"Devlet","brans":"Genel","acil":true,"yatak":null,"isletmeci":"Sağlık Bakanlığı","telefon":"+90 212 567 6774","web":"","adres":"Kenar Caddesi 6","osm":"https://www.openstreetmap.org/way/527496165"},"geometry":{"type":"Point","coordinates":[28.90207,41.04202]}},{"type":"Feature","properties":{"_id":"w527803929","ad":"Germencik Devlet Hastanesi","il":"Aydın","ilce":"","tur":"Devlet","brans":"Genel","acil":true,"yatak":null,"isletmeci":"","telefon":"","web":"","adres":"","osm":"https://www.openstreetmap.org/way/527803929"},"geometry":{"type":"Point","coordinates":[27.59182,37.8742]}},{"type":"Feature","properties":{"_id":"w528353035","ad":"Özel Küçükçekmece Hastanesi","il":"İstanbul","ilce":"","tur":"Özel","brans":"Genel","acil":null,"yatak":null,"isletmeci":"","telefon":"","web":"","adres":"","osm":"https://www.openstreetmap.org/way/528353035"},"geometry":{"type":"Point","coordinates":[28.78053,40.99962]}},{"type":"Feature","properties":{"_id":"w534271451","ad":"Çocuk Hastanesi","il":"Bursa","ilce":"","tur":"Belirsiz","brans":"Kadın doğum / çocuk","acil":null,"yatak":null,"isletmeci":"","telefon":"","web":"","adres":"","osm":"https://www.openstreetmap.org/way/534271451"},"geometry":{"type":"Point","coordinates":[29.0216,40.20529]}},{"type":"Feature","properties":{"_id":"w534830576","ad":"Cerrahpaşa Tıp Fakültesi","il":"İstanbul","ilce":"Fatih","tur":"Üniversite","brans":"Genel","acil":true,"yatak":null,"isletmeci":"T.C. İstanbul Üniversitesi","telefon":"","web":"https://hastanecerrahpasa.iuc.edu.tr","adres":"","osm":"https://www.openstreetmap.org/way/534830576"},"geometry":{"type":"Point","coordinates":[28.94158,41.00402]}},{"type":"Feature","properties":{"_id":"w537776182","ad":"Doruk Hastanesi","il":"Bursa","ilce":"","tur":"Belirsiz","brans":"Genel","acil":null,"yatak":null,"isletmeci":"","telefon":"","web":"","adres":"","osm":"https://www.openstreetmap.org/way/537776182"},"geometry":{"type":"Point","coordinates":[29.02028,40.20423]}},{"type":"Feature","properties":{"_id":"w537776184","ad":"Kalp ve Aritmi Hastanesi","il":"Bursa","ilce":"","tur":"Belirsiz","brans":"Dal hastanesi","acil":null,"yatak":null,"isletmeci":"","telefon":"","web":"","adres":"","osm":"https://www.openstreetmap.org/way/537776184"},"geometry":{"type":"Point","coordinates":[29.02105,40.20505]}},{"type":"Feature","properties":{"_id":"w539587648","ad":"Nisa Hastanesi Acil","il":"İstanbul","ilce":"","tur":"Belirsiz","brans":"Genel","acil":null,"yatak":null,"isletmeci":"","telefon":"","web":"","adres":"","osm":"https://www.openstreetmap.org/way/539587648"},"geometry":{"type":"Point","coordinates":[28.82949,40.99896]}},{"type":"Feature","properties":{"_id":"w539587649","ad":"Nisa Hastanesi","il":"İstanbul","ilce":"","tur":"Belirsiz","brans":"Genel","acil":null,"yatak":null,"isletmeci":"","telefon":"","web":"","adres":"","osm":"https://www.openstreetmap.org/way/539587649"},"geometry":{"type":"Point","coordinates":[28.83024,40.99942]}},{"type":"Feature","properties":{"_id":"w540601527","ad":"Pendik Devlet Hastanesi","il":"İstanbul","ilce":"Pendik","tur":"Devlet","brans":"Genel","acil":null,"yatak":null,"isletmeci":"","telefon":"+90 216 491 2937","web":"https://pendikdh.saglik.gov.tr","adres":"Dr.Orhan Maltepe Caddesi 17","osm":"https://www.openstreetmap.org/way/540601527"},"geometry":{"type":"Point","coordinates":[29.22955,40.87711]}},{"type":"Feature","properties":{"_id":"w541282683","ad":"Yunak devlet hastanesi","il":"Konya","ilce":"","tur":"Devlet","brans":"Genel","acil":null,"yatak":null,"isletmeci":"","telefon":"","web":"","adres":"","osm":"https://www.openstreetmap.org/way/541282683"},"geometry":{"type":"Point","coordinates":[31.72673,38.82202]}},{"type":"Feature","properties":{"_id":"w542205536","ad":"Medicana Kadıköy","il":"İstanbul","ilce":"Kadıköy","tur":"Özel","brans":"Genel","acil":null,"yatak":null,"isletmeci":"","telefon":"+90 216 9704970","web":"https://www.medicana.com.tr/kadikoy","adres":"Recep Peker Caddesi 11","osm":"https://www.openstreetmap.org/way/542205536"},"geometry":{"type":"Point","coordinates":[29.03817,40.98532]}},{"type":"Feature","properties":{"_id":"w542477133","ad":"Boğazlıyan Devlet Hastanesi","il":"Yozgat","ilce":"","tur":"Devlet","brans":"Genel","acil":true,"yatak":null,"isletmeci":"Sağlık Bakanlığı","telefon":"","web":"","adres":"","osm":"https://www.openstreetmap.org/way/542477133"},"geometry":{"type":"Point","coordinates":[35.2542,39.19526]}},{"type":"Feature","properties":{"_id":"w543445804","ad":"Sante Plus Hastanesi","il":"İstanbul","ilce":"Zeytinburnu","tur":"Belirsiz","brans":"Genel","acil":true,"yatak":null,"isletmeci":"","telefon":"+90 212 664 65 55","web":"","adres":"Prof. Dr.turan Güneş Caddesi 117","osm":"https://www.openstreetmap.org/way/543445804"},"geometry":{"type":"Point","coordinates":[28.89435,40.99842]}},{"type":"Feature","properties":{"_id":"w544840104","ad":"Maya Göz Hastanesi","il":"Kayseri","ilce":"","tur":"Belirsiz","brans":"Dal hastanesi","acil":null,"yatak":null,"isletmeci":"","telefon":"","web":"","adres":"","osm":"https://www.openstreetmap.org/way/544840104"},"geometry":{"type":"Point","coordinates":[35.51408,38.70486]}},{"type":"Feature","properties":{"_id":"w545081137","ad":"Kaynarca Devlet Hastanesi","il":"İstanbul","ilce":"","tur":"Devlet","brans":"Genel","acil":null,"yatak":null,"isletmeci":"","telefon":"","web":"","adres":"","osm":"https://www.openstreetmap.org/way/545081137"},"geometry":{"type":"Point","coordinates":[29.25325,40.87345]}},{"type":"Feature","properties":{"_id":"w545292024","ad":"Özel Pendik Bölge Hastanesi","il":"İstanbul","ilce":"Pendik","tur":"Özel","brans":"Genel","acil":null,"yatak":null,"isletmeci":"","telefon":"+90 216 585 3200","web":"https://www.bolgehastanesi.com/","adres":"Nevbahar Sokak 1","osm":"https://www.openstreetmap.org/way/545292024"},"geometry":{"type":"Point","coordinates":[29.24585,40.88279]}},{"type":"Feature","properties":{"_id":"w545292027","ad":"Pendik Hospital","il":"İstanbul","ilce":"Pendik","tur":"Özel","brans":"Genel","acil":null,"yatak":null,"isletmeci":"","telefon":"444 88 54","web":"http://www.pendikhospital.com.tr","adres":"Bilge Sokak 1","osm":"https://www.openstreetmap.org/way/545292027"},"geometry":{"type":"Point","coordinates":[29.24436,40.88357]}},{"type":"Feature","properties":{"_id":"w546365140","ad":"Rize Sağlık Kompleksi","il":"Rize","ilce":"","tur":"Belirsiz","brans":"Genel","acil":null,"yatak":null,"isletmeci":"","telefon":"","web":"","adres":"","osm":"https://www.openstreetmap.org/way/546365140"},"geometry":{"type":"Point","coordinates":[40.52868,41.02296]}},{"type":"Feature","properties":{"_id":"w546899283","ad":"Eyüpsultan Devlet Hastanesi","il":"İstanbul","ilce":"Gaziosmanpaşa","tur":"Devlet","brans":"Genel","acil":null,"yatak":null,"isletmeci":"Sağlık Bakanlığı","telefon":"","web":"","adres":"Salihpaşa Caddesi 52","osm":"https://www.openstreetmap.org/way/546899283"},"geometry":{"type":"Point","coordinates":[28.91182,41.05635]}},{"type":"Feature","properties":{"_id":"w547029815","ad":"Bahat Özel Hastanesi","il":"İstanbul","ilce":"","tur":"Özel","brans":"Genel","acil":true,"yatak":null,"isletmeci":"","telefon":"","web":"","adres":"","osm":"https://www.openstreetmap.org/way/547029815"},"geometry":{"type":"Point","coordinates":[28.86032,41.10612]}},{"type":"Feature","properties":{"_id":"w547386341","ad":"Yedikule Göğüs Hastalıkları ve Göğüs Cerrahisi Eğitim ve Araştırma Hastanesi","il":"İstanbul","ilce":"Zeytinburnu","tur":"Eğitim ve araştırma","brans":"Dal hastanesi","acil":null,"yatak":null,"isletmeci":"","telefon":"","web":"","adres":"","osm":"https://www.openstreetmap.org/way/547386341"},"geometry":{"type":"Point","coordinates":[28.91528,41.00201]}},{"type":"Feature","properties":{"_id":"w547635354","ad":"Kars Harakani Devlet Hastanesi","il":"Kars","ilce":"Kars","tur":"Devlet","brans":"Genel","acil":true,"yatak":null,"isletmeci":"Sağlık Bakanlığı","telefon":"+90 474 212 56 68","web":"https://harakanidh.saglik.gov.tr/","adres":"","osm":"https://www.openstreetmap.org/way/547635354"},"geometry":{"type":"Point","coordinates":[43.09135,40.57333]}},{"type":"Feature","properties":{"_id":"w547694063","ad":"Bezmialem Üniversitesi İlhan Varank Yerleşkesi","il":"İstanbul","ilce":"","tur":"Üniversite","brans":"Genel","acil":null,"yatak":null,"isletmeci":"","telefon":"","web":"","adres":"","osm":"https://www.openstreetmap.org/way/547694063"},"geometry":{"type":"Point","coordinates":[28.8648,41.09498]}},{"type":"Feature","properties":{"_id":"w548012699","ad":"Devrek Devlet Hastanesi","il":"Zonguldak","ilce":"","tur":"Devlet","brans":"Genel","acil":true,"yatak":null,"isletmeci":"Sağlık Bakanlığı","telefon":"","web":"","adres":"","osm":"https://www.openstreetmap.org/way/548012699"},"geometry":{"type":"Point","coordinates":[31.97061,41.22798]}},{"type":"Feature","properties":{"_id":"w548060839","ad":"Kars Kadın Doğum Ve Çocuk Hastalıkları Hastanesi","il":"Kars","ilce":"Kars","tur":"Devlet","brans":"Kadın doğum / çocuk","acil":true,"yatak":null,"isletmeci":"","telefon":"","web":"","adres":"","osm":"https://www.openstreetmap.org/way/548060839"},"geometry":{"type":"Point","coordinates":[43.08351,40.6046]}},{"type":"Feature","properties":{"_id":"w548465834","ad":"Özel Yüzyıl Hastanesi","il":"Kocaeli","ilce":"","tur":"Özel","brans":"Genel","acil":true,"yatak":null,"isletmeci":"","telefon":"","web":"","adres":"","osm":"https://www.openstreetmap.org/way/548465834"},"geometry":{"type":"Point","coordinates":[29.44012,40.8022]}},{"type":"Feature","properties":{"_id":"w552198295","ad":"İstanbul Gaziosmanpaşa Eğitim ve Araştırma Hastanesi","il":"İstanbul","ilce":"Gaziosmanpaşa","tur":"Eğitim ve araştırma","brans":"Genel","acil":true,"yatak":null,"isletmeci":"Sağlık Bakanlığı","telefon":"+90 212 945 30 00","web":"https://gopeah.saglik.gov.tr/","adres":"","osm":"https://www.openstreetmap.org/way/552198295"},"geometry":{"type":"Point","coordinates":[28.89808,41.08647]}},{"type":"Feature","properties":{"_id":"w552985982","ad":"Balıkesir Şehir Hastanesi","il":"Balıkesir","ilce":"Altıeylül","tur":"Şehir hastanesi","brans":"Dal hastanesi","acil":true,"yatak":null,"isletmeci":"Sağlık Bakanlığı","telefon":"+90 266 460 40 00","web":"https://balikesirataturkdh.saglik.gov.tr/","adres":"209. Sokak 26","osm":"https://www.openstreetmap.org/way/552985982"},"geometry":{"type":"Point","coordinates":[27.8899,39.61139]}},{"type":"Feature","properties":{"_id":"w554505021","ad":"Atasam Hastanesi","il":"Samsun","ilce":"","tur":"Belirsiz","brans":"Genel","acil":null,"yatak":null,"isletmeci":"","telefon":"","web":"","adres":"","osm":"https://www.openstreetmap.org/way/554505021"},"geometry":{"type":"Point","coordinates":[36.33929,41.26486]}},{"type":"Feature","properties":{"_id":"w554508420","ad":"Liv Hospital Samsun","il":"Samsun","ilce":"","tur":"Özel","brans":"Genel","acil":true,"yatak":null,"isletmeci":"","telefon":"","web":"https://www.livhospital.com/liv-hastaneleri/liv-hospital-samsun","adres":"","osm":"https://www.openstreetmap.org/way/554508420"},"geometry":{"type":"Point","coordinates":[36.33051,41.30103]}},{"type":"Feature","properties":{"_id":"w555172453","ad":"Suluova Yeni Devlet Hastanesi","il":"Amasya","ilce":"","tur":"Devlet","brans":"Genel","acil":true,"yatak":null,"isletmeci":"","telefon":"","web":"","adres":"","osm":"https://www.openstreetmap.org/way/555172453"},"geometry":{"type":"Point","coordinates":[35.65125,40.82599]}},{"type":"Feature","properties":{"_id":"w556754797","ad":"Silifke Devlet Hastahanesi","il":"Mersin","ilce":"Silifke","tur":"Devlet","brans":"Genel","acil":true,"yatak":null,"isletmeci":"","telefon":"0324 714 11 59","web":"http://www.silifkedevlethastahanesi.com","adres":"","osm":"https://www.openstreetmap.org/way/556754797"},"geometry":{"type":"Point","coordinates":[33.91622,36.34232]}},{"type":"Feature","properties":{"_id":"w558072378","ad":"Özel Şanmed Hastanesi","il":"Şanlıurfa","ilce":"Haliliye","tur":"Özel","brans":"Genel","acil":true,"yatak":null,"isletmeci":"","telefon":"+90 414 217 17 17","web":"http://sanmedhastanesi.com/","adres":"Yunus Emre Caddesi 76","osm":"https://www.openstreetmap.org/way/558072378"},"geometry":{"type":"Point","coordinates":[38.81369,37.17369]}},{"type":"Feature","properties":{"_id":"w558329600","ad":"Kavak Devlet Hastanesi","il":"Samsun","ilce":"","tur":"Devlet","brans":"Genel","acil":null,"yatak":null,"isletmeci":"","telefon":"","web":"","adres":"","osm":"https://www.openstreetmap.org/way/558329600"},"geometry":{"type":"Point","coordinates":[36.03851,41.06661]}},{"type":"Feature","properties":{"_id":"w558765548","ad":"Gönen Devlet Hastanesi","il":"Balıkesir","ilce":"","tur":"Devlet","brans":"Genel","acil":true,"yatak":null,"isletmeci":"","telefon":"","web":"","adres":"","osm":"https://www.openstreetmap.org/way/558765548"},"geometry":{"type":"Point","coordinates":[27.67794,40.10151]}},{"type":"Feature","properties":{"_id":"w558895625","ad":"Sancaktepe Şehit Prof.Dr. İlhan Varank Eğitim Ve Araştırma Hastanesi","il":"İstanbul","ilce":"","tur":"Eğitim ve araştırma","brans":"Genel","acil":true,"yatak":null,"isletmeci":"Sağlık Bakanlığı","telefon":"","web":"","adres":"","osm":"https://www.openstreetmap.org/way/558895625"},"geometry":{"type":"Point","coordinates":[29.19622,41.00535]}},{"type":"Feature","properties":{"_id":"w559738938","ad":"Haseki Eğitim Ve Araştırma Hastanesi","il":"İstanbul","ilce":"Zeytinburnu","tur":"Eğitim ve araştırma","brans":"Genel","acil":false,"yatak":null,"isletmeci":"Sağlık Bakanlığı","telefon":"+90 212 481 41 11","web":"","adres":"Çırpıcı Çıkmazı","osm":"https://www.openstreetmap.org/way/559738938"},"geometry":{"type":"Point","coordinates":[28.89931,41.00974]}},{"type":"Feature","properties":{"_id":"w563084949","ad":"Muş Devlet Hastanesi","il":"Muş","ilce":"Muş","tur":"Devlet","brans":"Genel","acil":true,"yatak":null,"isletmeci":"","telefon":"+90 436 212 06 70","web":"","adres":"","osm":"https://www.openstreetmap.org/way/563084949"},"geometry":{"type":"Point","coordinates":[41.51906,38.74388]}},{"type":"Feature","properties":{"_id":"w563537015","ad":"Hizan Devlet Hastanesi","il":"Bitlis","ilce":"Hizan","tur":"Devlet","brans":"Genel","acil":true,"yatak":null,"isletmeci":"","telefon":"+90 434 611 23 80","web":"","adres":"Hastane Caddesi 18","osm":"https://www.openstreetmap.org/way/563537015"},"geometry":{"type":"Point","coordinates":[42.42398,38.22722]}},{"type":"Feature","properties":{"_id":"w564448936","ad":"Zübeyde Hanım Kadın Doğum Ve Çocuk Hastanesi","il":"Afyonkarahisar","ilce":"","tur":"Devlet","brans":"Kadın doğum / çocuk","acil":true,"yatak":null,"isletmeci":"","telefon":"","web":"","adres":"","osm":"https://www.openstreetmap.org/way/564448936"},"geometry":{"type":"Point","coordinates":[30.51542,38.7817]}},{"type":"Feature","properties":{"_id":"w564764502","ad":"Fatsa Devlet Hastanesi","il":"Ordu","ilce":"Fatsa","tur":"Devlet","brans":"Genel","acil":true,"yatak":null,"isletmeci":"Sağlık Bakanlığı","telefon":"+90 452 423 65 00","web":"","adres":"","osm":"https://www.openstreetmap.org/way/564764502"},"geometry":{"type":"Point","coordinates":[37.47934,41.03652]}},{"type":"Feature","properties":{"_id":"w566430579","ad":"Karasu Devlet Hastanesi","il":"Sakarya","ilce":"Karasu","tur":"Devlet","brans":"Genel","acil":true,"yatak":null,"isletmeci":"Sağlık Bakanlığı","telefon":"+90 264 718 1143;+90 264 718 1180;+90 264 718 2722;+90 264 718 4711","web":"https://karasudh.saglik.gov.tr/","adres":"350. Sokak 27","osm":"https://www.openstreetmap.org/way/566430579"},"geometry":{"type":"Point","coordinates":[30.73816,41.08998]}},{"type":"Feature","properties":{"_id":"w569772096","ad":"Özel Safa Hastanesi","il":"İstanbul","ilce":"Bağcılar","tur":"Özel","brans":"Dal hastanesi","acil":true,"yatak":null,"isletmeci":"","telefon":"","web":"","adres":"Bağcılar Caddesi","osm":"https://www.openstreetmap.org/way/569772096"},"geometry":{"type":"Point","coordinates":[28.8572,41.02272]}},{"type":"Feature","properties":{"_id":"w571455306","ad":"Ege Üniversitesi Çocuk Hastanesi","il":"İzmir","ilce":"","tur":"Üniversite","brans":"Kadın doğum / çocuk","acil":true,"yatak":null,"isletmeci":"","telefon":"","web":"","adres":"","osm":"https://www.openstreetmap.org/way/571455306"},"geometry":{"type":"Point","coordinates":[27.21379,38.45433]}},{"type":"Feature","properties":{"_id":"w572434136","ad":"Metrolife Hastanesi","il":"Şanlıurfa","ilce":"Karaköprü","tur":"Belirsiz","brans":"Genel","acil":null,"yatak":null,"isletmeci":"","telefon":"","web":"","adres":"6129. Sokak 2/C","osm":"https://www.openstreetmap.org/way/572434136"},"geometry":{"type":"Point","coordinates":[38.79836,37.21605]}},{"type":"Feature","properties":{"_id":"w573340495","ad":"Biga Devlet Hastanesi","il":"Çanakkale","ilce":"Biga","tur":"Devlet","brans":"Genel","acil":true,"yatak":null,"isletmeci":"Sağlık Bakanlığı","telefon":"+902863161006","web":"https://bigadh.saglik.gov.tr","adres":"Kıbrıs Şehitleri Caddesi 146","osm":"https://www.openstreetmap.org/way/573340495"},"geometry":{"type":"Point","coordinates":[27.26506,40.23973]}},{"type":"Feature","properties":{"_id":"w573754936","ad":"Pınarhisar Devlet Hastanesi","il":"Kırklareli","ilce":"","tur":"Devlet","brans":"Genel","acil":null,"yatak":null,"isletmeci":"","telefon":"","web":"","adres":"","osm":"https://www.openstreetmap.org/way/573754936"},"geometry":{"type":"Point","coordinates":[27.5162,41.63037]}},{"type":"Feature","properties":{"_id":"w573754941","ad":"Kırklareli Eğitim ve Araştırma Hastanesi","il":"Kırklareli","ilce":"","tur":"Eğitim ve araştırma","brans":"Genel","acil":true,"yatak":null,"isletmeci":"","telefon":"","web":"","adres":"","osm":"https://www.openstreetmap.org/way/573754941"},"geometry":{"type":"Point","coordinates":[27.22553,41.74445]}},{"type":"Feature","properties":{"_id":"w573754959","ad":"Babaeski Devlet Hastanesi","il":"Kırklareli","ilce":"","tur":"Devlet","brans":"Genel","acil":null,"yatak":null,"isletmeci":"Sağlık Bakanlığı","telefon":"","web":"","adres":"","osm":"https://www.openstreetmap.org/way/573754959"},"geometry":{"type":"Point","coordinates":[27.0632,41.4404]}},{"type":"Feature","properties":{"_id":"w573754987","ad":"Uzunköprü Devlet Hastanesi","il":"Edirne","ilce":"","tur":"Devlet","brans":"Genel","acil":null,"yatak":null,"isletmeci":"","telefon":"","web":"","adres":"","osm":"https://www.openstreetmap.org/way/573754987"},"geometry":{"type":"Point","coordinates":[26.68969,41.26452]}},{"type":"Feature","properties":{"_id":"w575201638","ad":"Yıldızeli Devlet Hastanesi","il":"Sivas","ilce":"Yıldızeli","tur":"Devlet","brans":"Genel","acil":true,"yatak":null,"isletmeci":"Sağlık Bakanlığı","telefon":"+90 346 751 2498","web":"","adres":"","osm":"https://www.openstreetmap.org/way/575201638"},"geometry":{"type":"Point","coordinates":[36.61584,39.87105]}},{"type":"Feature","properties":{"_id":"w583087521","ad":"Özel Aspendos Anadolu Hastanesi","il":"Antalya","ilce":"","tur":"Özel","brans":"Genel","acil":null,"yatak":null,"isletmeci":"","telefon":"+902427225353","web":"https://www.anatoliahospital.com/","adres":"","osm":"https://www.openstreetmap.org/way/583087521"},"geometry":{"type":"Point","coordinates":[31.07295,36.90365]}},{"type":"Feature","properties":{"_id":"w583087534","ad":"ÖZel Anadolu Hastanesi","il":"Antalya","ilce":"kadriye","tur":"Özel","brans":"Genel","acil":true,"yatak":null,"isletmeci":"Private Hospital","telefon":"","web":"","adres":"Alan Cadessi","osm":"https://www.openstreetmap.org/way/583087534"},"geometry":{"type":"Point","coordinates":[31.01328,36.86971]}},{"type":"Feature","properties":{"_id":"w583753296","ad":"Akkuş Devlet Hastanesi","il":"Ordu","ilce":"","tur":"Devlet","brans":"Genel","acil":true,"yatak":null,"isletmeci":"","telefon":"","web":"","adres":"","osm":"https://www.openstreetmap.org/way/583753296"},"geometry":{"type":"Point","coordinates":[37.01589,40.79446]}},{"type":"Feature","properties":{"_id":"w584186042","ad":"Özel Kütahya Anadolu Hastanesi","il":"Kütahya","ilce":"","tur":"Özel","brans":"Genel","acil":null,"yatak":null,"isletmeci":"","telefon":"","web":"","adres":"","osm":"https://www.openstreetmap.org/way/584186042"},"geometry":{"type":"Point","coordinates":[29.99296,39.4167]}},{"type":"Feature","properties":{"_id":"w584692601","ad":"Lotus Hastanesi","il":"Şanlıurfa","ilce":"Karaköprü","tur":"Belirsiz","brans":"Genel","acil":true,"yatak":null,"isletmeci":"Lotus Hastanesi","telefon":"+90 414 317 3999","web":"https://www.lotushastanesi.com/","adres":"Gap Bulvarı 142","osm":"https://www.openstreetmap.org/way/584692601"},"geometry":{"type":"Point","coordinates":[38.79691,37.21915]}},{"type":"Feature","properties":{"_id":"w585580727","ad":"Özel Edremit Körfez Hastanesi","il":"Balıkesir","ilce":"Edremit","tur":"Özel","brans":"Genel","acil":true,"yatak":null,"isletmeci":"","telefon":"+09 266 372 00 00","web":"https://www.korfezhastanesi.com.tr","adres":"İzmir Çanakkale Yolu","osm":"https://www.openstreetmap.org/way/585580727"},"geometry":{"type":"Point","coordinates":[26.99347,39.59916]}},{"type":"Feature","properties":{"_id":"w586887570","ad":"Özel Osm Ortadoğu Hastanesi","il":"Şanlıurfa","ilce":"Şanlıurfa","tur":"Özel","brans":"Genel","acil":true,"yatak":null,"isletmeci":"","telefon":"+90 414 314 44 46","web":"","adres":"","osm":"https://www.openstreetmap.org/way/586887570"},"geometry":{"type":"Point","coordinates":[38.81724,37.16277]}},{"type":"Feature","properties":{"_id":"w587520277","ad":"Kocaali Devlet Hastanesi","il":"Sakarya","ilce":"Kocaali","tur":"Devlet","brans":"Genel","acil":null,"yatak":null,"isletmeci":"Sağlık Bakanlığı","telefon":"","web":"https://kocaalidh.saglik.gov.tr/","adres":"342. Sokak 8","osm":"https://www.openstreetmap.org/way/587520277"},"geometry":{"type":"Point","coordinates":[30.86221,41.07172]}},{"type":"Feature","properties":{"_id":"w589506058","ad":"Diş Hekimliği Fakültesi","il":"Kırıkkale","ilce":"","tur":"Ağız ve diş","brans":"Dal hastanesi","acil":null,"yatak":null,"isletmeci":"","telefon":"","web":"","adres":"","osm":"https://www.openstreetmap.org/way/589506058"},"geometry":{"type":"Point","coordinates":[33.45473,39.87119]}},{"type":"Feature","properties":{"_id":"w590255081","ad":"Özel Fatma Hatun Hastanesi","il":"Bolu","ilce":"Bolu","tur":"Özel","brans":"Genel","acil":true,"yatak":null,"isletmeci":"","telefon":"","web":"","adres":"","osm":"https://www.openstreetmap.org/way/590255081"},"geometry":{"type":"Point","coordinates":[31.60238,40.73295]}},{"type":"Feature","properties":{"_id":"w590605748","ad":"Gaziosmanpaşa Fizik Tedavi Rehabilitasyon Eğitim ve Araştırma Hastanesi","il":"İstanbul","ilce":"Gaziosmanpaşa","tur":"Eğitim ve araştırma","brans":"Dal hastanesi","acil":true,"yatak":null,"isletmeci":"Sağlık Bakanlığı","telefon":"+90 212 945 3000","web":"https://gopeah.saglik.gov.tr/?_Dil=1","adres":"885. Sokak","osm":"https://www.openstreetmap.org/way/590605748"},"geometry":{"type":"Point","coordinates":[28.90833,41.08908]}},{"type":"Feature","properties":{"_id":"w590853835","ad":"Necipfazıl Şehir Devlet Hastanesi","il":"Kahramanmaraş","ilce":"Dulkadiroğlu","tur":"Devlet","brans":"Genel","acil":null,"yatak":null,"isletmeci":"Necipfazıl Şehir Devlet Hastanesi","telefon":"","web":"","adres":"","osm":"https://www.openstreetmap.org/way/590853835"},"geometry":{"type":"Point","coordinates":[37.00416,37.50325]}},{"type":"Feature","properties":{"_id":"w591279898","ad":"Kocaköy Devlet Hastanesi","il":"Diyarbakır","ilce":"Diyarbakır","tur":"Devlet","brans":"Genel","acil":true,"yatak":null,"isletmeci":"Sağlık Bakanlığı","telefon":"","web":"","adres":"","osm":"https://www.openstreetmap.org/way/591279898"},"geometry":{"type":"Point","coordinates":[40.50246,38.28554]}},{"type":"Feature","properties":{"_id":"w593377416","ad":"Kahramanmaraş Ağız Ve Diş Sağlığı Hastanesi","il":"Kahramanmaraş","ilce":"","tur":"Ağız ve diş","brans":"Dal hastanesi","acil":null,"yatak":null,"isletmeci":"","telefon":"","web":"","adres":"","osm":"https://www.openstreetmap.org/way/593377416"},"geometry":{"type":"Point","coordinates":[36.95101,37.56646]}},{"type":"Feature","properties":{"_id":"w593382266","ad":"Özel Markasi Hastanesi","il":"Kahramanmaraş","ilce":"","tur":"Özel","brans":"Genel","acil":null,"yatak":null,"isletmeci":"","telefon":"","web":"","adres":"","osm":"https://www.openstreetmap.org/way/593382266"},"geometry":{"type":"Point","coordinates":[36.95916,37.57021]}},{"type":"Feature","properties":{"_id":"w597167817","ad":"İstanbul Beykoz (Paşabahçe) Devlet Hastanesi","il":"İstanbul","ilce":"","tur":"Devlet","brans":"Genel","acil":null,"yatak":null,"isletmeci":"Sağlık Bakanlığı","telefon":"","web":"","adres":"","osm":"https://www.openstreetmap.org/way/597167817"},"geometry":{"type":"Point","coordinates":[29.09816,41.11767]}},{"type":"Feature","properties":{"_id":"w597720745","ad":"Özel İzan Sağlık Hastanesi","il":"Muğla","ilce":"Muğla","tur":"Özel","brans":"Genel","acil":true,"yatak":null,"isletmeci":"","telefon":"","web":"","adres":"Atatürk Blv. 21","osm":"https://www.openstreetmap.org/way/597720745"},"geometry":{"type":"Point","coordinates":[27.7816,37.30751]}},{"type":"Feature","properties":{"_id":"w597894401","ad":"75. Yıl Milas Eski Devlet Hastanesi","il":"Muğla","ilce":"Muğla","tur":"Devlet","brans":"Genel","acil":true,"yatak":null,"isletmeci":"","telefon":"","web":"","adres":"75. Yıl Hastane Cad.","osm":"https://www.openstreetmap.org/way/597894401"},"geometry":{"type":"Point","coordinates":[27.76235,37.33305]}},{"type":"Feature","properties":{"_id":"w602965417","ad":"Torbalı Devlet Hastanesi","il":"İzmir","ilce":"","tur":"Devlet","brans":"Dal hastanesi","acil":true,"yatak":null,"isletmeci":"Sağlık Bakanlığı","telefon":"","web":"","adres":"","osm":"https://www.openstreetmap.org/way/602965417"},"geometry":{"type":"Point","coordinates":[27.35813,38.17491]}},{"type":"Feature","properties":{"_id":"w603397389","ad":"Sakarya Korucuk Eğitim ve Araştırma Hastanesi","il":"Sakarya","ilce":"Sakarya","tur":"Eğitim ve araştırma","brans":"Genel","acil":true,"yatak":null,"isletmeci":"","telefon":"","web":"","adres":"","osm":"https://www.openstreetmap.org/way/603397389"},"geometry":{"type":"Point","coordinates":[30.29096,40.85064]}},{"type":"Feature","properties":{"_id":"w603990262","ad":"Sezar Hastanesi","il":"Adana","ilce":"","tur":"Belirsiz","brans":"Genel","acil":null,"yatak":null,"isletmeci":"","telefon":"","web":"","adres":"","osm":"https://www.openstreetmap.org/way/603990262"},"geometry":{"type":"Point","coordinates":[35.29716,37.03626]}},{"type":"Feature","properties":{"_id":"w616198180","ad":"AMATEM","il":"Ankara","ilce":"Yenimahalle","tur":"Devlet","brans":"Genel","acil":null,"yatak":null,"isletmeci":"Sağlık Bakanlığı","telefon":"+90 312 395 95 95","web":"https://ankaraeah.saglik.gov.tr/TR,488882/amatem.html","adres":"1325. Sokak","osm":"https://www.openstreetmap.org/way/616198180"},"geometry":{"type":"Point","coordinates":[32.76301,39.98851]}},{"type":"Feature","properties":{"_id":"w617098632","ad":"Tekirdağ Doktor İsmail Fehmi Cumalıoğlu Şehir Hastanesi","il":"Tekirdağ","ilce":"Süleymanpaşa","tur":"Şehir hastanesi","brans":"Genel","acil":true,"yatak":null,"isletmeci":"Sağlık Bakanlığı","telefon":"+90 282 204 0900","web":"https://tekirdagsehir.saglik.gov.tr/","adres":"Yemen Sokak 13","osm":"https://www.openstreetmap.org/way/617098632"},"geometry":{"type":"Point","coordinates":[27.52527,41.00733]}},{"type":"Feature","properties":{"_id":"w617619550","ad":"Özel Optimed Hastanesi","il":"Tekirdağ","ilce":"Çerkezköy","tur":"Özel","brans":"Genel","acil":true,"yatak":null,"isletmeci":"","telefon":"+902827260555","web":"https://optimedhastanesi.com/tr/","adres":"Atatürk Caddesi 118","osm":"https://www.openstreetmap.org/way/617619550"},"geometry":{"type":"Point","coordinates":[27.9981,41.29468]}},{"type":"Feature","properties":{"_id":"w617806848","ad":"Muğla Eğitim ve Araştırma Hastanesi","il":"Muğla","ilce":"","tur":"Eğitim ve araştırma","brans":"Genel","acil":true,"yatak":null,"isletmeci":"Sağlık Bakanlığı","telefon":"","web":"","adres":"","osm":"https://www.openstreetmap.org/way/617806848"},"geometry":{"type":"Point","coordinates":[28.36625,37.16552]}},{"type":"Feature","properties":{"_id":"w617974280","ad":"Iğdır Dr. Nevruz Erez Devlet Hastanesi","il":"Iğdır","ilce":"Merkez","tur":"Devlet","brans":"Genel","acil":null,"yatak":null,"isletmeci":"Sağlık Bakanlığı","telefon":"+90 476 226 03 03","web":"https://igdirdh.saglik.gov.tr/","adres":"Melekli Yolu Caddesi","osm":"https://www.openstreetmap.org/way/617974280"},"geometry":{"type":"Point","coordinates":[44.07392,39.9384]}},{"type":"Feature","properties":{"_id":"w627327897","ad":"Vakfıkebir Devlet Hastanesi","il":"Trabzon","ilce":"Vakfıkebir","tur":"Vakıf","brans":"Genel","acil":true,"yatak":null,"isletmeci":"","telefon":"","web":"","adres":"","osm":"https://www.openstreetmap.org/way/627327897"},"geometry":{"type":"Point","coordinates":[39.26926,41.04745]}},{"type":"Feature","properties":{"_id":"w628238526","ad":"Eskişehir Şehir Hastanesi","il":"Eskişehir","ilce":"Odunpazarı","tur":"Şehir hastanesi","brans":"Genel","acil":true,"yatak":null,"isletmeci":"Sağlık Bakanlığı","telefon":"+90 222 611 40 00","web":"http://www.eskisehirsehirhastanesi.com","adres":"Şht. Mustafa Türker Sk. 30","osm":"https://www.openstreetmap.org/way/628238526"},"geometry":{"type":"Point","coordinates":[30.59546,39.74827]}},{"type":"Feature","properties":{"_id":"w630160181","ad":"Tuzla Devlet Hastahanesi","il":"İstanbul","ilce":"","tur":"Devlet","brans":"Dal hastanesi","acil":true,"yatak":null,"isletmeci":"Sağlık Bakanlığı","telefon":"","web":"https://tuzladh.saglik.gov.tr/","adres":"","osm":"https://www.openstreetmap.org/way/630160181"},"geometry":{"type":"Point","coordinates":[29.30326,40.84439]}},{"type":"Feature","properties":{"_id":"w630767262","ad":"Orhaneli Devlet Hastanesi","il":"Bursa","ilce":"","tur":"Devlet","brans":"Genel","acil":true,"yatak":null,"isletmeci":"Sağlık Bakanlığı","telefon":"","web":"https://orhanelidh.saglik.gov.tr/","adres":"","osm":"https://www.openstreetmap.org/way/630767262"},"geometry":{"type":"Point","coordinates":[28.98655,39.91044]}},{"type":"Feature","properties":{"_id":"w631851563","ad":"Kepez Devlet Hastanesi","il":"Antalya","ilce":"Kepez","tur":"Devlet","brans":"Genel","acil":true,"yatak":null,"isletmeci":"Sağlık Bakanlığı","telefon":"","web":"","adres":"15 Temmuz Şehitler Caddesi 124","osm":"https://www.openstreetmap.org/way/631851563"},"geometry":{"type":"Point","coordinates":[30.72704,36.93189]}},{"type":"Feature","properties":{"_id":"w632460745","ad":"Bursa Şehir Hastanesi","il":"Bursa","ilce":"Nilüfer","tur":"Şehir hastanesi","brans":"Genel","acil":true,"yatak":null,"isletmeci":"Sağlık Bakanlığı","telefon":"+90 224 975 00 00","web":"","adres":"Şifa Caddesi No : 1","osm":"https://www.openstreetmap.org/way/632460745"},"geometry":{"type":"Point","coordinates":[28.9091,40.2689]}},{"type":"Feature","properties":{"_id":"w637176840","ad":"NEÜ Meram Tıp Fakültesi Hastanesi","il":"Konya","ilce":"","tur":"Üniversite","brans":"Genel","acil":true,"yatak":null,"isletmeci":"","telefon":"","web":"","adres":"","osm":"https://www.openstreetmap.org/way/637176840"},"geometry":{"type":"Point","coordinates":[32.43216,37.88532]}},{"type":"Feature","properties":{"_id":"w640212754","ad":"Sason Devlet Hastanesi","il":"Batman","ilce":"Sason","tur":"Devlet","brans":"Genel","acil":true,"yatak":null,"isletmeci":"Sağlık Bakanlığı","telefon":"+90 488 461 26 52","web":"","adres":"","osm":"https://www.openstreetmap.org/way/640212754"},"geometry":{"type":"Point","coordinates":[41.41276,38.33981]}},{"type":"Feature","properties":{"_id":"w640224387","ad":"Kafkas Üniversitesi Sağlık Araştırma ve Uygulama Hastanesi","il":"Kars","ilce":"Kars","tur":"Üniversite","brans":"Genel","acil":true,"yatak":null,"isletmeci":"Kafkas Üniversitesi","telefon":"+90 474 225 21 06","web":"","adres":"","osm":"https://www.openstreetmap.org/way/640224387"},"geometry":{"type":"Point","coordinates":[43.07298,40.58847]}},{"type":"Feature","properties":{"_id":"w641519230","ad":"Afşin Devlet Hastanesi","il":"Kahramanmaraş","ilce":"","tur":"Devlet","brans":"Genel","acil":null,"yatak":null,"isletmeci":"","telefon":"","web":"","adres":"","osm":"https://www.openstreetmap.org/way/641519230"},"geometry":{"type":"Point","coordinates":[36.89606,38.23674]}},{"type":"Feature","properties":{"_id":"w641929790","ad":"Akyazı Devlet Hastanesi","il":"Sakarya","ilce":"","tur":"Devlet","brans":"Genel","acil":null,"yatak":null,"isletmeci":"Sağlık Bakanlığı","telefon":"","web":"","adres":"","osm":"https://www.openstreetmap.org/way/641929790"},"geometry":{"type":"Point","coordinates":[30.59421,40.66634]}},{"type":"Feature","properties":{"_id":"w644714549","ad":"Anamur Devlet Hastanesi","il":"Mersin","ilce":"Anamur","tur":"Devlet","brans":"Genel","acil":true,"yatak":null,"isletmeci":"","telefon":"0324 814 88 80","web":"","adres":"","osm":"https://www.openstreetmap.org/way/644714549"},"geometry":{"type":"Point","coordinates":[32.84127,36.07897]}},{"type":"Feature","properties":{"_id":"w645072308","ad":"Burhaniye Devlet Hastanesi","il":"Balıkesir","ilce":"Burhaniye","tur":"Devlet","brans":"Dal hastanesi","acil":true,"yatak":null,"isletmeci":"Sağlık Bakanlığı","telefon":"+90 266 412 69 99","web":"https://burhaniyedh.saglik.gov.tr/","adres":"İzmir Çanakkale Yolu 106","osm":"https://www.openstreetmap.org/way/645072308"},"geometry":{"type":"Point","coordinates":[26.96509,39.49783]}},{"type":"Feature","properties":{"_id":"w645580926","ad":"Doğuş Hastanesi","il":"Mersin","ilce":"","tur":"Belirsiz","brans":"Genel","acil":true,"yatak":null,"isletmeci":"","telefon":"","web":"","adres":"","osm":"https://www.openstreetmap.org/way/645580926"},"geometry":{"type":"Point","coordinates":[34.62361,36.79488]}},{"type":"Feature","properties":{"_id":"w650082548","ad":"Balıkesir Göğüs Hastalıkları Hastanesi","il":"Balıkesir","ilce":"","tur":"Devlet","brans":"Dal hastanesi","acil":null,"yatak":null,"isletmeci":"","telefon":"","web":"","adres":"","osm":"https://www.openstreetmap.org/way/650082548"},"geometry":{"type":"Point","coordinates":[27.87953,39.63045]}},{"type":"Feature","properties":{"_id":"w650277341","ad":"Ceyhan Devlet Hastanesi","il":"Adana","ilce":"Cumhuriyet Mahallesi","tur":"Devlet","brans":"Genel","acil":true,"yatak":null,"isletmeci":"Government","telefon":"","web":"","adres":"Prof. Dr. Kemal Dal Cd. 87","osm":"https://www.openstreetmap.org/way/650277341"},"geometry":{"type":"Point","coordinates":[35.83734,37.0183]}},{"type":"Feature","properties":{"_id":"w650482221","ad":"Özel Sevgi Hastanesi","il":"Balıkesir","ilce":"Altıeylül","tur":"Özel","brans":"Dal hastanesi","acil":true,"yatak":null,"isletmeci":"","telefon":"+90 266 243 14 34","web":"http://www.ozelsevgihastanesi.com/","adres":"Yeni İzmir Yolu 180","osm":"https://www.openstreetmap.org/way/650482221"},"geometry":{"type":"Point","coordinates":[27.88939,39.61861]}},{"type":"Feature","properties":{"_id":"w650745200","ad":"Dr. Ali Kemal Belviranlı Kadın Doğum ve Çocuk Hastalıkları Hastanesi","il":"Konya","ilce":"Selçuklu","tur":"Devlet","brans":"Kadın doğum / çocuk","acil":true,"yatak":null,"isletmeci":"Sağlık Bakanlığı","telefon":"","web":"https://konyakdch.saglik.gov.tr/","adres":"Yeni İstanbul Caddesi 30","osm":"https://www.openstreetmap.org/way/650745200"},"geometry":{"type":"Point","coordinates":[32.50084,37.91041]}},{"type":"Feature","properties":{"_id":"w651590513","ad":"Memorial Antalya Hastanesi","il":"Antalya","ilce":"Kepez","tur":"Özel","brans":"Genel","acil":true,"yatak":null,"isletmeci":"","telefon":"0242 314 66 66","web":"","adres":"Yıldırım Beyazıt Caddesi 91","osm":"https://www.openstreetmap.org/way/651590513"},"geometry":{"type":"Point","coordinates":[30.69347,36.91771]}},{"type":"Feature","properties":{"_id":"w651758747","ad":"İstinye Devlet Hastanesi","il":"İstanbul","ilce":"Sarıyer","tur":"Devlet","brans":"Genel","acil":null,"yatak":134,"isletmeci":"Sağlık Bakanlığı","telefon":"+90 212 3234444","web":"www.idh.gov.tr","adres":"Doktor Nurettin Cankat Sokağı 54","osm":"https://www.openstreetmap.org/way/651758747"},"geometry":{"type":"Point","coordinates":[29.05576,41.11514]}},{"type":"Feature","properties":{"_id":"w651758748","ad":"İstinye Devlet Hastanesi","il":"İstanbul","ilce":"Sarıyer","tur":"Devlet","brans":"Genel","acil":true,"yatak":134,"isletmeci":"Sağlık Bakanlığı","telefon":"+90 212 3234444","web":"www.idh.gov.tr","adres":"Doktor Nurettin Cankat Sokağı 54","osm":"https://www.openstreetmap.org/way/651758748"},"geometry":{"type":"Point","coordinates":[29.05541,41.115]}},{"type":"Feature","properties":{"_id":"w652478243","ad":"Okan Üniversitesi Diş Hastanesi","il":"İstanbul","ilce":"","tur":"Üniversite","brans":"Dal hastanesi","acil":null,"yatak":null,"isletmeci":"","telefon":"","web":"https://okandis.com/iletisim.php","adres":"","osm":"https://www.openstreetmap.org/way/652478243"},"geometry":{"type":"Point","coordinates":[29.3017,40.85912]}},{"type":"Feature","properties":{"_id":"w653962814","ad":"Korkuteli Devlet Hastanesi","il":"Antalya","ilce":"Korkuteli","tur":"Devlet","brans":"Genel","acil":true,"yatak":null,"isletmeci":"Sağlık Bakanlığı","telefon":"0242 643 60 52","web":"","adres":"Mehmet Akif Ersoy Bulvarı","osm":"https://www.openstreetmap.org/way/653962814"},"geometry":{"type":"Point","coordinates":[30.2021,37.0816]}},{"type":"Feature","properties":{"_id":"w654365416","ad":"Ağız Diş Sağlığı Hastanesi","il":"Eskişehir","ilce":"","tur":"Ağız ve diş","brans":"Dal hastanesi","acil":null,"yatak":null,"isletmeci":"","telefon":"","web":"","adres":"","osm":"https://www.openstreetmap.org/way/654365416"},"geometry":{"type":"Point","coordinates":[30.52017,39.74968]}},{"type":"Feature","properties":{"_id":"w654562508","ad":"Karabük Ağız ve Diş Sağlığı Hastanesi","il":"Karabük","ilce":"Karabük","tur":"Devlet","brans":"Dal hastanesi","acil":null,"yatak":null,"isletmeci":"Sağlık Bakanlığı","telefon":"+90 370 424 2096","web":"https://karabukadsh.saglik.gov.tr/","adres":"","osm":"https://www.openstreetmap.org/way/654562508"},"geometry":{"type":"Point","coordinates":[32.60972,41.19758]}},{"type":"Feature","properties":{"_id":"w655089224","ad":"Doç. Dr. Mustafa Kalemli Tavşanlı Devlet Hastanesi","il":"Kütahya","ilce":"","tur":"Devlet","brans":"Genel","acil":null,"yatak":null,"isletmeci":"","telefon":"","web":"","adres":"","osm":"https://www.openstreetmap.org/way/655089224"},"geometry":{"type":"Point","coordinates":[29.48424,39.55316]}},{"type":"Feature","properties":{"_id":"w656042802","ad":"Acıpayam Devlet Hastanesi","il":"Denizli","ilce":"Acıpayam","tur":"Devlet","brans":"Genel","acil":null,"yatak":null,"isletmeci":"","telefon":"","web":"https://acipayamdh.saglik.gov.tr","adres":"","osm":"https://www.openstreetmap.org/way/656042802"},"geometry":{"type":"Point","coordinates":[29.33528,37.42814]}},{"type":"Feature","properties":{"_id":"w656425053","ad":"SU Hastanesi","il":"Mersin","ilce":"Mersin","tur":"Belirsiz","brans":"Genel","acil":true,"yatak":null,"isletmeci":"","telefon":"","web":"","adres":"","osm":"https://www.openstreetmap.org/way/656425053"},"geometry":{"type":"Point","coordinates":[34.61839,36.80783]}},{"type":"Feature","properties":{"_id":"w657199146","ad":"Özel Ege Hastanesi","il":"Denizli","ilce":"","tur":"Özel","brans":"Genel","acil":true,"yatak":null,"isletmeci":"","telefon":"","web":"","adres":"","osm":"https://www.openstreetmap.org/way/657199146"},"geometry":{"type":"Point","coordinates":[29.08176,37.78104]}},{"type":"Feature","properties":{"_id":"w657741419","ad":"Özel Yaşam Hastanesi","il":"Kırıkkale","ilce":"Kırıkkale","tur":"Özel","brans":"Genel","acil":true,"yatak":null,"isletmeci":"","telefon":"+90 318 212 5000","web":"","adres":"","osm":"https://www.openstreetmap.org/way/657741419"},"geometry":{"type":"Point","coordinates":[33.50268,39.85005]}},{"type":"Feature","properties":{"_id":"w657811575","ad":"Özel Lara Anadolu Hastanesi","il":"Antalya","ilce":"Muratpaşa","tur":"Özel","brans":"Genel","acil":true,"yatak":null,"isletmeci":"","telefon":"0242 349 40 40","web":"","adres":"2246. Sokak","osm":"https://www.openstreetmap.org/way/657811575"},"geometry":{"type":"Point","coordinates":[30.79394,36.85887]}},{"type":"Feature","properties":{"_id":"w657857795","ad":"Land of Smile","il":"Antalya","ilce":"Muratpaşa","tur":"Belirsiz","brans":"Dal hastanesi","acil":false,"yatak":null,"isletmeci":"Land of Smile","telefon":"","web":"","adres":"Lara caddesi 383","osm":"https://www.openstreetmap.org/way/657857795"},"geometry":{"type":"Point","coordinates":[30.79649,36.85486]}},{"type":"Feature","properties":{"_id":"w658430952","ad":"Yüksek İhtisas Hastanesi","il":"Kırıkkale","ilce":"","tur":"Belirsiz","brans":"Genel","acil":true,"yatak":null,"isletmeci":"","telefon":"","web":"","adres":"","osm":"https://www.openstreetmap.org/way/658430952"},"geometry":{"type":"Point","coordinates":[33.48178,39.86214]}},{"type":"Feature","properties":{"_id":"w658968420","ad":"Onkoloji Hastanesi Ahmet Andiçen Kampüsü","il":"Ankara","ilce":"","tur":"Devlet","brans":"Dal hastanesi","acil":null,"yatak":null,"isletmeci":"","telefon":"","web":"","adres":"","osm":"https://www.openstreetmap.org/way/658968420"},"geometry":{"type":"Point","coordinates":[32.86282,39.9233]}},{"type":"Feature","properties":{"_id":"w659849318","ad":"ASV Yaşam Hastanesi","il":"Antalya","ilce":"Muratpaşa","tur":"Belirsiz","brans":"Genel","acil":true,"yatak":null,"isletmeci":"","telefon":"+90 242 212 07 77","web":"","adres":"1115. Sokak 4","osm":"https://www.openstreetmap.org/way/659849318"},"geometry":{"type":"Point","coordinates":[30.72456,36.8993]}},{"type":"Feature","properties":{"_id":"w659893759","ad":"Opera Yaşam Hastanesi","il":"Antalya","ilce":"Muratpaşa","tur":"Belirsiz","brans":"Genel","acil":true,"yatak":null,"isletmeci":"","telefon":"+904447744","web":"","adres":"","osm":"https://www.openstreetmap.org/way/659893759"},"geometry":{"type":"Point","coordinates":[30.69874,36.90174]}},{"type":"Feature","properties":{"_id":"w660120597","ad":"Okan Üniversitesi Hastanesi","il":"İstanbul","ilce":"","tur":"Üniversite","brans":"Genel","acil":null,"yatak":null,"isletmeci":"","telefon":"","web":"https://www.okanhastanesi.com.tr/","adres":"","osm":"https://www.openstreetmap.org/way/660120597"},"geometry":{"type":"Point","coordinates":[29.30188,40.84926]}},{"type":"Feature","properties":{"_id":"w660127082","ad":"Özel Gisbir Hastanesi","il":"İstanbul","ilce":"Tuzla","tur":"Özel","brans":"Genel","acil":null,"yatak":null,"isletmeci":"","telefon":"","web":"","adres":"Sahil Bulvarı 2","osm":"https://www.openstreetmap.org/way/660127082"},"geometry":{"type":"Point","coordinates":[29.29442,40.84763]}},{"type":"Feature","properties":{"_id":"w660368299","ad":"Büyükçekmece Mimar Sinan Devlet Hastanesi","il":"İstanbul","ilce":"","tur":"Devlet","brans":"Genel","acil":true,"yatak":null,"isletmeci":"","telefon":"+902129099000","web":"https://buyukcekmecemimarsinandh.saglik.gov.tr/","adres":"","osm":"https://www.openstreetmap.org/way/660368299"},"geometry":{"type":"Point","coordinates":[28.55518,41.01711]}},{"type":"Feature","properties":{"_id":"w660437601","ad":"Medstar Antalya Hastanesi","il":"Antalya","ilce":"Muratpaşa","tur":"Belirsiz","brans":"Genel","acil":true,"yatak":null,"isletmeci":"","telefon":"0242 310 92 92","web":"","adres":"","osm":"https://www.openstreetmap.org/way/660437601"},"geometry":{"type":"Point","coordinates":[30.68486,36.89413]}},{"type":"Feature","properties":{"_id":"w662597555","ad":"Hopa Devlet Hastanesi","il":"Artvin","ilce":"Hopa","tur":"Devlet","brans":"Genel","acil":true,"yatak":null,"isletmeci":"Sağlık Bakanlığı","telefon":"+90 466 351 40 17","web":"","adres":"","osm":"https://www.openstreetmap.org/way/662597555"},"geometry":{"type":"Point","coordinates":[41.45038,41.38699]}},{"type":"Feature","properties":{"_id":"w664096559","ad":"Karlıova Devlet Hastanesi","il":"Bingöl","ilce":"Karlıova","tur":"Devlet","brans":"Genel","acil":true,"yatak":null,"isletmeci":"Sağlık Bakanlığı","telefon":"+90 426 511 22 66","web":"https://karliovadh.saglik.gov.tr/","adres":"","osm":"https://www.openstreetmap.org/way/664096559"},"geometry":{"type":"Point","coordinates":[41.04434,39.30808]}},{"type":"Feature","properties":{"_id":"w664854006","ad":"Özel Akdeniz Şifa Hastanesi","il":"Antalya","ilce":"Kepez","tur":"Özel","brans":"Genel","acil":true,"yatak":null,"isletmeci":"","telefon":"444 7 606","web":"","adres":"","osm":"https://www.openstreetmap.org/way/664854006"},"geometry":{"type":"Point","coordinates":[30.7087,36.9443]}},{"type":"Feature","properties":{"_id":"w665143634","ad":"Özel Vitale Kadın ve Doğum Hastanesi","il":"Antalya","ilce":"Kepez","tur":"Özel","brans":"Genel","acil":true,"yatak":null,"isletmeci":"","telefon":"","web":"","adres":"","osm":"https://www.openstreetmap.org/way/665143634"},"geometry":{"type":"Point","coordinates":[30.67517,36.91783]}},{"type":"Feature","properties":{"_id":"w666348245","ad":"Aydın Kadın Doğum ve Çocuk Hastalıkları Hastanesi","il":"Aydın","ilce":"","tur":"Devlet","brans":"Kadın doğum / çocuk","acil":null,"yatak":null,"isletmeci":"","telefon":"","web":"","adres":"","osm":"https://www.openstreetmap.org/way/666348245"},"geometry":{"type":"Point","coordinates":[27.8322,37.84217]}},{"type":"Feature","properties":{"_id":"w666507508","ad":"Erdemli Devlet Hastanesi","il":"Mersin","ilce":"Erdemli","tur":"Devlet","brans":"Genel","acil":true,"yatak":null,"isletmeci":"Sağlık Bakanlığı","telefon":"+90 324 241 4800","web":"https://erdemlidh.saglik.gov.tr/","adres":"Yavuz Sultan Selim Bulvarı 70/A","osm":"https://www.openstreetmap.org/way/666507508"},"geometry":{"type":"Point","coordinates":[34.30146,36.61044]}},{"type":"Feature","properties":{"_id":"w666689302","ad":"Bursa Uludağ Üniversitesi Hastanesi","il":"Bursa","ilce":"","tur":"Üniversite","brans":"Genel","acil":true,"yatak":null,"isletmeci":"Bursa Uludağ Üniversitesi","telefon":"","web":"https://hastane.uludag.edu.tr/","adres":"","osm":"https://www.openstreetmap.org/way/666689302"},"geometry":{"type":"Point","coordinates":[28.86981,40.22163]}},{"type":"Feature","properties":{"_id":"w667625955","ad":"İstanbul Florence Nightingale Hastanesi","il":"İstanbul","ilce":"","tur":"Özel","brans":"Genel","acil":true,"yatak":null,"isletmeci":"Grup Florence Nightingale Hastaneleri","telefon":"+90216 450 03 03","web":"https://www.florence.com.tr/","adres":"Abide-i Hürriyet Caddesi","osm":"https://www.openstreetmap.org/way/667625955"},"geometry":{"type":"Point","coordinates":[28.98398,41.06956]}},{"type":"Feature","properties":{"_id":"w669971026","ad":"Bower Hospital","il":"Diyarbakır","ilce":"Yenişehir","tur":"Özel","brans":"Genel","acil":true,"yatak":null,"isletmeci":"","telefon":"+90 412 224 21 00","web":"https://www.bowerhospital.com/","adres":"Elazığ Bulvarı 2","osm":"https://www.openstreetmap.org/way/669971026"},"geometry":{"type":"Point","coordinates":[40.2365,37.91701]}},{"type":"Feature","properties":{"_id":"w670970880","ad":"Ordu Üniversitesi Eğitim Araştırma Hastanesi","il":"Ordu","ilce":"Ordu","tur":"Üniversite","brans":"Genel","acil":true,"yatak":null,"isletmeci":"Ordu Üniversitesi","telefon":"","web":"","adres":"","osm":"https://www.openstreetmap.org/way/670970880"},"geometry":{"type":"Point","coordinates":[37.87559,40.97631]}},{"type":"Feature","properties":{"_id":"w672483631","ad":"Niksar Devlet Hastanesi","il":"Tokat","ilce":"","tur":"Devlet","brans":"Genel","acil":true,"yatak":null,"isletmeci":"","telefon":"","web":"","adres":"","osm":"https://www.openstreetmap.org/way/672483631"},"geometry":{"type":"Point","coordinates":[36.95923,40.57479]}},{"type":"Feature","properties":{"_id":"w673444197","ad":"Lokman Hekim Hastanesi","il":"İstanbul","ilce":"Pendik","tur":"Belirsiz","brans":"Genel","acil":false,"yatak":null,"isletmeci":"","telefon":"","web":"https://lokmanhekim.com.tr/hastane/lokman-hekim-istanbul-hastanesi/","adres":"Kardelen Sokağı 2","osm":"https://www.openstreetmap.org/way/673444197"},"geometry":{"type":"Point","coordinates":[29.29119,40.92526]}},{"type":"Feature","properties":{"_id":"w673864540","ad":"Çay Devlet Hastanesi","il":"Afyonkarahisar","ilce":"Çay","tur":"Devlet","brans":"Genel","acil":true,"yatak":null,"isletmeci":"Sağlık Bakanlığı","telefon":"0272 632 63 00","web":"","adres":"","osm":"https://www.openstreetmap.org/way/673864540"},"geometry":{"type":"Point","coordinates":[31.003,38.59396]}},{"type":"Feature","properties":{"_id":"w674083453","ad":"Hasankeyf Devlet Hastanesi","il":"Batman","ilce":"Hasankeyf","tur":"Devlet","brans":"Genel","acil":true,"yatak":null,"isletmeci":"","telefon":"+90 488 381 27 75","web":"","adres":"Alaaddin Heskifi Caddesi 1","osm":"https://www.openstreetmap.org/way/674083453"},"geometry":{"type":"Point","coordinates":[41.42047,37.73187]}},{"type":"Feature","properties":{"_id":"w678708873","ad":"Aksaray Eğitim ve Araştırma Hastanesi","il":"Aksaray","ilce":"","tur":"Eğitim ve araştırma","brans":"Genel","acil":true,"yatak":null,"isletmeci":"Sağlık Bakanlığı","telefon":"+90 382 502 20 00","web":"https://aksarayeah.saglik.gov.tr","adres":"","osm":"https://www.openstreetmap.org/way/678708873"},"geometry":{"type":"Point","coordinates":[33.98377,38.37355]}},{"type":"Feature","properties":{"_id":"w679152434","ad":"Çeşme Alper Çizgenakat Devlet Hastanesi","il":"İzmir","ilce":"","tur":"Devlet","brans":"Genel","acil":true,"yatak":null,"isletmeci":"","telefon":"","web":"","adres":"","osm":"https://www.openstreetmap.org/way/679152434"},"geometry":{"type":"Point","coordinates":[26.3257,38.3167]}},{"type":"Feature","properties":{"_id":"w679175720","ad":"Ünye Devlet Hastanesi","il":"Ordu","ilce":"","tur":"Devlet","brans":"Genel","acil":true,"yatak":null,"isletmeci":"Sağlık Bakanlığı","telefon":"","web":"","adres":"","osm":"https://www.openstreetmap.org/way/679175720"},"geometry":{"type":"Point","coordinates":[37.35544,41.1072]}},{"type":"Feature","properties":{"_id":"w681390751","ad":"Şereflikoçhisar Devlet Hastanesi","il":"Ankara","ilce":"Şereflikoçhisar","tur":"Devlet","brans":"Genel","acil":true,"yatak":null,"isletmeci":"Sağlık Bakanlığı","telefon":"+90 312 687 1754","web":"https://sereflikochisardh.saglik.gov.tr/","adres":"","osm":"https://www.openstreetmap.org/way/681390751"},"geometry":{"type":"Point","coordinates":[33.52842,38.95485]}},{"type":"Feature","properties":{"_id":"w682797667","ad":"Eleşkirt İlçe Devlet Hastanesi","il":"Ağrı","ilce":"Eleşkirt","tur":"Devlet","brans":"Genel","acil":null,"yatak":null,"isletmeci":"Sağlık Bakanlığı","telefon":"","web":"","adres":"","osm":"https://www.openstreetmap.org/way/682797667"},"geometry":{"type":"Point","coordinates":[42.67953,39.79949]}},{"type":"Feature","properties":{"_id":"w684465694","ad":"Marmara Üniversitesi Prof. Dr. Asaf Ataseven Hastanesi","il":"İstanbul","ilce":"","tur":"Üniversite","brans":"Genel","acil":true,"yatak":null,"isletmeci":"","telefon":"","web":"","adres":"","osm":"https://www.openstreetmap.org/way/684465694"},"geometry":{"type":"Point","coordinates":[29.13826,40.95061]}},{"type":"Feature","properties":{"_id":"w684869042","ad":"Buca Seyfi Demirsoy Eğitim ve Araştırma Hastanesi","il":"İzmir","ilce":"","tur":"Eğitim ve araştırma","brans":"Genel","acil":true,"yatak":null,"isletmeci":"","telefon":"","web":"","adres":"","osm":"https://www.openstreetmap.org/way/684869042"},"geometry":{"type":"Point","coordinates":[27.16308,38.38456]}},{"type":"Feature","properties":{"_id":"w684927956","ad":"VM Medical Park Pendik","il":"İstanbul","ilce":"","tur":"Özel","brans":"Genel","acil":true,"yatak":null,"isletmeci":"","telefon":"+90 216 275 40 00","web":"https://www.medicalpark.com.tr","adres":"","osm":"https://www.openstreetmap.org/way/684927956"},"geometry":{"type":"Point","coordinates":[29.25652,40.88063]}},{"type":"Feature","properties":{"_id":"w686243597","ad":"Dikili Devlet Hastanesi","il":"İzmir","ilce":"","tur":"Devlet","brans":"Genel","acil":null,"yatak":null,"isletmeci":"","telefon":"","web":"","adres":"","osm":"https://www.openstreetmap.org/way/686243597"},"geometry":{"type":"Point","coordinates":[26.89244,39.06493]}},{"type":"Feature","properties":{"_id":"w686252217","ad":"Özel Pendik Yüzyıl Hastanesi","il":"İstanbul","ilce":"Pendik","tur":"Özel","brans":"Genel","acil":true,"yatak":null,"isletmeci":"","telefon":"+90 216 397 5900","web":"https://www.yuzyilhastanesi.com/","adres":"Tevfik İleri Caddesi 105","osm":"https://www.openstreetmap.org/way/686252217"},"geometry":{"type":"Point","coordinates":[29.2613,40.87925]}},{"type":"Feature","properties":{"_id":"w687494870","ad":"80 Yıl Pozantı Devlet Hastanesi","il":"Adana","ilce":"Pozantı","tur":"Devlet","brans":"Genel","acil":null,"yatak":null,"isletmeci":"","telefon":"+903225813955","web":"","adres":"Hastane Caddesi","osm":"https://www.openstreetmap.org/way/687494870"},"geometry":{"type":"Point","coordinates":[34.87328,37.46034]}},{"type":"Feature","properties":{"_id":"w687590567","ad":"Karamürsel Devlet Hastanesi","il":"Kocaeli","ilce":"","tur":"Devlet","brans":"Genel","acil":true,"yatak":null,"isletmeci":"","telefon":"","web":"https://karamurseldh.saglik.gov.tr/","adres":"","osm":"https://www.openstreetmap.org/way/687590567"},"geometry":{"type":"Point","coordinates":[29.58836,40.68423]}},{"type":"Feature","properties":{"_id":"w687627629","ad":"KBÜ Eğitim Araştırma Hastanesi","il":"Karabük","ilce":"","tur":"Eğitim ve araştırma","brans":"Genel","acil":null,"yatak":null,"isletmeci":"","telefon":"+90 370 415 8000","web":"https://karabukeah.saglik.gov.tr/","adres":"","osm":"https://www.openstreetmap.org/way/687627629"},"geometry":{"type":"Point","coordinates":[32.6186,41.2088]}},{"type":"Feature","properties":{"_id":"w688849332","ad":"Kozan Devlet Hastanesi","il":"Adana","ilce":"Kozan","tur":"Devlet","brans":"Genel","acil":true,"yatak":null,"isletmeci":"Sağlık Bakanlığı","telefon":"0322 515 83 06","web":"https://kozandh.saglik.gov.tr/","adres":"Feke Caddesi 1/150","osm":"https://www.openstreetmap.org/way/688849332"},"geometry":{"type":"Point","coordinates":[35.82503,37.46501]}},{"type":"Feature","properties":{"_id":"w689127160","ad":"Özel Kalepark Hastanesi","il":"Adana","ilce":"","tur":"Özel","brans":"Genel","acil":null,"yatak":null,"isletmeci":"","telefon":"","web":"","adres":"","osm":"https://www.openstreetmap.org/way/689127160"},"geometry":{"type":"Point","coordinates":[35.80734,37.44959]}},{"type":"Feature","properties":{"_id":"w689449963","ad":"Meddem Hastanesi","il":"Isparta","ilce":"Isparta Merkez","tur":"Belirsiz","brans":"Genel","acil":null,"yatak":null,"isletmeci":"","telefon":"","web":"","adres":"Süleyman Demirel Cd. No: 179","osm":"https://www.openstreetmap.org/way/689449963"},"geometry":{"type":"Point","coordinates":[30.5375,37.80077]}},{"type":"Feature","properties":{"_id":"w690680516","ad":"Yüksek İhtisas Eğitim ve Araştırma Hastanesi","il":"Bursa","ilce":"","tur":"Eğitim ve araştırma","brans":"Genel","acil":null,"yatak":null,"isletmeci":"","telefon":"","web":"","adres":"","osm":"https://www.openstreetmap.org/way/690680516"},"geometry":{"type":"Point","coordinates":[28.97992,40.23169]}},{"type":"Feature","properties":{"_id":"w690969745","ad":"Tufanbeyli Devlet Hastanesi","il":"Adana","ilce":"Adana","tur":"Devlet","brans":"Genel","acil":true,"yatak":null,"isletmeci":"Sağlık Bakanlığı","telefon":"+903227819496","web":"","adres":"","osm":"https://www.openstreetmap.org/way/690969745"},"geometry":{"type":"Point","coordinates":[36.21342,38.25749]}},{"type":"Feature","properties":{"_id":"w692425693","ad":"Darıca Farabi Eğitim ve Araştırma Hastanesi","il":"Kocaeli","ilce":"","tur":"Eğitim ve araştırma","brans":"Genel","acil":null,"yatak":null,"isletmeci":"","telefon":"","web":"","adres":"","osm":"https://www.openstreetmap.org/way/692425693"},"geometry":{"type":"Point","coordinates":[29.40659,40.7707]}},{"type":"Feature","properties":{"_id":"w692617338","ad":"Mutki İlçe Devlet Hastahanesi","il":"Bitlis","ilce":"Mutki","tur":"Devlet","brans":"Genel","acil":true,"yatak":null,"isletmeci":"","telefon":"+90 434 711 27 00","web":"","adres":"Killer Caddesi","osm":"https://www.openstreetmap.org/way/692617338"},"geometry":{"type":"Point","coordinates":[41.93039,38.40742]}},{"type":"Feature","properties":{"_id":"w692638607","ad":"Bahçesaray İlçe Devlet Hastanesi","il":"Van","ilce":"Bahçesaray","tur":"Devlet","brans":"Genel","acil":true,"yatak":null,"isletmeci":"","telefon":"+90 432 751 20 62","web":"https://bahcesaraydh.saglik.gov.tr/","adres":"Cumhuriyet Caddesi","osm":"https://www.openstreetmap.org/way/692638607"},"geometry":{"type":"Point","coordinates":[42.80692,38.11711]}},{"type":"Feature","properties":{"_id":"w692640089","ad":"Çatak İlçe Devlet Hastanesi","il":"Van","ilce":"Çatak","tur":"Devlet","brans":"Genel","acil":true,"yatak":null,"isletmeci":"","telefon":"+90 432 512 2551","web":"https://catakdh.saglik.gov.tr/","adres":"Atatürk Caddesi","osm":"https://www.openstreetmap.org/way/692640089"},"geometry":{"type":"Point","coordinates":[43.06147,38.00781]}},{"type":"Feature","properties":{"_id":"w692641261","ad":"Gevaş İlçe Devlet Hastanesi","il":"Van","ilce":"Gevaş","tur":"Devlet","brans":"Genel","acil":true,"yatak":null,"isletmeci":"Sağlık Bakanlığı","telefon":"+90 432 612 20 65","web":"https://gevasdh.saglik.gov.tr/","adres":"100. Yıl Caddesi","osm":"https://www.openstreetmap.org/way/692641261"},"geometry":{"type":"Point","coordinates":[43.11045,38.30743]}},{"type":"Feature","properties":{"_id":"w692832328","ad":"Başkale Devlet Hastanesi","il":"Van","ilce":"Başkale","tur":"Devlet","brans":"Genel","acil":true,"yatak":null,"isletmeci":"Sağlık Bakanlığı","telefon":"490 432 651 2037","web":"https://baskaledh.saglik.gov.tr/","adres":"","osm":"https://www.openstreetmap.org/way/692832328"},"geometry":{"type":"Point","coordinates":[44.02116,38.03715]}},{"type":"Feature","properties":{"_id":"w694074288","ad":"Sevgi Can Hastanesi","il":"Adana","ilce":"Kozan","tur":"Belirsiz","brans":"Genel","acil":true,"yatak":null,"isletmeci":"","telefon":"","web":"","adres":"","osm":"https://www.openstreetmap.org/way/694074288"},"geometry":{"type":"Point","coordinates":[35.8221,37.46419]}},{"type":"Feature","properties":{"_id":"w695014246","ad":"Tercan Devlet Hastanesi","il":"Erzincan","ilce":"Tercan","tur":"Devlet","brans":"Genel","acil":true,"yatak":null,"isletmeci":"Sağlık Bakanlığı","telefon":"+90 446 441 30 97","web":"https://tercandh.saglik.gov.tr/","adres":"Kervansaray Caddesi 3","osm":"https://www.openstreetmap.org/way/695014246"},"geometry":{"type":"Point","coordinates":[40.3782,39.77902]}},{"type":"Feature","properties":{"_id":"w695489773","ad":"Muğla Yücelen Hastanesi","il":"Muğla","ilce":"Merkez","tur":"Belirsiz","brans":"Genel","acil":true,"yatak":null,"isletmeci":"","telefon":"0252 223 80 40","web":"","adres":"","osm":"https://www.openstreetmap.org/way/695489773"},"geometry":{"type":"Point","coordinates":[28.3718,37.17721]}},{"type":"Feature","properties":{"_id":"w695774565","ad":"Kurtköy Ersoy Hastanesi","il":"İstanbul","ilce":"Pendik","tur":"Belirsiz","brans":"Genel","acil":null,"yatak":null,"isletmeci":"","telefon":"","web":"https://www.ersoyhastanesi.com.tr/hastanelerimiz/kurtkoy-ersoy-hastanesi","adres":"Kahraman Sokak","osm":"https://www.openstreetmap.org/way/695774565"},"geometry":{"type":"Point","coordinates":[29.29802,40.91062]}},{"type":"Feature","properties":{"_id":"w696726885","ad":"Hekimhan İlçe Devlet Hastanesi","il":"Malatya","ilce":"","tur":"Devlet","brans":"Genel","acil":null,"yatak":null,"isletmeci":"","telefon":"","web":"","adres":"","osm":"https://www.openstreetmap.org/way/696726885"},"geometry":{"type":"Point","coordinates":[37.94108,38.80985]}},{"type":"Feature","properties":{"_id":"w698212820","ad":"Muğla Devlet Hastanesi","il":"Muğla","ilce":"Menteşe","tur":"Devlet","brans":"Genel","acil":true,"yatak":null,"isletmeci":"","telefon":"","web":"","adres":"","osm":"https://www.openstreetmap.org/way/698212820"},"geometry":{"type":"Point","coordinates":[28.36956,37.21325]}},{"type":"Feature","properties":{"_id":"w701902214","ad":"Gölcük Necati Çelik Devlet Hastanesi","il":"Kocaeli","ilce":"","tur":"Devlet","brans":"Genel","acil":true,"yatak":null,"isletmeci":"Sağlık Bakanlığı","telefon":"","web":"","adres":"","osm":"https://www.openstreetmap.org/way/701902214"},"geometry":{"type":"Point","coordinates":[29.79586,40.71957]}},{"type":"Feature","properties":{"_id":"w702424713","ad":"Elazığ Fethi Sekin Şehir Hastanesi","il":"Elazığ","ilce":"Elazığ","tur":"Şehir hastanesi","brans":"Genel","acil":true,"yatak":null,"isletmeci":"","telefon":"+90 424 606 6000","web":"https://elazigsehir.saglik.gov.tr/","adres":"","osm":"https://www.openstreetmap.org/way/702424713"},"geometry":{"type":"Point","coordinates":[39.27036,38.68893]}},{"type":"Feature","properties":{"_id":"w702942814","ad":"Enez Çok Programlı Anadolu Lisesi","il":"Edirne","ilce":"","tur":"Belirsiz","brans":"Genel","acil":null,"yatak":null,"isletmeci":"","telefon":"","web":"","adres":"","osm":"https://www.openstreetmap.org/way/702942814"},"geometry":{"type":"Point","coordinates":[26.08591,40.72518]}},{"type":"Feature","properties":{"_id":"w703795069","ad":"Medicana İnternational İzmir Hastanesi","il":"İzmir","ilce":"","tur":"Özel","brans":"Genel","acil":true,"yatak":null,"isletmeci":"Medicana","telefon":"+90 232 970 35 35","web":"https://www.medicana.com.tr","adres":"","osm":"https://www.openstreetmap.org/way/703795069"},"geometry":{"type":"Point","coordinates":[27.15728,38.42964]}},{"type":"Feature","properties":{"_id":"w703803080","ad":"Elmalı Devlet Hastanesi","il":"Antalya","ilce":"Elmalı","tur":"Devlet","brans":"Genel","acil":true,"yatak":null,"isletmeci":"Sağlık Bakanlığı","telefon":"+90 242 618 83 00","web":"https://elmalidh.saglik.gov.tr/","adres":"","osm":"https://www.openstreetmap.org/way/703803080"},"geometry":{"type":"Point","coordinates":[29.93949,36.73066]}},{"type":"Feature","properties":{"_id":"w704287676","ad":"Özel Balkan Hastanesi","il":"Kırklareli","ilce":"Lüleburgaz","tur":"Özel","brans":"Genel","acil":null,"yatak":null,"isletmeci":"","telefon":"+902884170707","web":"","adres":"","osm":"https://www.openstreetmap.org/way/704287676"},"geometry":{"type":"Point","coordinates":[27.28398,41.40695]}},{"type":"Feature","properties":{"_id":"w707254285","ad":"Özel Cihanpol Hastanesi","il":"Mardin","ilce":"Kızıltepe","tur":"Özel","brans":"Genel","acil":true,"yatak":null,"isletmeci":"","telefon":"","web":"http://www.cihanpol.com/","adres":"","osm":"https://www.openstreetmap.org/way/707254285"},"geometry":{"type":"Point","coordinates":[40.6143,37.21409]}},{"type":"Feature","properties":{"_id":"w707608856","ad":"Yeditepe Üniversitesi İhtisas Hastanesi","il":"İstanbul","ilce":"","tur":"Üniversite","brans":"Genel","acil":null,"yatak":null,"isletmeci":"","telefon":"","web":"","adres":"","osm":"https://www.openstreetmap.org/way/707608856"},"geometry":{"type":"Point","coordinates":[29.03128,41.0041]}},{"type":"Feature","properties":{"_id":"w708235566","ad":"Özel Medikent Hastanesi","il":"Kırklareli","ilce":"Lüleburgaz","tur":"Özel","brans":"Genel","acil":true,"yatak":null,"isletmeci":"","telefon":"0902884175050","web":"http://www.medikent.com.trv","adres":"Edirne Bayırı - Lüleburgaz","osm":"https://www.openstreetmap.org/way/708235566"},"geometry":{"type":"Point","coordinates":[27.33259,41.40789]}},{"type":"Feature","properties":{"_id":"w709158370","ad":"Gülnar Devlet Hastanesi","il":"Mersin","ilce":"Gülnar","tur":"Devlet","brans":"Genel","acil":true,"yatak":null,"isletmeci":"","telefon":"0324 751 74 11","web":"https://gulnardh.saglik.gov.tr/","adres":"","osm":"https://www.openstreetmap.org/way/709158370"},"geometry":{"type":"Point","coordinates":[33.41388,36.32401]}},{"type":"Feature","properties":{"_id":"w709612313","ad":"Erciş Devlet Hastanesi","il":"Van","ilce":"Erciş","tur":"Devlet","brans":"Genel","acil":true,"yatak":null,"isletmeci":"","telefon":"","web":"","adres":"","osm":"https://www.openstreetmap.org/way/709612313"},"geometry":{"type":"Point","coordinates":[43.35092,39.018]}},{"type":"Feature","properties":{"_id":"w711666485","ad":"Çanakkale Mehmet Akif Ersoy Çanakkale Devlet Hastanesi","il":"Çanakkale","ilce":"Çanakkale","tur":"Devlet","brans":"Genel","acil":true,"yatak":null,"isletmeci":"","telefon":"+90 286 217 10 98","web":"https://canakkaleism.saglik.gov.tr/","adres":"","osm":"https://www.openstreetmap.org/way/711666485"},"geometry":{"type":"Point","coordinates":[26.41728,40.09891]}},{"type":"Feature","properties":{"_id":"w712003348","ad":"Akçakale Devlet Hastanesi","il":"Şanlıurfa","ilce":"Akçakale","tur":"Devlet","brans":"Genel","acil":true,"yatak":null,"isletmeci":"","telefon":"+90 414 318 93 00","web":"https://akcakaledh.saglik.gov.tr/","adres":"","osm":"https://www.openstreetmap.org/way/712003348"},"geometry":{"type":"Point","coordinates":[38.94902,36.74798]}},{"type":"Feature","properties":{"_id":"w717760459","ad":"Mut Devlet Hastanesi","il":"Mersin","ilce":"Mut","tur":"Devlet","brans":"Genel","acil":true,"yatak":null,"isletmeci":"Sağlık Bakanlığı","telefon":"+90 324 774 1044","web":"https://mutdh.saglik.gov.tr/","adres":"","osm":"https://www.openstreetmap.org/way/717760459"},"geometry":{"type":"Point","coordinates":[33.4221,36.66346]}},{"type":"Feature","properties":{"_id":"w717854286","ad":"Özel Olbamed Hastanesi","il":"Mersin","ilce":"","tur":"Özel","brans":"Genel","acil":null,"yatak":null,"isletmeci":"","telefon":"","web":"","adres":"","osm":"https://www.openstreetmap.org/way/717854286"},"geometry":{"type":"Point","coordinates":[33.94482,36.38341]}},{"type":"Feature","properties":{"_id":"w717909793","ad":"Borçka Devlet Hastanesi","il":"Artvin","ilce":"","tur":"Devlet","brans":"Genel","acil":true,"yatak":null,"isletmeci":"Sağlık Bakanlığı","telefon":"","web":"","adres":"","osm":"https://www.openstreetmap.org/way/717909793"},"geometry":{"type":"Point","coordinates":[41.68022,41.35457]}},{"type":"Feature","properties":{"_id":"w718144674","ad":"Malazgirt Devlet Hastanesi","il":"Muş","ilce":"Malazgirt","tur":"Devlet","brans":"Genel","acil":true,"yatak":null,"isletmeci":"Sağlık Bakanlığı","telefon":"","web":"","adres":"","osm":"https://www.openstreetmap.org/way/718144674"},"geometry":{"type":"Point","coordinates":[42.55104,39.15312]}},{"type":"Feature","properties":{"_id":"w719359803","ad":"Güroymak Devlet Hastanesi","il":"Bitlis","ilce":"Güroymak","tur":"Devlet","brans":"Genel","acil":true,"yatak":null,"isletmeci":"","telefon":"+90 434 511 38 55","web":"https://guroymakdh.saglik.gov.tr/","adres":"","osm":"https://www.openstreetmap.org/way/719359803"},"geometry":{"type":"Point","coordinates":[42.05141,38.56879]}},{"type":"Feature","properties":{"_id":"w719465669","ad":"Medicana Ataşehir Hastanesi","il":"İstanbul","ilce":"","tur":"Şehir hastanesi","brans":"Genel","acil":null,"yatak":null,"isletmeci":"Medicana","telefon":"","web":"https://www.medicana.com.tr/atasehir","adres":"","osm":"https://www.openstreetmap.org/way/719465669"},"geometry":{"type":"Point","coordinates":[29.107,40.98354]}},{"type":"Feature","properties":{"_id":"w719606897","ad":"Bulanık Devlet Hastanesi","il":"Muş","ilce":"Bulanık","tur":"Devlet","brans":"Genel","acil":true,"yatak":null,"isletmeci":"","telefon":"+90 436 311 20 14","web":"https://bulanikdh.saglik.gov.tr/","adres":"","osm":"https://www.openstreetmap.org/way/719606897"},"geometry":{"type":"Point","coordinates":[42.27517,39.09526]}},{"type":"Feature","properties":{"_id":"w719668513","ad":"Gürsu Cüneyt Yıldız Devlet Hastanesi","il":"Bursa","ilce":"","tur":"Devlet","brans":"Genel","acil":null,"yatak":null,"isletmeci":"","telefon":"","web":"","adres":"","osm":"https://www.openstreetmap.org/way/719668513"},"geometry":{"type":"Point","coordinates":[29.17315,40.22556]}},{"type":"Feature","properties":{"_id":"w719714417","ad":"Varto Devlet Hastanesi","il":"Muş","ilce":"Varto","tur":"Devlet","brans":"Genel","acil":true,"yatak":null,"isletmeci":"","telefon":"+90 436 711 20 13","web":"https://vartodh.saglik.gov.tr/","adres":"","osm":"https://www.openstreetmap.org/way/719714417"},"geometry":{"type":"Point","coordinates":[41.44742,39.15606]}},{"type":"Feature","properties":{"_id":"w719906980","ad":"Erzurum Hınıs Şehit Yavuz Yürekseven Devlet Hastanesi","il":"Erzurum","ilce":"Hınıs","tur":"Devlet","brans":"Genel","acil":true,"yatak":null,"isletmeci":"Sağlık Bakanlığı","telefon":"+90 442 511 30 15","web":"https://hinisdh.saglik.gov.tr/","adres":"Cumhuriyet Caddesi No : 7/4","osm":"https://www.openstreetmap.org/way/719906980"},"geometry":{"type":"Point","coordinates":[41.69898,39.36803]}},{"type":"Feature","properties":{"_id":"w719916829","ad":"Karaçoban İlçe Devlet Hastanesi","il":"Erzurum","ilce":"","tur":"Devlet","brans":"Genel","acil":true,"yatak":null,"isletmeci":"","telefon":"","web":"","adres":"","osm":"https://www.openstreetmap.org/way/719916829"},"geometry":{"type":"Point","coordinates":[42.0939,39.35042]}},{"type":"Feature","properties":{"_id":"w720160721","ad":"Tosya Devlet Hastanesi","il":"Kastamonu","ilce":"","tur":"Devlet","brans":"Genel","acil":true,"yatak":null,"isletmeci":"Sağlık Bakanlığı","telefon":"","web":"","adres":"","osm":"https://www.openstreetmap.org/way/720160721"},"geometry":{"type":"Point","coordinates":[34.04686,41.01284]}},{"type":"Feature","properties":{"_id":"w722326781","ad":"Maltepe Altayçeşme Devlet Hastanesi","il":"İstanbul","ilce":"","tur":"Devlet","brans":"Genel","acil":null,"yatak":null,"isletmeci":"","telefon":"","web":"","adres":"","osm":"https://www.openstreetmap.org/way/722326781"},"geometry":{"type":"Point","coordinates":[29.13499,40.93687]}},{"type":"Feature","properties":{"_id":"w722328515","ad":"Ersoy Hastanesi","il":"İstanbul","ilce":"","tur":"Belirsiz","brans":"Genel","acil":null,"yatak":null,"isletmeci":"","telefon":"","web":"","adres":"","osm":"https://www.openstreetmap.org/way/722328515"},"geometry":{"type":"Point","coordinates":[29.1347,40.93315]}},{"type":"Feature","properties":{"_id":"w724706779","ad":"Özel Baypark Hospital","il":"İstanbul","ilce":"Bayrampaşa","tur":"Özel","brans":"Genel","acil":true,"yatak":77,"isletmeci":"","telefon":"","web":"https://www.baypark.com.tr/","adres":"Ali Fuat Başgil Caddesi 112-114","osm":"https://www.openstreetmap.org/way/724706779"},"geometry":{"type":"Point","coordinates":[28.89108,41.06302]}},{"type":"Feature","properties":{"_id":"w724710677","ad":"Ankara Bilkent Şehir Hastanesi","il":"Ankara","ilce":"Çankaya","tur":"Şehir hastanesi","brans":"Genel","acil":true,"yatak":null,"isletmeci":"","telefon":"+90 312 552 60 00","web":"https://ankarasehir.saglik.gov.tr/","adres":"1604. Cadde 9","osm":"https://www.openstreetmap.org/way/724710677"},"geometry":{"type":"Point","coordinates":[32.75701,39.90074]}},{"type":"Feature","properties":{"_id":"w725152504","ad":"Mehmet Toprak Hastanesi","il":"İstanbul","ilce":"","tur":"Belirsiz","brans":"Genel","acil":null,"yatak":null,"isletmeci":"","telefon":"","web":"","adres":"","osm":"https://www.openstreetmap.org/way/725152504"},"geometry":{"type":"Point","coordinates":[29.14563,40.91721]}},{"type":"Feature","properties":{"_id":"w725154734","ad":"Medical Park İstanbul Onkoloji Hastanesi","il":"İstanbul","ilce":"Maltepe","tur":"Özel","brans":"Dal hastanesi","acil":true,"yatak":null,"isletmeci":"Medical Park İstanbul Onkoloji Hastanesi","telefon":"444 4 484","web":"https://www.medicalpark.com.tr/hastanelerimiz/medical-park-istanbul-onkoloji-hastanesi","adres":"Toros Caddesi 86","osm":"https://www.openstreetmap.org/way/725154734"},"geometry":{"type":"Point","coordinates":[29.15367,40.92241]}},{"type":"Feature","properties":{"_id":"w725395862","ad":"Özel Medicine Hospital Güneşli","il":"İstanbul","ilce":"","tur":"Özel","brans":"Genel","acil":null,"yatak":null,"isletmeci":"","telefon":"","web":"","adres":"","osm":"https://www.openstreetmap.org/way/725395862"},"geometry":{"type":"Point","coordinates":[28.8385,41.03015]}},{"type":"Feature","properties":{"_id":"w726786915","ad":"Eskişehir Özel Ümit Hastanesi","il":"Eskişehir","ilce":"","tur":"Özel","brans":"Genel","acil":null,"yatak":null,"isletmeci":"","telefon":"","web":"","adres":"","osm":"https://www.openstreetmap.org/way/726786915"},"geometry":{"type":"Point","coordinates":[30.47064,39.78995]}},{"type":"Feature","properties":{"_id":"w727132038","ad":"İmperial Hastanesi","il":"Trabzon","ilce":"","tur":"Belirsiz","brans":"Genel","acil":null,"yatak":null,"isletmeci":"","telefon":"","web":"","adres":"","osm":"https://www.openstreetmap.org/way/727132038"},"geometry":{"type":"Point","coordinates":[39.72786,41.0082]}},{"type":"Feature","properties":{"_id":"w728125275","ad":"Dünyagöz","il":"İstanbul","ilce":"","tur":"Özel","brans":"Dal hastanesi","acil":null,"yatak":null,"isletmeci":"","telefon":"","web":"","adres":"","osm":"https://www.openstreetmap.org/way/728125275"},"geometry":{"type":"Point","coordinates":[29.11146,40.98439]}},{"type":"Feature","properties":{"_id":"w729012307","ad":"Diş Hekimliği Ağız ve Diş Sağlığı Hastanesi","il":"İzmir","ilce":"","tur":"Üniversite","brans":"Dal hastanesi","acil":null,"yatak":null,"isletmeci":"Ege Üniversitesi","telefon":"","web":"","adres":"","osm":"https://www.openstreetmap.org/way/729012307"},"geometry":{"type":"Point","coordinates":[27.22434,38.45655]}},{"type":"Feature","properties":{"_id":"w729080967","ad":"Alman Hastanesi","il":"Malatya","ilce":"Malatya","tur":"Belirsiz","brans":"Genel","acil":null,"yatak":null,"isletmeci":"","telefon":"+904222382828","web":"","adres":"","osm":"https://www.openstreetmap.org/way/729080967"},"geometry":{"type":"Point","coordinates":[38.24648,38.33769]}},{"type":"Feature","properties":{"_id":"w730017632","ad":"Özel Müjde Hastanesi","il":"Malatya","ilce":"Malatya","tur":"Özel","brans":"Genel","acil":true,"yatak":null,"isletmeci":"","telefon":"","web":"","adres":"","osm":"https://www.openstreetmap.org/way/730017632"},"geometry":{"type":"Point","coordinates":[38.32875,38.3465]}},{"type":"Feature","properties":{"_id":"w730112823","ad":"Edirne Sultan 1. Murat Devlet Hastanesi","il":"Edirne","ilce":"","tur":"Devlet","brans":"Genel","acil":null,"yatak":null,"isletmeci":"","telefon":"","web":"","adres":"","osm":"https://www.openstreetmap.org/way/730112823"},"geometry":{"type":"Point","coordinates":[26.6048,41.6543]}},{"type":"Feature","properties":{"_id":"w731266089","ad":"Manisa Şehir Hastanesi","il":"Manisa","ilce":"","tur":"Şehir hastanesi","brans":"Dal hastanesi","acil":null,"yatak":null,"isletmeci":"","telefon":"","web":"","adres":"","osm":"https://www.openstreetmap.org/way/731266089"},"geometry":{"type":"Point","coordinates":[27.46171,38.61234]}},{"type":"Feature","properties":{"_id":"w731900980","ad":"Digor Devlet Hastanesi","il":"Kars","ilce":"","tur":"Devlet","brans":"Genel","acil":null,"yatak":null,"isletmeci":"Sağlık Bakanlığı","telefon":"","web":"","adres":"","osm":"https://www.openstreetmap.org/way/731900980"},"geometry":{"type":"Point","coordinates":[43.41491,40.38171]}},{"type":"Feature","properties":{"_id":"w732228921","ad":"Trabzon Ağız Ve Diş Sağlığı Hastanesi","il":"Trabzon","ilce":"","tur":"Devlet","brans":"Dal hastanesi","acil":true,"yatak":null,"isletmeci":"Sağlık Bakanlığı","telefon":"+90 462 230 09 60; +90 462 230 53 11","web":"https://trabzonadsh.saglik.gov.tr/","adres":"","osm":"https://www.openstreetmap.org/way/732228921"},"geometry":{"type":"Point","coordinates":[39.70082,41.00531]}},{"type":"Feature","properties":{"_id":"w732697418","ad":"Moodist Psikiyatri ve Nöroloji Hastanesi","il":"İstanbul","ilce":"","tur":"Belirsiz","brans":"Ruh sağlığı","acil":null,"yatak":null,"isletmeci":"","telefon":"","web":"https://moodisthastanesi.com","adres":"Çeçen Sokağı 52","osm":"https://www.openstreetmap.org/way/732697418"},"geometry":{"type":"Point","coordinates":[29.05341,41.00235]}},{"type":"Feature","properties":{"_id":"w732839951","ad":"Acıbadem Ataşehir Hastanesi","il":"İstanbul","ilce":"","tur":"Şehir hastanesi","brans":"Genel","acil":null,"yatak":null,"isletmeci":"Acıbadem","telefon":"+90 216 5124444","web":"https://www.acibadem.com.tr/hastane/acibadem-atasehir-hastanesi/","adres":"","osm":"https://www.openstreetmap.org/way/732839951"},"geometry":{"type":"Point","coordinates":[29.12707,40.99458]}},{"type":"Feature","properties":{"_id":"w734632212","ad":"Acıbadem Ankara Hastanesi","il":"Ankara","ilce":"","tur":"Özel","brans":"Genel","acil":true,"yatak":null,"isletmeci":"Acıbadem","telefon":"+90 312 593 44 44","web":"https://acibadem.com.tr/hastane/ankara-hastanesi/","adres":"Tevfik Kış Caddesi 6","osm":"https://www.openstreetmap.org/way/734632212"},"geometry":{"type":"Point","coordinates":[32.83845,39.84753]}},{"type":"Feature","properties":{"_id":"w737713204","ad":"Sütçü İmam Üniversitesi Tıp Fakültesi","il":"Kahramanmaraş","ilce":"","tur":"Üniversite","brans":"Genel","acil":true,"yatak":null,"isletmeci":"","telefon":"","web":"","adres":"","osm":"https://www.openstreetmap.org/way/737713204"},"geometry":{"type":"Point","coordinates":[36.82605,37.58794]}},{"type":"Feature","properties":{"_id":"w737962612","ad":"Çiçekdağı İlçe Hastanesi","il":"Kırşehir","ilce":"","tur":"Devlet","brans":"Genel","acil":null,"yatak":null,"isletmeci":"","telefon":"","web":"","adres":"","osm":"https://www.openstreetmap.org/way/737962612"},"geometry":{"type":"Point","coordinates":[34.42259,39.60691]}},{"type":"Feature","properties":{"_id":"w738268548","ad":"Beyşehir Devlet Hastanesi","il":"Konya","ilce":"","tur":"Devlet","brans":"Genel","acil":true,"yatak":null,"isletmeci":"","telefon":"","web":"","adres":"","osm":"https://www.openstreetmap.org/way/738268548"},"geometry":{"type":"Point","coordinates":[31.73711,37.66768]}},{"type":"Feature","properties":{"_id":"w738416747","ad":"Rasim Menteşe Bozdoğan İlçe Devlet Hastanesi","il":"Aydın","ilce":"Bozdoğan","tur":"Devlet","brans":"Genel","acil":true,"yatak":null,"isletmeci":"","telefon":"","web":"","adres":"Okullar Caddesi 83","osm":"https://www.openstreetmap.org/way/738416747"},"geometry":{"type":"Point","coordinates":[28.31759,37.67507]}},{"type":"Feature","properties":{"_id":"w739802036","ad":"Optimed Kapaklı","il":"Tekirdağ","ilce":"Kapaklı","tur":"Belirsiz","brans":"Genel","acil":null,"yatak":null,"isletmeci":"Optimed","telefon":"","web":"","adres":"Mithatpaşa Caddesi 13-15","osm":"https://www.openstreetmap.org/way/739802036"},"geometry":{"type":"Point","coordinates":[27.9794,41.32543]}},{"type":"Feature","properties":{"_id":"w740815393","ad":"Ataşehir Ağız ve Diş Sağlığı Hastanesi","il":"İstanbul","ilce":"Ataşehir","tur":"Ağız ve diş","brans":"Dal hastanesi","acil":null,"yatak":null,"isletmeci":"","telefon":"+90 216 469 77 40","web":"https://atasehiradsh.saglik.gov.tr/","adres":"Fesleğen Sokak 6","osm":"https://www.openstreetmap.org/way/740815393"},"geometry":{"type":"Point","coordinates":[29.10916,40.99069]}},{"type":"Feature","properties":{"_id":"w741184278","ad":"Gediz Devlet Hastanesi","il":"Kütahya","ilce":"","tur":"Devlet","brans":"Genel","acil":true,"yatak":null,"isletmeci":"Sağlık Bakanlığı","telefon":"","web":"","adres":"","osm":"https://www.openstreetmap.org/way/741184278"},"geometry":{"type":"Point","coordinates":[29.3867,38.98565]}},{"type":"Feature","properties":{"_id":"w741763006","ad":"Güven Hastanesi","il":"Ankara","ilce":"Çankaya","tur":"Belirsiz","brans":"Genel","acil":true,"yatak":null,"isletmeci":"","telefon":"","web":"","adres":"Şimşek Cd. 29","osm":"https://www.openstreetmap.org/way/741763006"},"geometry":{"type":"Point","coordinates":[32.85457,39.9045]}},{"type":"Feature","properties":{"_id":"w742396857","ad":"Mihalıççık Gün Sazak Devlet Hastanesi","il":"Eskişehir","ilce":"Mihalıççık","tur":"Devlet","brans":"Genel","acil":true,"yatak":null,"isletmeci":"","telefon":"+90 222 631 35 65","web":"","adres":"","osm":"https://www.openstreetmap.org/way/742396857"},"geometry":{"type":"Point","coordinates":[31.48897,39.86993]}},{"type":"Feature","properties":{"_id":"w742449353","ad":"Sular Akademi Hastanesi","il":"Kahramanmaraş","ilce":"Dulkadiroğlu","tur":"Belirsiz","brans":"Genel","acil":true,"yatak":null,"isletmeci":"","telefon":"","web":"","adres":"","osm":"https://www.openstreetmap.org/way/742449353"},"geometry":{"type":"Point","coordinates":[36.9296,37.56551]}},{"type":"Feature","properties":{"_id":"w742460795","ad":"Pervari Devlet Hastanesi","il":"Siirt","ilce":"Pervari","tur":"Devlet","brans":"Genel","acil":true,"yatak":null,"isletmeci":"","telefon":"+90 484 361 2015","web":"","adres":"","osm":"https://www.openstreetmap.org/way/742460795"},"geometry":{"type":"Point","coordinates":[42.54678,37.93393]}},{"type":"Feature","properties":{"_id":"w744597187","ad":"Mersin Üniversitesi Tıp Fakültesi Hastanesi","il":"Mersin","ilce":"Yenişehir","tur":"Üniversite","brans":"Genel","acil":null,"yatak":null,"isletmeci":"","telefon":"","web":"","adres":"","osm":"https://www.openstreetmap.org/way/744597187"},"geometry":{"type":"Point","coordinates":[34.53658,36.78535]}},{"type":"Feature","properties":{"_id":"w744813111","ad":"Pazaryeri İlçe Hastanesi","il":"Bilecik","ilce":"","tur":"Devlet","brans":"Genel","acil":true,"yatak":null,"isletmeci":"","telefon":"0228 381 47 54","web":"","adres":"","osm":"https://www.openstreetmap.org/way/744813111"},"geometry":{"type":"Point","coordinates":[29.90068,40.00229]}},{"type":"Feature","properties":{"_id":"w744835723","ad":"İnegöl Devlet Hastanesi","il":"Bursa","ilce":"İnegöl","tur":"Devlet","brans":"Genel","acil":true,"yatak":null,"isletmeci":"","telefon":"+90 224 715 17 15","web":"https://inegoldh.saglik.gov.tr/","adres":"","osm":"https://www.openstreetmap.org/way/744835723"},"geometry":{"type":"Point","coordinates":[29.4977,40.08108]}},{"type":"Feature","properties":{"_id":"w744903098","ad":"Özel Aritmi İnegöl Hastanesi","il":"Bursa","ilce":"İnegöl","tur":"Özel","brans":"Genel","acil":true,"yatak":null,"isletmeci":"","telefon":"0224 711 01 21","web":"","adres":"","osm":"https://www.openstreetmap.org/way/744903098"},"geometry":{"type":"Point","coordinates":[29.49524,40.08951]}},{"type":"Feature","properties":{"_id":"w746205691","ad":"Özel Cihangir Hastanesi","il":"Bursa","ilce":"İnegöl","tur":"Özel","brans":"Genel","acil":true,"yatak":null,"isletmeci":"","telefon":"0224 777 00 70","web":"","adres":"","osm":"https://www.openstreetmap.org/way/746205691"},"geometry":{"type":"Point","coordinates":[29.50622,40.08942]}},{"type":"Feature","properties":{"_id":"w746463279","ad":"Kastamonu Devlet Hastanesi","il":"Kastamonu","ilce":"","tur":"Devlet","brans":"Genel","acil":null,"yatak":null,"isletmeci":"","telefon":"","web":"","adres":"","osm":"https://www.openstreetmap.org/way/746463279"},"geometry":{"type":"Point","coordinates":[33.78845,41.41802]}},{"type":"Feature","properties":{"_id":"w746885429","ad":"Özel Aktif Hastanesi","il":"Yalova","ilce":"Merkez","tur":"Özel","brans":"Genel","acil":true,"yatak":null,"isletmeci":"","telefon":"0226 352 66 66","web":"https://www.aktifhastanesi.com.tr/","adres":"","osm":"https://www.openstreetmap.org/way/746885429"},"geometry":{"type":"Point","coordinates":[29.32028,40.6643]}},{"type":"Feature","properties":{"_id":"w750428676","ad":"Türkan Özilhan Devlet Hastanesi","il":"İzmir","ilce":"","tur":"Devlet","brans":"Genel","acil":null,"yatak":null,"isletmeci":"Sağlık Bakanlığı","telefon":"","web":"","adres":"","osm":"https://www.openstreetmap.org/way/750428676"},"geometry":{"type":"Point","coordinates":[27.25015,38.4591]}},{"type":"Feature","properties":{"_id":"w751131758","ad":"Mersin Şehir Hastanesi","il":"Mersin","ilce":"","tur":"Şehir hastanesi","brans":"Genel","acil":null,"yatak":null,"isletmeci":"","telefon":"","web":"","adres":"","osm":"https://www.openstreetmap.org/way/751131758"},"geometry":{"type":"Point","coordinates":[34.60853,36.85528]}},{"type":"Feature","properties":{"_id":"w751471540","ad":"Malkara Devlet Hastanesi","il":"Tekirdağ","ilce":"","tur":"Devlet","brans":"Genel","acil":true,"yatak":null,"isletmeci":"","telefon":"","web":"","adres":"","osm":"https://www.openstreetmap.org/way/751471540"},"geometry":{"type":"Point","coordinates":[26.92963,40.88525]}},{"type":"Feature","properties":{"_id":"w752523390","ad":"Simav Doç. Dr. İsmail Karakuyu Devlet Hastanesi","il":"Kütahya","ilce":"Simav","tur":"Devlet","brans":"Genel","acil":true,"yatak":null,"isletmeci":"Sağlık Bakanlığı","telefon":"+90 274 513 70 48","web":"","adres":"","osm":"https://www.openstreetmap.org/way/752523390"},"geometry":{"type":"Point","coordinates":[28.99015,39.0922]}},{"type":"Feature","properties":{"_id":"w752830700","ad":"Şavşat Devlet Hastanesi","il":"Artvin","ilce":"","tur":"Devlet","brans":"Genel","acil":null,"yatak":null,"isletmeci":"","telefon":"","web":"","adres":"","osm":"https://www.openstreetmap.org/way/752830700"},"geometry":{"type":"Point","coordinates":[42.3507,41.25676]}},{"type":"Feature","properties":{"_id":"w753577372","ad":"Ulukışla Devlet Hastanesi","il":"Niğde","ilce":"","tur":"Devlet","brans":"Genel","acil":true,"yatak":null,"isletmeci":"Sağlık Bakanlığı","telefon":"","web":"","adres":"","osm":"https://www.openstreetmap.org/way/753577372"},"geometry":{"type":"Point","coordinates":[34.48518,37.55114]}},{"type":"Feature","properties":{"_id":"w753583084","ad":"Bor Devlet Hastanesi","il":"Niğde","ilce":"","tur":"Devlet","brans":"Genel","acil":null,"yatak":null,"isletmeci":"Sağlık Bakanlığı","telefon":"","web":"","adres":"","osm":"https://www.openstreetmap.org/way/753583084"},"geometry":{"type":"Point","coordinates":[34.55806,37.91434]}},{"type":"Feature","properties":{"_id":"w753934980","ad":"Menemen İlçe Devlet Hastanesi","il":"İzmir","ilce":"","tur":"Devlet","brans":"Genel","acil":true,"yatak":null,"isletmeci":"Sağlık Bakanlığı","telefon":"","web":"","adres":"","osm":"https://www.openstreetmap.org/way/753934980"},"geometry":{"type":"Point","coordinates":[27.08805,38.60732]}},{"type":"Feature","properties":{"_id":"w755292615","ad":"Yozgat Şehir Hastanesi","il":"Yozgat","ilce":"","tur":"Şehir hastanesi","brans":"Genel","acil":true,"yatak":null,"isletmeci":"","telefon":"+90 4442066","web":"","adres":"","osm":"https://www.openstreetmap.org/way/755292615"},"geometry":{"type":"Point","coordinates":[34.84683,39.83054]}},{"type":"Feature","properties":{"_id":"w757280361","ad":"Bartın Devlet Hastanesi","il":"Bartın","ilce":"Bartın","tur":"Devlet","brans":"Genel","acil":true,"yatak":null,"isletmeci":"Sağlık Bakanlığı","telefon":"+90 378 227 76 22","web":"","adres":"","osm":"https://www.openstreetmap.org/way/757280361"},"geometry":{"type":"Point","coordinates":[32.35505,41.62739]}},{"type":"Feature","properties":{"_id":"w758860591","ad":"Özel Ada Tıp Hastanesi","il":"Sakarya","ilce":"Serdivan","tur":"Özel","brans":"Genel","acil":true,"yatak":null,"isletmeci":"","telefon":"0264 888 19 99","web":"https://www.adatiphastanesi.com/sakarya/","adres":"Şht. Mehmet Karabaşoğlu Caddesi 67","osm":"https://www.openstreetmap.org/way/758860591"},"geometry":{"type":"Point","coordinates":[30.35399,40.77587]}},{"type":"Feature","properties":{"_id":"w759074003","ad":"Sakarya Yenikent Devlet Hastanesi","il":"Sakarya","ilce":"Adapazarı","tur":"Devlet","brans":"Genel","acil":true,"yatak":null,"isletmeci":"","telefon":"0264 221 35 00","web":"","adres":"","osm":"https://www.openstreetmap.org/way/759074003"},"geometry":{"type":"Point","coordinates":[30.34575,40.84945]}},{"type":"Feature","properties":{"_id":"w759389158","ad":"Özel Atakent Hastanesi","il":"Yalova","ilce":"Merkez","tur":"Özel","brans":"Genel","acil":true,"yatak":null,"isletmeci":"","telefon":"444 1 677","web":"","adres":"Ufuk Sokak 7","osm":"https://www.openstreetmap.org/way/759389158"},"geometry":{"type":"Point","coordinates":[29.25828,40.64251]}},{"type":"Feature","properties":{"_id":"w759546623","ad":"Özel Yalova Hastanesi","il":"Yalova","ilce":"Merkez","tur":"Özel","brans":"Genel","acil":true,"yatak":null,"isletmeci":"","telefon":"0226 811 22 44","web":"","adres":"","osm":"https://www.openstreetmap.org/way/759546623"},"geometry":{"type":"Point","coordinates":[29.27513,40.65411]}},{"type":"Feature","properties":{"_id":"w764113223","ad":"Bayramiç Devlet Hastanesi","il":"Çanakkale","ilce":"","tur":"Devlet","brans":"Genel","acil":true,"yatak":null,"isletmeci":"","telefon":"","web":"","adres":"","osm":"https://www.openstreetmap.org/way/764113223"},"geometry":{"type":"Point","coordinates":[26.61236,39.81104]}},{"type":"Feature","properties":{"_id":"w764227427","ad":"Acıbadem Bahçeşehir Hastanesi","il":"İstanbul","ilce":"Başakşehir","tur":"Şehir hastanesi","brans":"Genel","acil":true,"yatak":null,"isletmeci":"Acıbadem","telefon":"+902125931111","web":"","adres":"Kemal Sunal Caddesi 6","osm":"https://www.openstreetmap.org/way/764227427"},"geometry":{"type":"Point","coordinates":[28.68839,41.06267]}},{"type":"Feature","properties":{"_id":"w765358819","ad":"Özel Ekol Hastanesi","il":"Edirne","ilce":"","tur":"Özel","brans":"Dal hastanesi","acil":true,"yatak":null,"isletmeci":"","telefon":"+90 284 236 1010","web":"https://www.ekolhastanesi.com.tr/","adres":"Muammer Aksoy Caddesi 4","osm":"https://www.openstreetmap.org/way/765358819"},"geometry":{"type":"Point","coordinates":[26.59372,41.65225]}},{"type":"Feature","properties":{"_id":"w765948693","ad":"Medicana Çamlıca Hastanesi","il":"İstanbul","ilce":"","tur":"Özel","brans":"Genel","acil":null,"yatak":null,"isletmeci":"","telefon":"","web":"","adres":"","osm":"https://www.openstreetmap.org/way/765948693"},"geometry":{"type":"Point","coordinates":[29.08346,41.02471]}},{"type":"Feature","properties":{"_id":"w765948703","ad":"Medicana","il":"İstanbul","ilce":"","tur":"Özel","brans":"Genel","acil":null,"yatak":null,"isletmeci":"","telefon":"","web":"","adres":"","osm":"https://www.openstreetmap.org/way/765948703"},"geometry":{"type":"Point","coordinates":[29.08255,41.02431]}},{"type":"Feature","properties":{"_id":"w769252658","ad":"Ödemiş Devlet Hastanesi","il":"İzmir","ilce":"Ödemiş","tur":"Devlet","brans":"Genel","acil":true,"yatak":null,"isletmeci":"Sağlık Bakanlığı","telefon":"","web":"","adres":"","osm":"https://www.openstreetmap.org/way/769252658"},"geometry":{"type":"Point","coordinates":[27.98751,38.23047]}},{"type":"Feature","properties":{"_id":"w772345760","ad":"Savur Devlet Hastanesi","il":"Mardin","ilce":"Savur","tur":"Devlet","brans":"Genel","acil":true,"yatak":null,"isletmeci":"Sağlık Bakanlığı","telefon":"+90 482 571 3001","web":"https://savurdh.saglik.gov.tr/","adres":"","osm":"https://www.openstreetmap.org/way/772345760"},"geometry":{"type":"Point","coordinates":[40.88005,37.54507]}},{"type":"Feature","properties":{"_id":"w775984642","ad":"Özel İlke Hastanesi","il":"İstanbul","ilce":"Bahçelievler","tur":"Özel","brans":"Genel","acil":null,"yatak":null,"isletmeci":"","telefon":"+90 212 652 52 00","web":"","adres":"Yıldırım Beyazıd Caddesi 46","osm":"https://www.openstreetmap.org/way/775984642"},"geometry":{"type":"Point","coordinates":[28.83486,40.99763]}},{"type":"Feature","properties":{"_id":"w776720292","ad":"Ataköy Hastanesi","il":"İstanbul","ilce":"","tur":"Belirsiz","brans":"Genel","acil":true,"yatak":null,"isletmeci":"","telefon":"","web":"","adres":"","osm":"https://www.openstreetmap.org/way/776720292"},"geometry":{"type":"Point","coordinates":[28.84064,40.99253]}},{"type":"Feature","properties":{"_id":"w777002033","ad":"Konyagöz","il":"Konya","ilce":"","tur":"Belirsiz","brans":"Dal hastanesi","acil":null,"yatak":null,"isletmeci":"","telefon":"","web":"","adres":"","osm":"https://www.openstreetmap.org/way/777002033"},"geometry":{"type":"Point","coordinates":[32.51707,37.96546]}},{"type":"Feature","properties":{"_id":"w778785588","ad":"Cihanbeyli Devlet Hastanesi","il":"Konya","ilce":"Cihanbeyli","tur":"Devlet","brans":"Genel","acil":true,"yatak":null,"isletmeci":"","telefon":"+90 332 673 40 93","web":"","adres":"","osm":"https://www.openstreetmap.org/way/778785588"},"geometry":{"type":"Point","coordinates":[32.92164,38.66603]}},{"type":"Feature","properties":{"_id":"w781364621","ad":"Divriği Sadık Özgür Devlet Hastanesi","il":"Sivas","ilce":"Divriği","tur":"Devlet","brans":"Dal hastanesi","acil":true,"yatak":null,"isletmeci":"Sağlık Bakanlığı","telefon":"+90 346 418 1064","web":"","adres":"Atatürk Caddesi 590","osm":"https://www.openstreetmap.org/way/781364621"},"geometry":{"type":"Point","coordinates":[38.10685,39.35331]}},{"type":"Feature","properties":{"_id":"w784544461","ad":"Gemlik Devlet Hastanesi","il":"Bursa","ilce":"","tur":"Devlet","brans":"Genel","acil":null,"yatak":null,"isletmeci":"Sağlık Bakanlığı","telefon":"","web":"","adres":"","osm":"https://www.openstreetmap.org/way/784544461"},"geometry":{"type":"Point","coordinates":[29.18564,40.43296]}},{"type":"Feature","properties":{"_id":"w785092798","ad":"Taksim Eğitim ve Araştırma Hastanesi","il":"İstanbul","ilce":"Beyoğlu","tur":"Eğitim ve araştırma","brans":"Genel","acil":true,"yatak":null,"isletmeci":"Sağlık Bakanlığı","telefon":"","web":"https://taksimeah.saglik.gov.tr/","adres":"Sıraselviler Cad. 48","osm":"https://www.openstreetmap.org/way/785092798"},"geometry":{"type":"Point","coordinates":[28.98313,41.03309]}},{"type":"Feature","properties":{"_id":"w785176263","ad":"Özel Konak Hastanesi","il":"Kocaeli","ilce":"","tur":"Özel","brans":"Genel","acil":null,"yatak":null,"isletmeci":"","telefon":"","web":"","adres":"","osm":"https://www.openstreetmap.org/way/785176263"},"geometry":{"type":"Point","coordinates":[29.96579,40.76404]}},{"type":"Feature","properties":{"_id":"w785341595","ad":"Fuar Hastanesi","il":"Afyonkarahisar","ilce":"Merkez","tur":"Belirsiz","brans":"Dal hastanesi","acil":true,"yatak":null,"isletmeci":"","telefon":"","web":"","adres":"","osm":"https://www.openstreetmap.org/way/785341595"},"geometry":{"type":"Point","coordinates":[30.56904,38.76531]}},{"type":"Feature","properties":{"_id":"w785390222","ad":"Safranbolu Devlet Hastanesi","il":"Karabük","ilce":"","tur":"Devlet","brans":"Genel","acil":true,"yatak":null,"isletmeci":"Sağlık Bakanlığı","telefon":"","web":"","adres":"","osm":"https://www.openstreetmap.org/way/785390222"},"geometry":{"type":"Point","coordinates":[32.68508,41.25275]}},{"type":"Feature","properties":{"_id":"w785574518","ad":"Dr. Halil İbrahim Özsoy Bolvadin Devlet Hastanesi","il":"Afyonkarahisar","ilce":"Bolvadin","tur":"Devlet","brans":"Genel","acil":true,"yatak":null,"isletmeci":"Sağlık Bakanlığı","telefon":"+90 272 612 9100","web":"","adres":"","osm":"https://www.openstreetmap.org/way/785574518"},"geometry":{"type":"Point","coordinates":[31.04665,38.7305]}},{"type":"Feature","properties":{"_id":"w788173731","ad":"Adana Halk Sağlığı Laboratuvarı","il":"Adana","ilce":"","tur":"Devlet","brans":"Genel","acil":null,"yatak":null,"isletmeci":"","telefon":"","web":"","adres":"","osm":"https://www.openstreetmap.org/way/788173731"},"geometry":{"type":"Point","coordinates":[35.32817,36.99906]}},{"type":"Feature","properties":{"_id":"w790323052","ad":"Isparta Şehir Hastanesi","il":"Isparta","ilce":"Merkez","tur":"Şehir hastanesi","brans":"Genel","acil":true,"yatak":null,"isletmeci":"","telefon":"0246 213 44 00","web":"","adres":"","osm":"https://www.openstreetmap.org/way/790323052"},"geometry":{"type":"Point","coordinates":[30.56117,37.77695]}},{"type":"Feature","properties":{"_id":"w793003829","ad":"Başakşehir Çam ve Sakura Şehir Hastanesi","il":"İstanbul","ilce":"Başakşehir","tur":"Şehir hastanesi","brans":"Dal hastanesi","acil":true,"yatak":2682,"isletmeci":"Sağlık Bakanlığı","telefon":"+90 212 909 60 00","web":"https://camsakurasehir.saglik.gov.tr/","adres":"","osm":"https://www.openstreetmap.org/way/793003829"},"geometry":{"type":"Point","coordinates":[28.77643,41.10453]}},{"type":"Feature","properties":{"_id":"w793149220","ad":"Karkamış Devlet Hastanesi","il":"Gaziantep","ilce":"Karkamış","tur":"Devlet","brans":"Genel","acil":true,"yatak":null,"isletmeci":"","telefon":"","web":"","adres":"","osm":"https://www.openstreetmap.org/way/793149220"},"geometry":{"type":"Point","coordinates":[38.00208,36.83727]}},{"type":"Feature","properties":{"_id":"w795405724","ad":"İznik Devlet Hastanesi","il":"Bursa","ilce":"","tur":"Devlet","brans":"Genel","acil":true,"yatak":null,"isletmeci":"Sağlık Bakanlığı","telefon":"+90 224 757 75 80","web":"","adres":"","osm":"https://www.openstreetmap.org/way/795405724"},"geometry":{"type":"Point","coordinates":[29.71718,40.44356]}},{"type":"Feature","properties":{"_id":"w796500348","ad":"Demirci Devlet Hastanesi","il":"Manisa","ilce":"Demirci","tur":"Devlet","brans":"Genel","acil":true,"yatak":null,"isletmeci":"Sağlık Bakanlığı","telefon":"+90 236 462 13 08","web":"","adres":"","osm":"https://www.openstreetmap.org/way/796500348"},"geometry":{"type":"Point","coordinates":[28.64165,39.02763]}},{"type":"Feature","properties":{"_id":"w799476548","ad":"Beytüşşebap Devlet Hastanesi","il":"Şırnak","ilce":"Beytüşşebap","tur":"Devlet","brans":"Genel","acil":true,"yatak":null,"isletmeci":"","telefon":"+90 486 311 21 99","web":"","adres":"","osm":"https://www.openstreetmap.org/way/799476548"},"geometry":{"type":"Point","coordinates":[43.15955,37.56998]}},{"type":"Feature","properties":{"_id":"w799608327","ad":"Kadın Doğum Ve Çocuk Hastanesi","il":"Siirt","ilce":"","tur":"Devlet","brans":"Kadın doğum / çocuk","acil":false,"yatak":null,"isletmeci":"","telefon":"","web":"","adres":"","osm":"https://www.openstreetmap.org/way/799608327"},"geometry":{"type":"Point","coordinates":[41.92648,37.92223]}},{"type":"Feature","properties":{"_id":"w799744746","ad":"Tortum İlçe Devlet Hastanesi","il":"Erzurum","ilce":"Tortum","tur":"Devlet","brans":"Genel","acil":true,"yatak":null,"isletmeci":"Sağlık Bakanlığı","telefon":"","web":"","adres":"","osm":"https://www.openstreetmap.org/way/799744746"},"geometry":{"type":"Point","coordinates":[41.54325,40.29893]}},{"type":"Feature","properties":{"_id":"w799761265","ad":"Narman Devlet Hastanesi","il":"Erzurum","ilce":"Narman","tur":"Devlet","brans":"Genel","acil":true,"yatak":null,"isletmeci":"","telefon":"","web":"","adres":"","osm":"https://www.openstreetmap.org/way/799761265"},"geometry":{"type":"Point","coordinates":[41.85732,40.34934]}},{"type":"Feature","properties":{"_id":"w802798665","ad":"Çaycuma Devlet Hastanesi","il":"Zonguldak","ilce":"","tur":"Devlet","brans":"Genel","acil":null,"yatak":null,"isletmeci":"Sağlık Bakanlığı","telefon":"","web":"","adres":"","osm":"https://www.openstreetmap.org/way/802798665"},"geometry":{"type":"Point","coordinates":[32.06889,41.42433]}},{"type":"Feature","properties":{"_id":"w804028921","ad":"Sancaktepe Prof. Dr. Feriha Öz Acil Durum Hastanesi","il":"İstanbul","ilce":"","tur":"Devlet","brans":"Genel","acil":true,"yatak":null,"isletmeci":"Sağlık Bakanlığı","telefon":"","web":"","adres":"","osm":"https://www.openstreetmap.org/way/804028921"},"geometry":{"type":"Point","coordinates":[29.21059,41.00021]}},{"type":"Feature","properties":{"_id":"w804462112","ad":"İslahiye Devlet Hastanesi","il":"Gaziantep","ilce":"İslahiye","tur":"Devlet","brans":"Genel","acil":true,"yatak":null,"isletmeci":"Sağlık Bakanlığı","telefon":"","web":"","adres":"","osm":"https://www.openstreetmap.org/way/804462112"},"geometry":{"type":"Point","coordinates":[36.62866,37.04484]}},{"type":"Feature","properties":{"_id":"w805125672","ad":"Hatay Devlet Hastanesi","il":"Hatay","ilce":"","tur":"Devlet","brans":"Genel","acil":null,"yatak":null,"isletmeci":"","telefon":"","web":"","adres":"","osm":"https://www.openstreetmap.org/way/805125672"},"geometry":{"type":"Point","coordinates":[36.22452,36.26995]}},{"type":"Feature","properties":{"_id":"w807152282","ad":"Selendi Devlet Hastanesi","il":"Manisa","ilce":"","tur":"Devlet","brans":"Genel","acil":true,"yatak":null,"isletmeci":"Sağlık Bakanlığı","telefon":"","web":"","adres":"","osm":"https://www.openstreetmap.org/way/807152282"},"geometry":{"type":"Point","coordinates":[28.86834,38.74653]}},{"type":"Feature","properties":{"_id":"w808107703","ad":"Turhal Devlet Hastanesi","il":"Tokat","ilce":"","tur":"Devlet","brans":"Genel","acil":true,"yatak":null,"isletmeci":"Sağlık Bakanlığı","telefon":"+90 356 275 15 50","web":"","adres":"","osm":"https://www.openstreetmap.org/way/808107703"},"geometry":{"type":"Point","coordinates":[36.07675,40.38484]}},{"type":"Feature","properties":{"_id":"w808146640","ad":"Mecitözü İlçe Devlet Hastanesi","il":"Çorum","ilce":"","tur":"Devlet","brans":"Genel","acil":true,"yatak":null,"isletmeci":"Sağlık Bakanlığı","telefon":"","web":"https://mecitozudh.saglik.gov.tr/","adres":"","osm":"https://www.openstreetmap.org/way/808146640"},"geometry":{"type":"Point","coordinates":[35.28857,40.52278]}},{"type":"Feature","properties":{"_id":"w810270383","ad":"Ezine Devlet Hastanesi","il":"Çanakkale","ilce":"","tur":"Devlet","brans":"Genel","acil":null,"yatak":null,"isletmeci":"","telefon":"","web":"","adres":"","osm":"https://www.openstreetmap.org/way/810270383"},"geometry":{"type":"Point","coordinates":[26.35087,39.7763]}},{"type":"Feature","properties":{"_id":"w812715482","ad":"Lapseki Devlet Hastanesi","il":"Çanakkale","ilce":"","tur":"Devlet","brans":"Genel","acil":null,"yatak":null,"isletmeci":"","telefon":"","web":"","adres":"","osm":"https://www.openstreetmap.org/way/812715482"},"geometry":{"type":"Point","coordinates":[26.6634,40.33041]}},{"type":"Feature","properties":{"_id":"w812892644","ad":"Arhavi Devlet Hastanesi","il":"Artvin","ilce":"","tur":"Devlet","brans":"Genel","acil":null,"yatak":null,"isletmeci":"","telefon":"","web":"","adres":"","osm":"https://www.openstreetmap.org/way/812892644"},"geometry":{"type":"Point","coordinates":[41.29955,41.35141]}},{"type":"Feature","properties":{"_id":"w812927702","ad":"Birecik Devlet Hastanesi","il":"Şanlıurfa","ilce":"","tur":"Devlet","brans":"Genel","acil":true,"yatak":null,"isletmeci":"","telefon":"+904146521083","web":"","adres":"","osm":"https://www.openstreetmap.org/way/812927702"},"geometry":{"type":"Point","coordinates":[37.9868,37.02461]}},{"type":"Feature","properties":{"_id":"w813596805","ad":"Darende Hulusi Efendi Devlet Hastanesi","il":"Malatya","ilce":"Darende","tur":"Devlet","brans":"Genel","acil":true,"yatak":null,"isletmeci":"","telefon":"+904226151011","web":"","adres":"","osm":"https://www.openstreetmap.org/way/813596805"},"geometry":{"type":"Point","coordinates":[37.48914,38.56734]}},{"type":"Feature","properties":{"_id":"w817841932","ad":"Diyadin Devlet Hastanesi","il":"Ağrı","ilce":"Diyadin","tur":"Devlet","brans":"Genel","acil":true,"yatak":null,"isletmeci":"Sağlık Bakanlığı","telefon":"+90 472 511 24 76","web":"https://diyadindh.saglik.gov.tr/","adres":"","osm":"https://www.openstreetmap.org/way/817841932"},"geometry":{"type":"Point","coordinates":[43.66283,39.55393]}},{"type":"Feature","properties":{"_id":"w822227989","ad":"Banaz Devlet Hastanesi","il":"Uşak","ilce":"Banaz","tur":"Devlet","brans":"Genel","acil":true,"yatak":null,"isletmeci":"Sağlık Bakanlığı","telefon":"+90 276 315 13 48","web":"","adres":"","osm":"https://www.openstreetmap.org/way/822227989"},"geometry":{"type":"Point","coordinates":[29.74,38.73759]}},{"type":"Feature","properties":{"_id":"w824867873","ad":"İstanbul Fizik Tedavi ve Rehabilitasyon Eğitim Ve Araştırma Hastanesi","il":"İstanbul","ilce":"","tur":"Eğitim ve araştırma","brans":"Dal hastanesi","acil":null,"yatak":null,"isletmeci":"","telefon":"","web":"","adres":"","osm":"https://www.openstreetmap.org/way/824867873"},"geometry":{"type":"Point","coordinates":[28.85461,40.99529]}},{"type":"Feature","properties":{"_id":"w824944376","ad":"Sarıyer İsmail Akgün Devlet Hastanesi","il":"İstanbul","ilce":"","tur":"Devlet","brans":"Genel","acil":null,"yatak":null,"isletmeci":"","telefon":"","web":"","adres":"","osm":"https://www.openstreetmap.org/way/824944376"},"geometry":{"type":"Point","coordinates":[29.05671,41.16942]}},{"type":"Feature","properties":{"_id":"w830331644","ad":"Şarköy Devlet Hastanesi","il":"Tekirdağ","ilce":"Şarköy","tur":"Devlet","brans":"Genel","acil":true,"yatak":null,"isletmeci":"Sağlık Bakanlığı","telefon":"+90 282 518 1343","web":"https://sarkoydh.saglik.gov.tr/","adres":"Tavşan Pınar Mevkii Sokak 2","osm":"https://www.openstreetmap.org/way/830331644"},"geometry":{"type":"Point","coordinates":[27.09415,40.62]}},{"type":"Feature","properties":{"_id":"w835673410","ad":"Orhangazi Devlet Hastanesi","il":"Bursa","ilce":"","tur":"Devlet","brans":"Genel","acil":null,"yatak":null,"isletmeci":"","telefon":"","web":"","adres":"","osm":"https://www.openstreetmap.org/way/835673410"},"geometry":{"type":"Point","coordinates":[29.29931,40.49716]}},{"type":"Feature","properties":{"_id":"w836363002","ad":"Silivri Kolan Hastanesi","il":"İstanbul","ilce":"","tur":"Belirsiz","brans":"Genel","acil":true,"yatak":null,"isletmeci":"","telefon":"+90 212 727 4848","web":"https://kolanhastanesi.com.tr/","adres":"","osm":"https://www.openstreetmap.org/way/836363002"},"geometry":{"type":"Point","coordinates":[28.25844,41.07208]}},{"type":"Feature","properties":{"_id":"w836676030","ad":"Acıbadem Dr. Şinasi Can (Kadıköy) Hastanesi","il":"İstanbul","ilce":"Kadıköy","tur":"Özel","brans":"Genel","acil":true,"yatak":138,"isletmeci":"Acıbadem","telefon":"+90 216 544 4444","web":"https://www.acibadem.com.tr/hastane/kadikoy-hastanesi/","adres":"Tekin Sokağı 8","osm":"https://www.openstreetmap.org/way/836676030"},"geometry":{"type":"Point","coordinates":[29.04291,41.00716]}},{"type":"Feature","properties":{"_id":"w838436357","ad":"Yedikule Surp Pırgiç Ermeni Hastanesi","il":"İstanbul","ilce":"Fatih","tur":"Belirsiz","brans":"Genel","acil":true,"yatak":null,"isletmeci":"","telefon":"0850 811 50 52","web":"https://www.surppirgic.com/","adres":"Zakirbaşı Sokak 32","osm":"https://www.openstreetmap.org/way/838436357"},"geometry":{"type":"Point","coordinates":[28.9154,40.9939]}},{"type":"Feature","properties":{"_id":"w841492428","ad":"Kurşunlu Devlet Hastanesi","il":"Çankırı","ilce":"","tur":"Devlet","brans":"Genel","acil":true,"yatak":null,"isletmeci":"Sağlık Bakanlığı","telefon":"","web":"","adres":"","osm":"https://www.openstreetmap.org/way/841492428"},"geometry":{"type":"Point","coordinates":[33.28493,40.83915]}},{"type":"Feature","properties":{"_id":"w847962561","ad":"Yeşilhisar Devlet Hastanesi","il":"Kayseri","ilce":"","tur":"Devlet","brans":"Genel","acil":true,"yatak":null,"isletmeci":"","telefon":"","web":"","adres":"","osm":"https://www.openstreetmap.org/way/847962561"},"geometry":{"type":"Point","coordinates":[35.08669,38.35734]}},{"type":"Feature","properties":{"_id":"w853366400","ad":"Bigadiç Devlet Hastanesi","il":"Balıkesir","ilce":"Bigadiç","tur":"Devlet","brans":"Genel","acil":true,"yatak":null,"isletmeci":"Sağlık Bakanlığı","telefon":"+90 266 614 13 00","web":"","adres":"","osm":"https://www.openstreetmap.org/way/853366400"},"geometry":{"type":"Point","coordinates":[28.12668,39.39999]}},{"type":"Feature","properties":{"_id":"w853705730","ad":"Karataş Devlet Hastanesi","il":"Adana","ilce":"","tur":"Devlet","brans":"Genel","acil":true,"yatak":null,"isletmeci":"","telefon":"","web":"","adres":"","osm":"https://www.openstreetmap.org/way/853705730"},"geometry":{"type":"Point","coordinates":[35.38191,36.58849]}},{"type":"Feature","properties":{"_id":"w855874810","ad":"Dr. Vefa Tanır Ilgın Devlet Hastanesi","il":"Konya","ilce":"Ilgın","tur":"Devlet","brans":"Genel","acil":true,"yatak":null,"isletmeci":"Sağlık Bakanlığı","telefon":"+90 332 881 61 00","web":"","adres":"","osm":"https://www.openstreetmap.org/way/855874810"},"geometry":{"type":"Point","coordinates":[31.89508,38.2853]}},{"type":"Feature","properties":{"_id":"w857219454","ad":"Emirdağ Devlet Hastanesi","il":"Afyonkarahisar","ilce":"Emirdağ","tur":"Devlet","brans":"Genel","acil":true,"yatak":null,"isletmeci":"","telefon":"","web":"","adres":"","osm":"https://www.openstreetmap.org/way/857219454"},"geometry":{"type":"Point","coordinates":[31.14438,39.00573]}},{"type":"Feature","properties":{"_id":"w858394391","ad":"Hafik Hacı Esma Kocacık İlçe Hastanesi","il":"Sivas","ilce":"","tur":"Devlet","brans":"Genel","acil":true,"yatak":null,"isletmeci":"","telefon":"","web":"","adres":"","osm":"https://www.openstreetmap.org/way/858394391"},"geometry":{"type":"Point","coordinates":[37.38824,39.85444]}},{"type":"Feature","properties":{"_id":"w858616228","ad":"Sarıkamıs Devlet Hastanesi","il":"Kars","ilce":"Sarıkamış","tur":"Devlet","brans":"Genel","acil":true,"yatak":null,"isletmeci":"Sağlık Bakanlığı","telefon":"+90 474 413 55 54","web":"","adres":"","osm":"https://www.openstreetmap.org/way/858616228"},"geometry":{"type":"Point","coordinates":[42.60073,40.33372]}},{"type":"Feature","properties":{"_id":"w858855030","ad":"Ayancık Devlet Hastanesi","il":"Sinop","ilce":"","tur":"Devlet","brans":"Genel","acil":true,"yatak":null,"isletmeci":"","telefon":"","web":"","adres":"","osm":"https://www.openstreetmap.org/way/858855030"},"geometry":{"type":"Point","coordinates":[34.58445,41.92712]}},{"type":"Feature","properties":{"_id":"w858908132","ad":"Bozkır Devlet Hastanesi","il":"Konya","ilce":"","tur":"Devlet","brans":"Genel","acil":null,"yatak":null,"isletmeci":"Sağlık Bakanlığı","telefon":"","web":"","adres":"","osm":"https://www.openstreetmap.org/way/858908132"},"geometry":{"type":"Point","coordinates":[32.22721,37.18928]}},{"type":"Feature","properties":{"_id":"w859713202","ad":"Kırıkhan Devlet Hastanesi","il":"Hatay","ilce":"Kırıkhan","tur":"Devlet","brans":"Genel","acil":true,"yatak":null,"isletmeci":"","telefon":"+90 326 344 38 39","web":"","adres":"","osm":"https://www.openstreetmap.org/way/859713202"},"geometry":{"type":"Point","coordinates":[36.33601,36.48838]}},{"type":"Feature","properties":{"_id":"w860380345","ad":"Liv Hospital","il":"Gaziantep","ilce":"","tur":"Özel","brans":"Genel","acil":null,"yatak":null,"isletmeci":"Liv Hospital","telefon":"","web":"","adres":"","osm":"https://www.openstreetmap.org/way/860380345"},"geometry":{"type":"Point","coordinates":[37.41425,37.07016]}},{"type":"Feature","properties":{"_id":"w861271559","ad":"Dr. Yusuf Azizoğlu Silvan Devlet Hastanesi","il":"Diyarbakır","ilce":"Silvan","tur":"Devlet","brans":"Genel","acil":true,"yatak":null,"isletmeci":"Sağlık Bakanlığı","telefon":"+90 412 711 50 05","web":"https://silvandh.saglik.gov.tr/","adres":"","osm":"https://www.openstreetmap.org/way/861271559"},"geometry":{"type":"Point","coordinates":[40.96837,38.15587]}},{"type":"Feature","properties":{"_id":"w861302200","ad":"Şehir Hastanesi","il":"Kayseri","ilce":"","tur":"Şehir hastanesi","brans":"Genel","acil":null,"yatak":null,"isletmeci":"","telefon":"","web":"https://kayserisehir.saglik.gov.tr/","adres":"Muhsin Yazıcıoğlu Bulvarı 77","osm":"https://www.openstreetmap.org/way/861302200"},"geometry":{"type":"Point","coordinates":[35.40903,38.76811]}},{"type":"Feature","properties":{"_id":"w862461340","ad":"Manisa Alaşehir Devlet Hastanesi","il":"Manisa","ilce":"Alaşehir","tur":"Devlet","brans":"Genel","acil":true,"yatak":null,"isletmeci":"","telefon":"+90 236 653 10 65","web":"","adres":"","osm":"https://www.openstreetmap.org/way/862461340"},"geometry":{"type":"Point","coordinates":[28.53318,38.34169]}},{"type":"Feature","properties":{"_id":"w863755669","ad":"Havza Devlet Hastanesi","il":"Samsun","ilce":"Havza","tur":"Devlet","brans":"Genel","acil":true,"yatak":null,"isletmeci":"","telefon":"+90 362 714 16 00","web":"","adres":"","osm":"https://www.openstreetmap.org/way/863755669"},"geometry":{"type":"Point","coordinates":[35.67712,40.9798]}},{"type":"Feature","properties":{"_id":"w864146796","ad":"Dursunbey Devlet Hastanesi","il":"Balıkesir","ilce":"Dursunbey","tur":"Devlet","brans":"Genel","acil":true,"yatak":null,"isletmeci":"","telefon":"+90 266 662 10 40","web":"https://dursunbeydh.saglik.gov.tr/","adres":"","osm":"https://www.openstreetmap.org/way/864146796"},"geometry":{"type":"Point","coordinates":[28.63125,39.59202]}},{"type":"Feature","properties":{"_id":"w864700743","ad":"Yenişehir Devlet Hastanesi","il":"Bursa","ilce":"","tur":"Devlet","brans":"Genel","acil":true,"yatak":null,"isletmeci":"Sağlık Bakanlığı","telefon":"","web":"","adres":"","osm":"https://www.openstreetmap.org/way/864700743"},"geometry":{"type":"Point","coordinates":[29.63204,40.26701]}},{"type":"Feature","properties":{"_id":"w865641866","ad":"Tınaztepe Galen Hastanesi","il":"İzmir","ilce":"Bayraklı","tur":"Üniversite","brans":"Genel","acil":true,"yatak":null,"isletmeci":"İzmir Tınaztepe Üniversitesi","telefon":"+90 232 966 14 14","web":"","adres":"250. Sokak 23","osm":"https://www.openstreetmap.org/way/865641866"},"geometry":{"type":"Point","coordinates":[27.19444,38.46377]}},{"type":"Feature","properties":{"_id":"w865678354","ad":"Selçuk Üniversitesi Tıp Fakültesi Hastanesi","il":"Konya","ilce":"Konya","tur":"Üniversite","brans":"Genel","acil":true,"yatak":null,"isletmeci":"","telefon":"","web":"","adres":"","osm":"https://www.openstreetmap.org/way/865678354"},"geometry":{"type":"Point","coordinates":[32.51203,38.02074]}},{"type":"Feature","properties":{"_id":"w865968487","ad":"Alsancak Nevvar - Salih İşgören Devlet Hastanesi","il":"İzmir","ilce":"Konak","tur":"Devlet","brans":"Genel","acil":null,"yatak":null,"isletmeci":"Sağlık Bakanlığı","telefon":"+90 232 463 64 65","web":"https://alsancakdh.saglik.gov.tr/","adres":"Ali Çetinkaya Bulvarı 26","osm":"https://www.openstreetmap.org/way/865968487"},"geometry":{"type":"Point","coordinates":[27.14309,38.43408]}},{"type":"Feature","properties":{"_id":"w866464654","ad":"Emot Hastanesi","il":"İzmir","ilce":"Konak","tur":"Belirsiz","brans":"Genel","acil":true,"yatak":null,"isletmeci":"","telefon":"","web":"","adres":"1418. Sokak","osm":"https://www.openstreetmap.org/way/866464654"},"geometry":{"type":"Point","coordinates":[27.15091,38.42603]}},{"type":"Feature","properties":{"_id":"w866653469","ad":"AsMed","il":"İstanbul","ilce":"Ataşehir","tur":"Belirsiz","brans":"Genel","acil":null,"yatak":null,"isletmeci":"","telefon":"","web":"https://www.hairtransplantfue.org/","adres":"","osm":"https://www.openstreetmap.org/way/866653469"},"geometry":{"type":"Point","coordinates":[29.11605,40.9921]}},{"type":"Feature","properties":{"_id":"w866786285","ad":"Ataşehir Florence Nightingale","il":"İstanbul","ilce":"Ataşehir","tur":"Özel","brans":"Genel","acil":null,"yatak":null,"isletmeci":"","telefon":"","web":"https://www.florence.com.tr/atasehir-florence-nightingale-hastanesi","adres":"Şenlik Sokağı","osm":"https://www.openstreetmap.org/way/866786285"},"geometry":{"type":"Point","coordinates":[29.10927,40.98455]}},{"type":"Feature","properties":{"_id":"w866786287","ad":"Özel Ataşehir Florence Nightingale Hastanesi","il":"İstanbul","ilce":"Ataşehir","tur":"Özel","brans":"Genel","acil":null,"yatak":null,"isletmeci":"","telefon":"","web":"https://www.florence.com.tr/atasehir-florence-nightingale-hastanesi","adres":"Işıklar Caddesi 35/A","osm":"https://www.openstreetmap.org/way/866786287"},"geometry":{"type":"Point","coordinates":[29.10877,40.98478]}},{"type":"Feature","properties":{"_id":"w866786288","ad":"Esthetica","il":"İstanbul","ilce":"Ataşehir","tur":"Belirsiz","brans":"Dal hastanesi","acil":null,"yatak":null,"isletmeci":"","telefon":"","web":"https://estethica.com.tr","adres":"Işıklar Caddesi 28","osm":"https://www.openstreetmap.org/way/866786288"},"geometry":{"type":"Point","coordinates":[29.11,40.98517]}},{"type":"Feature","properties":{"_id":"w868433518","ad":"Özel İzmir Ege Laboratuarı","il":"İzmir","ilce":"Konak","tur":"Özel","brans":"Dal hastanesi","acil":false,"yatak":null,"isletmeci":"Özel","telefon":"","web":"","adres":"1397. Sokak","osm":"https://www.openstreetmap.org/way/868433518"},"geometry":{"type":"Point","coordinates":[27.14856,38.42527]}},{"type":"Feature","properties":{"_id":"w868433525","ad":"Özel Medical Park İzmir Hastanesi","il":"İzmir","ilce":"Konak","tur":"Özel","brans":"Genel","acil":true,"yatak":null,"isletmeci":"","telefon":"","web":"","adres":"1397. Sokak 1","osm":"https://www.openstreetmap.org/way/868433525"},"geometry":{"type":"Point","coordinates":[27.14977,38.42501]}},{"type":"Feature","properties":{"_id":"w868995487","ad":"Beykent Üniversitesi Hastanesi","il":"İstanbul","ilce":"Büyükçekmece","tur":"Üniversite","brans":"Genel","acil":true,"yatak":null,"isletmeci":"Beykent Üniversitesi","telefon":"","web":"","adres":"Gürpınar Yolu Caddesi 1","osm":"https://www.openstreetmap.org/way/868995487"},"geometry":{"type":"Point","coordinates":[28.62628,41.01753]}},{"type":"Feature","properties":{"_id":"w870665820","ad":"Abana Devlet Hastanesi","il":"Kastamonu","ilce":"","tur":"Devlet","brans":"Genel","acil":true,"yatak":null,"isletmeci":"","telefon":"","web":"","adres":"","osm":"https://www.openstreetmap.org/way/870665820"},"geometry":{"type":"Point","coordinates":[34.0083,41.97674]}},{"type":"Feature","properties":{"_id":"w874528048","ad":"Yalvaç Devlet Hastanesi","il":"Isparta","ilce":"Yalvaç","tur":"Devlet","brans":"Genel","acil":true,"yatak":null,"isletmeci":"Sağlık Bakanlığı","telefon":"+90 246 441 72 80","web":"","adres":"","osm":"https://www.openstreetmap.org/way/874528048"},"geometry":{"type":"Point","coordinates":[31.18102,38.28705]}},{"type":"Feature","properties":{"_id":"w874588426","ad":"Uluborlu Devlet Hastanesi","il":"Isparta","ilce":"","tur":"Devlet","brans":"Genel","acil":true,"yatak":null,"isletmeci":"Sağlık Bakanlığı","telefon":"","web":"","adres":"","osm":"https://www.openstreetmap.org/way/874588426"},"geometry":{"type":"Point","coordinates":[30.45699,38.07778]}},{"type":"Feature","properties":{"_id":"w875361613","ad":"Hacettepe Üniversitesi Hastanesi","il":"Ankara","ilce":"Altındağ","tur":"Üniversite","brans":"Genel","acil":true,"yatak":null,"isletmeci":"Hacettepe Üniversitesi","telefon":"+90 312 305 50 00","web":"https://www.hastane.hacettepe.edu.tr/index.php","adres":"Talatpaşa Bulvarı","osm":"https://www.openstreetmap.org/way/875361613"},"geometry":{"type":"Point","coordinates":[32.86395,39.93128]}},{"type":"Feature","properties":{"_id":"w878254965","ad":"Suruç Devlet Hastanesi","il":"Şanlıurfa","ilce":"Suruç","tur":"Devlet","brans":"Genel","acil":true,"yatak":null,"isletmeci":"Sağlık Bakanlığı","telefon":"+90 414 611 30 68","web":"https://surucdh.saglik.gov.tr/","adres":"Mis Sokak 30","osm":"https://www.openstreetmap.org/way/878254965"},"geometry":{"type":"Point","coordinates":[38.42157,36.986]}},{"type":"Feature","properties":{"_id":"w880806742","ad":"Özel Kudret Göz Hastanesi","il":"İstanbul","ilce":"","tur":"Özel","brans":"Dal hastanesi","acil":null,"yatak":null,"isletmeci":"","telefon":"","web":"","adres":"","osm":"https://www.openstreetmap.org/way/880806742"},"geometry":{"type":"Point","coordinates":[29.03298,40.99814]}},{"type":"Feature","properties":{"_id":"w884117284","ad":"Özel Metropol Hastanesi","il":"İzmir","ilce":"Çiğli","tur":"Özel","brans":"Genel","acil":true,"yatak":null,"isletmeci":"Metropol Hastaneleri","telefon":"","web":"","adres":"Anadolu Caddesi No:1169","osm":"https://www.openstreetmap.org/way/884117284"},"geometry":{"type":"Point","coordinates":[27.05263,38.50157]}},{"type":"Feature","properties":{"_id":"w885940518","ad":"Kızılcahamam Devlet Hastanesi","il":"Ankara","ilce":"Kızılcahamam","tur":"Devlet","brans":"Genel","acil":true,"yatak":null,"isletmeci":"Sağlık Bakanlığı","telefon":"","web":"","adres":"Akyüzler Caddesi 1","osm":"https://www.openstreetmap.org/way/885940518"},"geometry":{"type":"Point","coordinates":[32.65363,40.47663]}},{"type":"Feature","properties":{"_id":"w886033403","ad":"Özel Elitpark Hastanesi","il":"Çorum","ilce":"","tur":"Özel","brans":"Genel","acil":true,"yatak":null,"isletmeci":"","telefon":"","web":"","adres":"","osm":"https://www.openstreetmap.org/way/886033403"},"geometry":{"type":"Point","coordinates":[34.975,40.55482]}},{"type":"Feature","properties":{"_id":"w886138948","ad":"Hasanpaşa Göğüs Hastalıkları Hastanesi","il":"Çorum","ilce":"","tur":"Devlet","brans":"Dal hastanesi","acil":null,"yatak":null,"isletmeci":"","telefon":"","web":"","adres":"","osm":"https://www.openstreetmap.org/way/886138948"},"geometry":{"type":"Point","coordinates":[34.95386,40.53853]}},{"type":"Feature","properties":{"_id":"w886393776","ad":"Çağıner Hastanesi","il":"İstanbul","ilce":"","tur":"Belirsiz","brans":"Genel","acil":null,"yatak":null,"isletmeci":"","telefon":"","web":"","adres":"","osm":"https://www.openstreetmap.org/way/886393776"},"geometry":{"type":"Point","coordinates":[29.04517,40.9962]}},{"type":"Feature","properties":{"_id":"w887299715","ad":"Hitit Üniversitesi Erol Olçok Eğitim ve Araştırma Hastanesi","il":"Çorum","ilce":"","tur":"Eğitim ve araştırma","brans":"Genel","acil":null,"yatak":null,"isletmeci":"","telefon":"","web":"","adres":"","osm":"https://www.openstreetmap.org/way/887299715"},"geometry":{"type":"Point","coordinates":[34.9265,40.53302]}},{"type":"Feature","properties":{"_id":"w892712479","ad":"Mnegen İlçe Devlet Hastanesi","il":"Bolu","ilce":"Mnegen","tur":"Devlet","brans":"Genel","acil":true,"yatak":null,"isletmeci":"Sağlık Bakanlığı","telefon":"","web":"","adres":"","osm":"https://www.openstreetmap.org/way/892712479"},"geometry":{"type":"Point","coordinates":[32.07534,40.9457]}},{"type":"Feature","properties":{"_id":"w893633149","ad":"Erfelek Devlet Hastanesi","il":"Sinop","ilce":"","tur":"Devlet","brans":"Genel","acil":null,"yatak":null,"isletmeci":"","telefon":"","web":"","adres":"","osm":"https://www.openstreetmap.org/way/893633149"},"geometry":{"type":"Point","coordinates":[34.90935,41.87787]}},{"type":"Feature","properties":{"_id":"w896972620","ad":"Kocaeli Entegre Sağlık Kampüsü","il":"Kocaeli","ilce":"","tur":"Devlet","brans":"Genel","acil":true,"yatak":null,"isletmeci":"T.C. Sağlık Bakanlığı","telefon":"","web":"","adres":"","osm":"https://www.openstreetmap.org/way/896972620"},"geometry":{"type":"Point","coordinates":[29.95798,40.78199]}},{"type":"Feature","properties":{"_id":"w897675319","ad":"Ağlasun Entegre İlçe Devlet Hastanesi","il":"Burdur","ilce":"","tur":"Devlet","brans":"Genel","acil":true,"yatak":null,"isletmeci":"","telefon":"","web":"","adres":"","osm":"https://www.openstreetmap.org/way/897675319"},"geometry":{"type":"Point","coordinates":[30.53041,37.65096]}},{"type":"Feature","properties":{"_id":"w899763597","ad":"Beşiri Devlet Hastanesi","il":"Batman","ilce":"Beşiri","tur":"Devlet","brans":"Genel","acil":true,"yatak":null,"isletmeci":"Sağlık Bakanlığı","telefon":"+90 488 311 21 23","web":"https://besiridh.saglik.gov.tr/","adres":"Hastane Caddesi 3","osm":"https://www.openstreetmap.org/way/899763597"},"geometry":{"type":"Point","coordinates":[41.28585,37.92129]}},{"type":"Feature","properties":{"_id":"w900665423","ad":"Karadeniz Ereğli Devlet Hastanesi","il":"Zonguldak","ilce":"","tur":"Devlet","brans":"Genel","acil":true,"yatak":null,"isletmeci":"","telefon":"","web":"","adres":"","osm":"https://www.openstreetmap.org/way/900665423"},"geometry":{"type":"Point","coordinates":[31.49207,41.28098]}},{"type":"Feature","properties":{"_id":"w901594272","ad":"Gebze Fatih Devlet Hastanesi","il":"Kocaeli","ilce":"","tur":"Devlet","brans":"Genel","acil":true,"yatak":null,"isletmeci":"Türkiye Cumhuriyeti Sağlık Bakanlığı","telefon":"","web":"","adres":"","osm":"https://www.openstreetmap.org/way/901594272"},"geometry":{"type":"Point","coordinates":[29.42053,40.79067]}},{"type":"Feature","properties":{"_id":"w903541482","ad":"Özel Bandırma Royal Hastanesi","il":"Balıkesir","ilce":"Bandırma","tur":"Özel","brans":"Genel","acil":true,"yatak":null,"isletmeci":"","telefon":"","web":"https://www.royalhastanesi.com.tr/","adres":"Sağlık Caddesi 4","osm":"https://www.openstreetmap.org/way/903541482"},"geometry":{"type":"Point","coordinates":[27.96627,40.34067]}},{"type":"Feature","properties":{"_id":"w904436130","ad":"Musabeyli Entegre İlçe Devlet Hastanesi","il":"Kilis","ilce":"Musabeyli","tur":"Devlet","brans":"Genel","acil":true,"yatak":null,"isletmeci":"Sağlık Bakanlığı","telefon":"+90 348 746 20 85","web":"","adres":"","osm":"https://www.openstreetmap.org/way/904436130"},"geometry":{"type":"Point","coordinates":[36.92117,36.88378]}},{"type":"Feature","properties":{"_id":"w905492526","ad":"Bandırma Pertevniyal Hastanesi","il":"Balıkesir","ilce":"","tur":"Üniversite","brans":"Dal hastanesi","acil":null,"yatak":null,"isletmeci":"Bandırma Onyedi Eylül Üniversitesi","telefon":"","web":"","adres":"","osm":"https://www.openstreetmap.org/way/905492526"},"geometry":{"type":"Point","coordinates":[27.97591,40.35188]}},{"type":"Feature","properties":{"_id":"w906601317","ad":"Sultangazi Haseki Eğitim ve Araştırma Hastanesi","il":"İstanbul","ilce":"","tur":"Eğitim ve araştırma","brans":"Genel","acil":null,"yatak":null,"isletmeci":"","telefon":"","web":"","adres":"","osm":"https://www.openstreetmap.org/way/906601317"},"geometry":{"type":"Point","coordinates":[28.87312,41.10475]}},{"type":"Feature","properties":{"_id":"w909000999","ad":"Özel Medar Hastanesi Sakarya","il":"Sakarya","ilce":"","tur":"Özel","brans":"Genel","acil":true,"yatak":null,"isletmeci":"","telefon":"","web":"","adres":"","osm":"https://www.openstreetmap.org/way/909000999"},"geometry":{"type":"Point","coordinates":[30.36213,40.76059]}},{"type":"Feature","properties":{"_id":"w909017671","ad":"Sakarya Ağız ve Diş Sağlığı Hastanesi","il":"Sakarya","ilce":"Serdivan","tur":"Ağız ve diş","brans":"Dal hastanesi","acil":null,"yatak":null,"isletmeci":"","telefon":"","web":"https://sakaryaadsh.saglik.gov.tr/","adres":"96. Sokak 4","osm":"https://www.openstreetmap.org/way/909017671"},"geometry":{"type":"Point","coordinates":[30.36008,40.75923]}},{"type":"Feature","properties":{"_id":"w911506485","ad":"Central Hospital","il":"İstanbul","ilce":"Kadıköy","tur":"Özel","brans":"Genel","acil":true,"yatak":null,"isletmeci":"","telefon":"+90 4447799","web":"http://centralhospital.com/","adres":"Kozyatağı Sokağı 19","osm":"https://www.openstreetmap.org/way/911506485"},"geometry":{"type":"Point","coordinates":[29.1003,40.96593]}},{"type":"Feature","properties":{"_id":"w921285655","ad":"Erdem Hastanesi","il":"İstanbul","ilce":"","tur":"Belirsiz","brans":"Genel","acil":null,"yatak":null,"isletmeci":"","telefon":"","web":"","adres":"","osm":"https://www.openstreetmap.org/way/921285655"},"geometry":{"type":"Point","coordinates":[29.08222,41.02517]}},{"type":"Feature","properties":{"_id":"w922058860","ad":"Silivri Devlet Hastanesi","il":"İstanbul","ilce":"Silivri","tur":"Devlet","brans":"Genel","acil":true,"yatak":null,"isletmeci":"Sağlık Bakanlığı","telefon":"+90 212 727 2100","web":"https://silivridh.saglik.gov.tr/","adres":"Nedim Beyazgül Sokak 4","osm":"https://www.openstreetmap.org/way/922058860"},"geometry":{"type":"Point","coordinates":[28.25009,41.07791]}},{"type":"Feature","properties":{"_id":"w922183117","ad":"Onkoloji Hastanesi","il":"Malatya","ilce":"","tur":"Devlet","brans":"Dal hastanesi","acil":null,"yatak":null,"isletmeci":"","telefon":"","web":"","adres":"","osm":"https://www.openstreetmap.org/way/922183117"},"geometry":{"type":"Point","coordinates":[38.4302,38.33688]}},{"type":"Feature","properties":{"_id":"w922963331","ad":"Sultanbeyli Devlet Hastanesi","il":"İstanbul","ilce":"Sultanbeyli","tur":"Devlet","brans":"Genel","acil":true,"yatak":null,"isletmeci":"Sağlık Bakanlığı","telefon":"+90 216 564 2400","web":"","adres":"","osm":"https://www.openstreetmap.org/way/922963331"},"geometry":{"type":"Point","coordinates":[29.28371,40.98537]}},{"type":"Feature","properties":{"_id":"w924119807","ad":"Sarıyer Hamidiye Etfal Eğitim ve Araştırma Hastanesi","il":"İstanbul","ilce":"","tur":"Eğitim ve araştırma","brans":"Genel","acil":null,"yatak":null,"isletmeci":"Sağlık Bakanlığı","telefon":"","web":"","adres":"","osm":"https://www.openstreetmap.org/way/924119807"},"geometry":{"type":"Point","coordinates":[29.02756,41.15782]}},{"type":"Feature","properties":{"_id":"w928086226","ad":"Konya Şehir Hastanesi","il":"Konya","ilce":"Karatay","tur":"Şehir hastanesi","brans":"Genel","acil":true,"yatak":null,"isletmeci":"Sağlık Bakanlığı","telefon":"+90 332 310 50 00","web":"https://konyasehir.saglik.gov.tr/","adres":"","osm":"https://www.openstreetmap.org/way/928086226"},"geometry":{"type":"Point","coordinates":[32.5498,37.85824]}},{"type":"Feature","properties":{"_id":"w929177006","ad":"Lüleburgaz Devlet Hastanesi","il":"Kırklareli","ilce":"Lüleburgaz","tur":"Devlet","brans":"Genel","acil":true,"yatak":null,"isletmeci":"Sağlık Bakanlığı","telefon":"","web":"","adres":"İstanbul Caddesi 170","osm":"https://www.openstreetmap.org/way/929177006"},"geometry":{"type":"Point","coordinates":[27.37314,41.39813]}},{"type":"Feature","properties":{"_id":"w930655482","ad":"Akdağmadeni Devlet Hastanesi","il":"Yozgat","ilce":"Akdağmadeni","tur":"Devlet","brans":"Genel","acil":true,"yatak":null,"isletmeci":"Sağlık Bakanlığı","telefon":"+09 354 314 13 07","web":"","adres":"","osm":"https://www.openstreetmap.org/way/930655482"},"geometry":{"type":"Point","coordinates":[35.86916,39.66445]}},{"type":"Feature","properties":{"_id":"w931548486","ad":"Başkent Hastanesi","il":"Adana","ilce":"","tur":"Belirsiz","brans":"Genel","acil":true,"yatak":null,"isletmeci":"","telefon":"","web":"","adres":"","osm":"https://www.openstreetmap.org/way/931548486"},"geometry":{"type":"Point","coordinates":[35.25639,37.04369]}},{"type":"Feature","properties":{"_id":"w931549303","ad":"Çukurova Devlet Hastanesi","il":"Adana","ilce":"","tur":"Devlet","brans":"Genel","acil":true,"yatak":null,"isletmeci":"","telefon":"","web":"","adres":"","osm":"https://www.openstreetmap.org/way/931549303"},"geometry":{"type":"Point","coordinates":[35.28016,37.06051]}},{"type":"Feature","properties":{"_id":"w935017540","ad":"Göksun Devlet Hastanesi","il":"Kahramanmaraş","ilce":"","tur":"Devlet","brans":"Genel","acil":true,"yatak":null,"isletmeci":"","telefon":"","web":"","adres":"","osm":"https://www.openstreetmap.org/way/935017540"},"geometry":{"type":"Point","coordinates":[36.55041,38.02984]}},{"type":"Feature","properties":{"_id":"w936350484","ad":"Özel Akdeniz Hastanesi","il":"Antalya","ilce":"","tur":"Özel","brans":"Genel","acil":null,"yatak":null,"isletmeci":"","telefon":"","web":"","adres":"","osm":"https://www.openstreetmap.org/way/936350484"},"geometry":{"type":"Point","coordinates":[31.43994,36.77024]}},{"type":"Feature","properties":{"_id":"w940208740","ad":"Çerkezköy Organize Sanayi Bölgesi Kapaklı Devlet Hastanesi","il":"Tekirdağ","ilce":"","tur":"Devlet","brans":"Genel","acil":null,"yatak":null,"isletmeci":"T.C. Sağlık Bakanlığı","telefon":"02827583722","web":"https://kapaklidh.saglik.gov.tr","adres":"Mithatpaşa Caddesi 71","osm":"https://www.openstreetmap.org/way/940208740"},"geometry":{"type":"Point","coordinates":[27.99223,41.33658]}},{"type":"Feature","properties":{"_id":"w942591167","ad":"Özel Medifema Hastanesi","il":"İzmir","ilce":"Torbalı","tur":"Özel","brans":"Genel","acil":true,"yatak":null,"isletmeci":"","telefon":"+90 232 854 18 54","web":"","adres":"Kocatepe Caddesi","osm":"https://www.openstreetmap.org/way/942591167"},"geometry":{"type":"Point","coordinates":[27.27567,38.24121]}},{"type":"Feature","properties":{"_id":"w953590314","ad":"SSK Hastanesi","il":"Kırıkkale","ilce":"","tur":"Belirsiz","brans":"Genel","acil":null,"yatak":null,"isletmeci":"","telefon":"","web":"","adres":"","osm":"https://www.openstreetmap.org/way/953590314"},"geometry":{"type":"Point","coordinates":[33.4961,39.83658]}},{"type":"Feature","properties":{"_id":"w953832144","ad":"Genç İlçe Devlet Hastanesi","il":"Bingöl","ilce":"Genç","tur":"Devlet","brans":"Genel","acil":true,"yatak":null,"isletmeci":"","telefon":"+904264113520","web":"https://gencdh.saglik.gov.tr/","adres":"Bingöl-Diyarbakır yolu","osm":"https://www.openstreetmap.org/way/953832144"},"geometry":{"type":"Point","coordinates":[40.54969,38.74874]}},{"type":"Feature","properties":{"_id":"w954788780","ad":"Murgul İlçe Devlet Hastanesi","il":"Artvin","ilce":"Murgul","tur":"Devlet","brans":"Genel","acil":true,"yatak":null,"isletmeci":"","telefon":"+90 466 711 31 22","web":"https://murguldh.saglik.gov.tr/","adres":"","osm":"https://www.openstreetmap.org/way/954788780"},"geometry":{"type":"Point","coordinates":[41.56267,41.27719]}},{"type":"Feature","properties":{"_id":"w957470519","ad":"Kayseri Eğitim Ve Araştırma Hastanesi","il":"Kayseri","ilce":"Kayseri","tur":"Eğitim ve araştırma","brans":"Genel","acil":true,"yatak":null,"isletmeci":"","telefon":"+903523368884","web":"http://www.kdh.gov.tr/","adres":"Hastane Caddesi 78","osm":"https://www.openstreetmap.org/way/957470519"},"geometry":{"type":"Point","coordinates":[35.47816,38.72724]}},{"type":"Feature","properties":{"_id":"w957840102","ad":"Emel Mehmet Tarman Çocuk Hastanesi","il":"Kayseri","ilce":"","tur":"Belirsiz","brans":"Kadın doğum / çocuk","acil":null,"yatak":null,"isletmeci":"","telefon":"","web":"","adres":"","osm":"https://www.openstreetmap.org/way/957840102"},"geometry":{"type":"Point","coordinates":[35.44951,38.78118]}},{"type":"Feature","properties":{"_id":"w966955464","ad":"Sivas Numune Hastanesi","il":"Sivas","ilce":"Merkez","tur":"Devlet","brans":"Dal hastanesi","acil":true,"yatak":1070,"isletmeci":"Sağlık Bakanlığı","telefon":"+90 346 215 08 33;+90 346 215 08 44","web":"https://sivasnumunedh.saglik.gov.tr/","adres":"","osm":"https://www.openstreetmap.org/way/966955464"},"geometry":{"type":"Point","coordinates":[37.03976,39.7406]}},{"type":"Feature","properties":{"_id":"w969591019","ad":"Bayburt Devlet Hastanesi","il":"Bayburt","ilce":"Merkez","tur":"Devlet","brans":"Genel","acil":true,"yatak":null,"isletmeci":"Sağlık Bakanlığı","telefon":"+90 458 211 9191","web":"https://bayburtdh.saglik.gov.tr/","adres":"Barbaros Caddesi 11/K","osm":"https://www.openstreetmap.org/way/969591019"},"geometry":{"type":"Point","coordinates":[40.20978,40.25916]}},{"type":"Feature","properties":{"_id":"w972587764","ad":"Akşehir Park Hayat Hastanesi","il":"Konya","ilce":"Akşehir","tur":"Belirsiz","brans":"Genel","acil":true,"yatak":null,"isletmeci":"","telefon":"","web":"","adres":"","osm":"https://www.openstreetmap.org/way/972587764"},"geometry":{"type":"Point","coordinates":[31.43177,38.36542]}},{"type":"Feature","properties":{"_id":"w973209832","ad":"Kağızman Devlet Hastanesi","il":"Kars","ilce":"Kağızman","tur":"Devlet","brans":"Genel","acil":true,"yatak":null,"isletmeci":"","telefon":"+90 474 351 68 41","web":"https://kagizmandh.saglik.gov.tr/","adres":"","osm":"https://www.openstreetmap.org/way/973209832"},"geometry":{"type":"Point","coordinates":[43.11743,40.15571]}},{"type":"Feature","properties":{"_id":"w974997581","ad":"Gündoğmuş Devlet Hastanesi","il":"Antalya","ilce":"Gündoğmuş","tur":"Devlet","brans":"Genel","acil":true,"yatak":null,"isletmeci":"","telefon":"","web":"","adres":"","osm":"https://www.openstreetmap.org/way/974997581"},"geometry":{"type":"Point","coordinates":[31.99967,36.80624]}},{"type":"Feature","properties":{"_id":"w976273188","ad":"Özel Erdemli Yenişehir Hastanesi","il":"Mersin","ilce":"Erdemli","tur":"Şehir hastanesi","brans":"Genel","acil":true,"yatak":null,"isletmeci":"","telefon":"","web":"https://erdemli.yenisehirhastanesi.com.tr/giris/","adres":"İbni Sina Sokak 15","osm":"https://www.openstreetmap.org/way/976273188"},"geometry":{"type":"Point","coordinates":[34.31293,36.60573]}},{"type":"Feature","properties":{"_id":"w984175171","ad":"Tutak Devlet Hastanesi","il":"Ağrı","ilce":"Tutak","tur":"Devlet","brans":"Genel","acil":true,"yatak":null,"isletmeci":"Sağlık Bakanlığı","telefon":"+90 472 411 20 05","web":"","adres":"","osm":"https://www.openstreetmap.org/way/984175171"},"geometry":{"type":"Point","coordinates":[42.77854,39.53555]}},{"type":"Feature","properties":{"_id":"w985766816","ad":"Durağan Devlet Hastanesi","il":"Sinop","ilce":"Durağan","tur":"Devlet","brans":"Genel","acil":true,"yatak":null,"isletmeci":"Sağlık Bakanlığı","telefon":"","web":"","adres":"","osm":"https://www.openstreetmap.org/way/985766816"},"geometry":{"type":"Point","coordinates":[35.04595,41.42111]}},{"type":"Feature","properties":{"_id":"w989309479","ad":"Polatlı Duatepe İlçe Devlet Hastanesi","il":"Ankara","ilce":"Polatlı","tur":"Devlet","brans":"Genel","acil":true,"yatak":null,"isletmeci":"Sağlık Bakanlığı","telefon":"+90 312 630 30 30","web":"https://polatliduatepedh.saglik.gov.tr/","adres":"","osm":"https://www.openstreetmap.org/way/989309479"},"geometry":{"type":"Point","coordinates":[32.16718,39.58865]}},{"type":"Feature","properties":{"_id":"w991944588","ad":"Anadolu Hastanesi","il":"İstanbul","ilce":"","tur":"Özel","brans":"Genel","acil":true,"yatak":null,"isletmeci":"Medical Park","telefon":"444 50 58","web":"https://anadoluhastaneleri.com/","adres":"","osm":"https://www.openstreetmap.org/way/991944588"},"geometry":{"type":"Point","coordinates":[28.22443,41.08246]}},{"type":"Feature","properties":{"_id":"w991947480","ad":"Lüleburgaz Yeni Devlet Hastanesi","il":"Kırklareli","ilce":"Lüleburgaz","tur":"Devlet","brans":"Genel","acil":true,"yatak":null,"isletmeci":"Sağlık Bakanlığı","telefon":"","web":"","adres":"İstanbul Caddesi","osm":"https://www.openstreetmap.org/way/991947480"},"geometry":{"type":"Point","coordinates":[27.37369,41.3982]}},{"type":"Feature","properties":{"_id":"w997221955","ad":"Anadolu Hastanesi (Medical Park)","il":"Çanakkale","ilce":"","tur":"Özel","brans":"Genel","acil":true,"yatak":null,"isletmeci":"","telefon":"","web":"","adres":"","osm":"https://www.openstreetmap.org/way/997221955"},"geometry":{"type":"Point","coordinates":[26.41182,40.13083]}},{"type":"Feature","properties":{"_id":"w997408916","ad":"Kartal Kızılay Hastanesi","il":"İstanbul","ilce":"Kartal","tur":"Özel","brans":"Genel","acil":true,"yatak":null,"isletmeci":"Kızılay","telefon":"+90 216 473 20 50","web":"https://www.kizilaysaglik.com.tr/hastanelerimiz/turk-kizilay-ozel-kartal-hastanesi/","adres":"Kızılay Bulvarı 30","osm":"https://www.openstreetmap.org/way/997408916"},"geometry":{"type":"Point","coordinates":[29.18198,40.89089]}},{"type":"Feature","properties":{"_id":"w1002418851","ad":"Medistanbul Hastanesi","il":"İstanbul","ilce":"","tur":"Belirsiz","brans":"Genel","acil":null,"yatak":null,"isletmeci":"","telefon":"","web":"","adres":"","osm":"https://www.openstreetmap.org/way/1002418851"},"geometry":{"type":"Point","coordinates":[28.90479,41.09279]}},{"type":"Feature","properties":{"_id":"w1003341854","ad":"Türkoğlu Dr. Kemal Beyazıt Devlet Hastanesi","il":"Kahramanmaraş","ilce":"Türkoğlu","tur":"Devlet","brans":"Genel","acil":true,"yatak":null,"isletmeci":"Sağlık Bakanlığı","telefon":"+90 344 502 30 13","web":"https://turkogludh.saglik.gov.tr/","adres":"","osm":"https://www.openstreetmap.org/way/1003341854"},"geometry":{"type":"Point","coordinates":[36.86669,37.3904]}},{"type":"Feature","properties":{"_id":"w1004353433","ad":"Araklı Bayram Halil Devlet Hastanesi","il":"Trabzon","ilce":"","tur":"Devlet","brans":"Genel","acil":true,"yatak":null,"isletmeci":"","telefon":"","web":"","adres":"","osm":"https://www.openstreetmap.org/way/1004353433"},"geometry":{"type":"Point","coordinates":[40.04376,40.91665]}},{"type":"Feature","properties":{"_id":"w1005170088","ad":"Osmancık Devlet Hastanesi","il":"Çorum","ilce":"Osmancık","tur":"Devlet","brans":"Genel","acil":true,"yatak":null,"isletmeci":"Sağlık Bakanlığı","telefon":"+90 364 611 40 33","web":"https://osmancikdh.saglik.gov.tr/","adres":"Ömer Derindere Bulvarı 105","osm":"https://www.openstreetmap.org/way/1005170088"},"geometry":{"type":"Point","coordinates":[34.8038,40.98013]}},{"type":"Feature","properties":{"_id":"w1005231512","ad":"Pursaklar Devlet Hastanesi","il":"Ankara","ilce":"","tur":"Devlet","brans":"Genel","acil":true,"yatak":null,"isletmeci":"","telefon":"","web":"","adres":"","osm":"https://www.openstreetmap.org/way/1005231512"},"geometry":{"type":"Point","coordinates":[32.8941,40.04953]}},{"type":"Feature","properties":{"_id":"w1008056829","ad":"Havsa İlçe Devlet Hastanesi","il":"Edirne","ilce":"","tur":"Devlet","brans":"Genel","acil":true,"yatak":null,"isletmeci":"Sağlık Bakanlığı","telefon":"","web":"","adres":"","osm":"https://www.openstreetmap.org/way/1008056829"},"geometry":{"type":"Point","coordinates":[26.80998,41.55069]}},{"type":"Feature","properties":{"_id":"w1015395710","ad":"Seyrantepe Hamidiye Etfal Eğitim ve Araştırma Hastanesi","il":"İstanbul","ilce":"Sarıyer","tur":"Eğitim ve araştırma","brans":"Genel","acil":true,"yatak":null,"isletmeci":"Sağlık Bakanlığı","telefon":"+90 212 373 5000","web":"","adres":"Cumhuriyet ve Demokrasi Caddesi 1","osm":"https://www.openstreetmap.org/way/1015395710"},"geometry":{"type":"Point","coordinates":[28.99623,41.10366]}},{"type":"Feature","properties":{"_id":"w1019740207","ad":"Kent Hastanesi","il":"Giresun","ilce":"Merkez","tur":"Belirsiz","brans":"Genel","acil":true,"yatak":null,"isletmeci":"","telefon":"+90 454 212 1828","web":"https://www.kenthastanesi.com/","adres":"","osm":"https://www.openstreetmap.org/way/1019740207"},"geometry":{"type":"Point","coordinates":[38.38414,40.91346]}},{"type":"Feature","properties":{"_id":"w1027018989","ad":"Recep Tayyip Erdoğan Eğitim ve Araştırma Hastanesi","il":"Rize","ilce":"","tur":"Eğitim ve araştırma","brans":"Genel","acil":null,"yatak":null,"isletmeci":"","telefon":"","web":"","adres":"","osm":"https://www.openstreetmap.org/way/1027018989"},"geometry":{"type":"Point","coordinates":[40.57113,41.03741]}},{"type":"Feature","properties":{"_id":"w1029626277","ad":"ÖZEL TERMESSOS HASTANESİ","il":"Antalya","ilce":"Döşemealtı","tur":"Özel","brans":"Dal hastanesi","acil":true,"yatak":null,"isletmeci":"ÖZEL HASTANE","telefon":"","web":"https://www.termessoshastanesi.com/","adres":"106 Sk. 11","osm":"https://www.openstreetmap.org/way/1029626277"},"geometry":{"type":"Point","coordinates":[30.60358,37.03515]}},{"type":"Feature","properties":{"_id":"w1031328769","ad":"Yüksek Güvenlikli Adli Psikiyatri Hastanesi","il":"Bursa","ilce":"","tur":"Belirsiz","brans":"Ruh sağlığı","acil":null,"yatak":null,"isletmeci":"","telefon":"","web":"","adres":"","osm":"https://www.openstreetmap.org/way/1031328769"},"geometry":{"type":"Point","coordinates":[28.904,40.26202]}},{"type":"Feature","properties":{"_id":"w1036515084","ad":"Eyüpsultan Devlet Hastanesi","il":"İstanbul","ilce":"Eyüpsultan","tur":"Devlet","brans":"Genel","acil":true,"yatak":null,"isletmeci":"Sağlık Bakanlığı","telefon":"+90 212 417 2900","web":"https://eyupdh.saglik.gov.tr/","adres":"Silahtarağa Caddesi 57","osm":"https://www.openstreetmap.org/way/1036515084"},"geometry":{"type":"Point","coordinates":[28.94075,41.05744]}},{"type":"Feature","properties":{"_id":"w1037426060","ad":"Kocaeli Derince Eğitim ve Araştırma Hastanesi Alikahya Yerleşkesi","il":"Kocaeli","ilce":"","tur":"Eğitim ve araştırma","brans":"Genel","acil":null,"yatak":null,"isletmeci":"Sağlık Bakanlığı","telefon":"","web":"","adres":"","osm":"https://www.openstreetmap.org/way/1037426060"},"geometry":{"type":"Point","coordinates":[29.98789,40.78407]}},{"type":"Feature","properties":{"_id":"w1040451805","ad":"Çarşamba Devlet Hastanesi","il":"Samsun","ilce":"Çarşamba","tur":"Devlet","brans":"Genel","acil":true,"yatak":null,"isletmeci":"Sağlık Bakanlığı","telefon":"+90 362 833 41 21","web":"https://carsambadh.saglik.gov.tr/","adres":"","osm":"https://www.openstreetmap.org/way/1040451805"},"geometry":{"type":"Point","coordinates":[36.74753,41.21068]}},{"type":"Feature","properties":{"_id":"w1041744478","ad":"Mehmet Akif Ersoy Devlet Hastanesi","il":"Çanakkale","ilce":"","tur":"Devlet","brans":"Genel","acil":null,"yatak":null,"isletmeci":"Sağlık Bakanlığı","telefon":"","web":"","adres":"","osm":"https://www.openstreetmap.org/way/1041744478"},"geometry":{"type":"Point","coordinates":[26.41707,40.09903]}},{"type":"Feature","properties":{"_id":"w1046472515","ad":"Gördes Devlet Hastanesi","il":"Manisa","ilce":"","tur":"Devlet","brans":"Genel","acil":true,"yatak":null,"isletmeci":"Sağlık Bakanlığı","telefon":"","web":"","adres":"","osm":"https://www.openstreetmap.org/way/1046472515"},"geometry":{"type":"Point","coordinates":[28.27976,38.94032]}},{"type":"Feature","properties":{"_id":"w1054541850","ad":"Mercan Hastanesi","il":"İstanbul","ilce":"","tur":"Belirsiz","brans":"Genel","acil":null,"yatak":null,"isletmeci":"","telefon":"444 0 704","web":"https://www.mercanhastanesi.com/","adres":"52","osm":"https://www.openstreetmap.org/way/1054541850"},"geometry":{"type":"Point","coordinates":[29.30757,40.8284]}},{"type":"Feature","properties":{"_id":"w1055295010","ad":"Tarsus Devlet Hastanesi","il":"Mersin","ilce":"Tarsus","tur":"Devlet","brans":"Genel","acil":true,"yatak":null,"isletmeci":"Sağlık Bakanlığı","telefon":"","web":"","adres":"İbn-i Sina Bulv.","osm":"https://www.openstreetmap.org/way/1055295010"},"geometry":{"type":"Point","coordinates":[34.91313,36.91588]}},{"type":"Feature","properties":{"_id":"w1056164406","ad":"Edirne Meriç İlçe Devlet Hastanesi","il":"Edirne","ilce":"Meriç","tur":"Devlet","brans":"Genel","acil":null,"yatak":null,"isletmeci":"Sağlık Bakanlığı","telefon":"","web":"https://mericdh.saglik.gov.tr/","adres":"Ahmet Tosun Caddesi 64","osm":"https://www.openstreetmap.org/way/1056164406"},"geometry":{"type":"Point","coordinates":[26.42419,41.19558]}},{"type":"Feature","properties":{"_id":"w1057734064","ad":"Sincan Eğitim ve Araştırma Hastanesi","il":"Ankara","ilce":"Sincan","tur":"Eğitim ve araştırma","brans":"Genel","acil":true,"yatak":525,"isletmeci":"Sağlık Bakanlığı","telefon":"+90 312 272 62 40","web":"https://sincaneah.saglik.gov.tr/","adres":"250. Cadde 2/A","osm":"https://www.openstreetmap.org/way/1057734064"},"geometry":{"type":"Point","coordinates":[32.57238,39.9824]}},{"type":"Feature","properties":{"_id":"w1058304647","ad":"Çocuk Hematoloji-Onkoloji ve Kemik İliği Nakli Hastanesi","il":"Kayseri","ilce":"","tur":"Belirsiz","brans":"Kadın doğum / çocuk","acil":null,"yatak":null,"isletmeci":"","telefon":"","web":"","adres":"","osm":"https://www.openstreetmap.org/way/1058304647"},"geometry":{"type":"Point","coordinates":[35.5282,38.70361]}},{"type":"Feature","properties":{"_id":"w1060457260","ad":"Bayrampaşa Göz Hastanesi","il":"İstanbul","ilce":"","tur":"Belirsiz","brans":"Dal hastanesi","acil":null,"yatak":null,"isletmeci":"","telefon":"","web":"","adres":"","osm":"https://www.openstreetmap.org/way/1060457260"},"geometry":{"type":"Point","coordinates":[28.91197,41.03946]}},{"type":"Feature","properties":{"_id":"w1063574467","ad":"Özel Bölge Hastanesi","il":"İstanbul","ilce":"","tur":"Özel","brans":"Genel","acil":true,"yatak":null,"isletmeci":"","telefon":"","web":"","adres":"","osm":"https://www.openstreetmap.org/way/1063574467"},"geometry":{"type":"Point","coordinates":[29.21547,41.00565]}},{"type":"Feature","properties":{"_id":"w1066256479","ad":"Akedemi Hastanesi","il":"Mersin","ilce":"Yenişehir","tur":"Belirsiz","brans":"Genel","acil":true,"yatak":null,"isletmeci":"","telefon":"","web":"","adres":"Barbaros Bulvarı","osm":"https://www.openstreetmap.org/way/1066256479"},"geometry":{"type":"Point","coordinates":[34.58217,36.79229]}},{"type":"Feature","properties":{"_id":"w1067214692","ad":"Gaziantep Şehir Hastanesi","il":"Gaziantep","ilce":"Şahinbey","tur":"Şehir hastanesi","brans":"Genel","acil":true,"yatak":null,"isletmeci":"T.C. Sağlık Bakanlığı","telefon":"+903423100999","web":"https://gaziantepsehir.saglik.gov.tr/","adres":"İbn-i Sina Mahallesi","osm":"https://www.openstreetmap.org/way/1067214692"},"geometry":{"type":"Point","coordinates":[37.38965,37.01535]}},{"type":"Feature","properties":{"_id":"w1069015768","ad":"Medical Park Hastanesi Ataşehir","il":"İstanbul","ilce":"Ataşehir","tur":"Özel","brans":"Genel","acil":null,"yatak":null,"isletmeci":"Medical Park","telefon":"","web":"https://www.medicalpark.com.tr/atasehir-hastanesi/h-79","adres":"Raci Sokağı 1","osm":"https://www.openstreetmap.org/way/1069015768"},"geometry":{"type":"Point","coordinates":[29.14437,40.98781]}},{"type":"Feature","properties":{"_id":"w1078301445","ad":"Azdavay İlçe Hastanesi","il":"Kastamonu","ilce":"","tur":"Devlet","brans":"Genel","acil":true,"yatak":null,"isletmeci":"","telefon":"","web":"","adres":"","osm":"https://www.openstreetmap.org/way/1078301445"},"geometry":{"type":"Point","coordinates":[33.31174,41.63207]}},{"type":"Feature","properties":{"_id":"w1080748016","ad":"Enez İlçe Devlet Hastanesi","il":"Edirne","ilce":"","tur":"Devlet","brans":"Genel","acil":null,"yatak":null,"isletmeci":"T.C. Sağlık Bakanlığı","telefon":"","web":"","adres":"","osm":"https://www.openstreetmap.org/way/1080748016"},"geometry":{"type":"Point","coordinates":[26.1057,40.7164]}},{"type":"Feature","properties":{"_id":"w1083187095","ad":"Kütahya Şehir Hastanesi","il":"Kütahya","ilce":"","tur":"Şehir hastanesi","brans":"Genel","acil":null,"yatak":null,"isletmeci":"Sağlık Bakanlığı","telefon":"","web":"","adres":"","osm":"https://www.openstreetmap.org/way/1083187095"},"geometry":{"type":"Point","coordinates":[29.95889,39.42636]}},{"type":"Feature","properties":{"_id":"w1083767005","ad":"Aydın Şehir Hastanesi","il":"Aydın","ilce":"","tur":"Şehir hastanesi","brans":"Genel","acil":null,"yatak":null,"isletmeci":"Sağlık Bakanlığı","telefon":"","web":"","adres":"","osm":"https://www.openstreetmap.org/way/1083767005"},"geometry":{"type":"Point","coordinates":[27.78812,37.83296]}},{"type":"Feature","properties":{"_id":"w1086150908","ad":"İzmir Bergama 2 Nolu Acil Yardım İstasyonu","il":"İzmir","ilce":"","tur":"Devlet","brans":"Genel","acil":null,"yatak":null,"isletmeci":"Sağlık Bakanlığı","telefon":"","web":"","adres":"","osm":"https://www.openstreetmap.org/way/1086150908"},"geometry":{"type":"Point","coordinates":[27.1853,39.11127]}},{"type":"Feature","properties":{"_id":"w1089487328","ad":"Kınık İlçe Devlet Hastanesi","il":"İzmir","ilce":"","tur":"Devlet","brans":"Genel","acil":null,"yatak":null,"isletmeci":"Sağlık Bakanlığı","telefon":"","web":"","adres":"","osm":"https://www.openstreetmap.org/way/1089487328"},"geometry":{"type":"Point","coordinates":[27.36291,39.08959]}},{"type":"Feature","properties":{"_id":"w1090761484","ad":"Ayvacık Devlet Hastanesi","il":"Samsun","ilce":"","tur":"Devlet","brans":"Genel","acil":true,"yatak":null,"isletmeci":"Sağlık Bakanlığı","telefon":"","web":"","adres":"","osm":"https://www.openstreetmap.org/way/1090761484"},"geometry":{"type":"Point","coordinates":[36.62893,41.00269]}},{"type":"Feature","properties":{"_id":"w1094492528","ad":"Kilis Devlet Hastanesi","il":"Kilis","ilce":"Merkez","tur":"Devlet","brans":"Genel","acil":true,"yatak":null,"isletmeci":"Sağlık Bakanlığı","telefon":"","web":"https://kilisdh.saglik.gov.tr/","adres":"","osm":"https://www.openstreetmap.org/way/1094492528"},"geometry":{"type":"Point","coordinates":[37.10892,36.70324]}},{"type":"Feature","properties":{"_id":"w1094598302","ad":"Korgan Devlet Hastanesi","il":"Ordu","ilce":"","tur":"Devlet","brans":"Genel","acil":null,"yatak":null,"isletmeci":"","telefon":"","web":"","adres":"","osm":"https://www.openstreetmap.org/way/1094598302"},"geometry":{"type":"Point","coordinates":[37.3436,40.83194]}},{"type":"Feature","properties":{"_id":"w1099315325","ad":"Yüksek Güvenlikli Adli Psikiyatri Hastanesi","il":"Ankara","ilce":"","tur":"Belirsiz","brans":"Ruh sağlığı","acil":null,"yatak":null,"isletmeci":"","telefon":"","web":"","adres":"","osm":"https://www.openstreetmap.org/way/1099315325"},"geometry":{"type":"Point","coordinates":[32.7636,39.90284]}},{"type":"Feature","properties":{"_id":"w1100852340","ad":"Lice Halis Toprak Vakfı Devlet Hastanesi","il":"Diyarbakır","ilce":"Lice","tur":"Vakıf","brans":"Genel","acil":true,"yatak":null,"isletmeci":"Sağlık Bakanlığı","telefon":"+90 412 861 2474","web":"","adres":"","osm":"https://www.openstreetmap.org/way/1100852340"},"geometry":{"type":"Point","coordinates":[40.6431,38.45365]}},{"type":"Feature","properties":{"_id":"w1104024331","ad":"Niğde Ömer Halisdemir Ünivesitesi Eğitim ve Araştırma Hastanesi","il":"Niğde","ilce":"Merkez","tur":"Eğitim ve araştırma","brans":"Dal hastanesi","acil":true,"yatak":null,"isletmeci":"Sağlık Bakanlığı","telefon":"","web":"https://omerhalisdemireah.saglik.gov.tr/","adres":"","osm":"https://www.openstreetmap.org/way/1104024331"},"geometry":{"type":"Point","coordinates":[34.64591,37.9691]}},{"type":"Feature","properties":{"_id":"w1104062422","ad":"Eskipazar Devlet Hastanesi","il":"Karabük","ilce":"","tur":"Devlet","brans":"Genel","acil":null,"yatak":null,"isletmeci":"Sağlık Bakanlığı","telefon":"","web":"","adres":"","osm":"https://www.openstreetmap.org/way/1104062422"},"geometry":{"type":"Point","coordinates":[32.55016,40.96138]}},{"type":"Feature","properties":{"_id":"w1106826053","ad":"Battalgazi Devlet Hastanesi","il":"Malatya","ilce":"","tur":"Devlet","brans":"Genel","acil":null,"yatak":null,"isletmeci":"","telefon":"","web":"","adres":"","osm":"https://www.openstreetmap.org/way/1106826053"},"geometry":{"type":"Point","coordinates":[38.33366,38.34698]}},{"type":"Feature","properties":{"_id":"w1107095750","ad":"Uzunmehmet Göğüs Hastalıkları Hastanesi","il":"Zonguldak","ilce":"","tur":"Devlet","brans":"Dal hastanesi","acil":null,"yatak":null,"isletmeci":"","telefon":"","web":"","adres":"","osm":"https://www.openstreetmap.org/way/1107095750"},"geometry":{"type":"Point","coordinates":[31.7928,41.45227]}},{"type":"Feature","properties":{"_id":"w1107095762","ad":"Zonguldak Atatürk Devlet Hastanesi","il":"Zonguldak","ilce":"","tur":"Devlet","brans":"Genel","acil":true,"yatak":null,"isletmeci":"","telefon":"","web":"","adres":"","osm":"https://www.openstreetmap.org/way/1107095762"},"geometry":{"type":"Point","coordinates":[31.79361,41.46004]}},{"type":"Feature","properties":{"_id":"w1107673155","ad":"Özalp Devlet Hastanesi","il":"Van","ilce":"Özalp","tur":"Devlet","brans":"Genel","acil":true,"yatak":null,"isletmeci":"Sağlık Bakanlığı","telefon":"","web":"","adres":"","osm":"https://www.openstreetmap.org/way/1107673155"},"geometry":{"type":"Point","coordinates":[43.97148,38.65726]}},{"type":"Feature","properties":{"_id":"w1110965013","ad":"İskenderun Devlet Hastanesi","il":"Hatay","ilce":"İskenderun","tur":"Devlet","brans":"Genel","acil":true,"yatak":null,"isletmeci":"Sağlık Bakanlığı","telefon":"+90 326 618 24 24","web":"","adres":"","osm":"https://www.openstreetmap.org/way/1110965013"},"geometry":{"type":"Point","coordinates":[36.1665,36.5686]}},{"type":"Feature","properties":{"_id":"w1111372668","ad":"Toprakkale Entegre İlçe Hastanesi","il":"Osmaniye","ilce":"","tur":"Devlet","brans":"Genel","acil":true,"yatak":null,"isletmeci":"Sağlık Bakanlığı","telefon":"","web":"","adres":"","osm":"https://www.openstreetmap.org/way/1111372668"},"geometry":{"type":"Point","coordinates":[36.14381,37.0714]}},{"type":"Feature","properties":{"_id":"w1113254231","ad":"Gölyaka Devlet Hastanesi","il":"Düzce","ilce":"","tur":"Devlet","brans":"Genel","acil":true,"yatak":null,"isletmeci":"","telefon":"","web":"","adres":"","osm":"https://www.openstreetmap.org/way/1113254231"},"geometry":{"type":"Point","coordinates":[30.99367,40.77981]}},{"type":"Feature","properties":{"_id":"w1113313702","ad":"Cumayeri Devlet Hastanesi","il":"Düzce","ilce":"","tur":"Devlet","brans":"Genel","acil":true,"yatak":null,"isletmeci":"Sağlık Bakanlığı","telefon":"","web":"","adres":"","osm":"https://www.openstreetmap.org/way/1113313702"},"geometry":{"type":"Point","coordinates":[30.95552,40.85635]}},{"type":"Feature","properties":{"_id":"w1118274577","ad":"Gürgentepe Devlet Hastanesi","il":"Ordu","ilce":"","tur":"Devlet","brans":"Genel","acil":true,"yatak":null,"isletmeci":"Sağlık Bakanlığı","telefon":"","web":"","adres":"","osm":"https://www.openstreetmap.org/way/1118274577"},"geometry":{"type":"Point","coordinates":[37.60296,40.78747]}},{"type":"Feature","properties":{"_id":"w1118380096","ad":"Özel Lokman Hekim Esnaf Hastanesi","il":"Muğla","ilce":"Fethiye","tur":"Özel","brans":"Genel","acil":true,"yatak":null,"isletmeci":"","telefon":"+90 252 612 6400","web":"https://www.esnafhastanesi.com/","adres":"","osm":"https://www.openstreetmap.org/way/1118380096"},"geometry":{"type":"Point","coordinates":[29.12012,36.63125]}},{"type":"Feature","properties":{"_id":"w1119539441","ad":"Fındıklı Devlet Hastanesi","il":"Rize","ilce":"Fındıklı","tur":"Devlet","brans":"Genel","acil":true,"yatak":null,"isletmeci":"Sağlık Bakanlığı","telefon":"","web":"","adres":"","osm":"https://www.openstreetmap.org/way/1119539441"},"geometry":{"type":"Point","coordinates":[41.13651,41.26657]}},{"type":"Feature","properties":{"_id":"w1120061354","ad":"Özel Letoon Hospital","il":"Muğla","ilce":"","tur":"Özel","brans":"Genel","acil":null,"yatak":null,"isletmeci":"","telefon":"","web":"","adres":"","osm":"https://www.openstreetmap.org/way/1120061354"},"geometry":{"type":"Point","coordinates":[29.15243,36.62987]}},{"type":"Feature","properties":{"_id":"w1121856211","ad":"Artvin Devlet Hastanesi","il":"Artvin","ilce":"","tur":"Devlet","brans":"Genel","acil":null,"yatak":null,"isletmeci":"","telefon":"","web":"","adres":"","osm":"https://www.openstreetmap.org/way/1121856211"},"geometry":{"type":"Point","coordinates":[41.81876,41.18274]}},{"type":"Feature","properties":{"_id":"w1124389460","ad":"Develi Dr. Ekrem Karakaya Devlet Hastanesi","il":"Kayseri","ilce":"Develi","tur":"Devlet","brans":"Genel","acil":true,"yatak":null,"isletmeci":"","telefon":"+90 352 621 60 20","web":"https://develidh.saglik.gov.tr/","adres":"","osm":"https://www.openstreetmap.org/way/1124389460"},"geometry":{"type":"Point","coordinates":[35.48711,38.40792]}},{"type":"Feature","properties":{"_id":"w1125692292","ad":"Bayındır Hastanesi İçerenköy","il":"İstanbul","ilce":"","tur":"Belirsiz","brans":"Genel","acil":true,"yatak":null,"isletmeci":"","telefon":"","web":"https://www.bayindirhastanesi.com.tr/hastaneler-ve-servisler-detay/bayindir-icerenkoy-hastanesi-3","adres":"Ertaç Sokağı 17","osm":"https://www.openstreetmap.org/way/1125692292"},"geometry":{"type":"Point","coordinates":[29.11056,40.96693]}},{"type":"Feature","properties":{"_id":"w1126118499","ad":"Gazi Üniversitesi Hastanesi","il":"Ankara","ilce":"","tur":"Üniversite","brans":"Genel","acil":false,"yatak":null,"isletmeci":"","telefon":"","web":"","adres":"","osm":"https://www.openstreetmap.org/way/1126118499"},"geometry":{"type":"Point","coordinates":[32.66528,39.87082]}},{"type":"Feature","properties":{"_id":"w1126448726","ad":"Beyhekim Akıl ve Ruh Sağlığı Hastanesi","il":"Konya","ilce":"","tur":"Belirsiz","brans":"Ruh sağlığı","acil":null,"yatak":null,"isletmeci":"","telefon":"","web":"","adres":"","osm":"https://www.openstreetmap.org/way/1126448726"},"geometry":{"type":"Point","coordinates":[32.4801,37.99164]}},{"type":"Feature","properties":{"_id":"w1126448729","ad":"Beyhekim Onkoloji Hastanesi","il":"Konya","ilce":"","tur":"Devlet","brans":"Dal hastanesi","acil":null,"yatak":null,"isletmeci":"","telefon":"","web":"","adres":"","osm":"https://www.openstreetmap.org/way/1126448729"},"geometry":{"type":"Point","coordinates":[32.48661,37.99097]}},{"type":"Feature","properties":{"_id":"w1126448731","ad":"Beyhekim Fizik Tedavi Hastanesi","il":"Konya","ilce":"","tur":"Belirsiz","brans":"Dal hastanesi","acil":null,"yatak":null,"isletmeci":"","telefon":"","web":"","adres":"","osm":"https://www.openstreetmap.org/way/1126448731"},"geometry":{"type":"Point","coordinates":[32.48505,37.99397]}},{"type":"Feature","properties":{"_id":"w1126641800","ad":"Özel Palmiye Hastanesi","il":"Hatay","ilce":"","tur":"Özel","brans":"Genel","acil":true,"yatak":null,"isletmeci":"","telefon":"","web":"","adres":"","osm":"https://www.openstreetmap.org/way/1126641800"},"geometry":{"type":"Point","coordinates":[36.15733,36.55577]}},{"type":"Feature","properties":{"_id":"w1126643581","ad":"Akçakoca Eski Devlet Hastanesi","il":"Düzce","ilce":"","tur":"Devlet","brans":"Genel","acil":true,"yatak":null,"isletmeci":"Sağlık Bakanlığı","telefon":"","web":"","adres":"","osm":"https://www.openstreetmap.org/way/1126643581"},"geometry":{"type":"Point","coordinates":[31.11526,41.08712]}},{"type":"Feature","properties":{"_id":"w1127500874","ad":"Giresun Üniversitesi Eğitim ve Araştırma Hastanesi","il":"Giresun","ilce":"Merkez","tur":"Eğitim ve araştırma","brans":"Genel","acil":true,"yatak":null,"isletmeci":"","telefon":"","web":"","adres":"","osm":"https://www.openstreetmap.org/way/1127500874"},"geometry":{"type":"Point","coordinates":[38.43805,40.89807]}},{"type":"Feature","properties":{"_id":"w1128388542","ad":"Özel Karaman Hastanesi","il":"Karaman","ilce":"Karaman","tur":"Özel","brans":"Genel","acil":true,"yatak":null,"isletmeci":"","telefon":"","web":"","adres":"","osm":"https://www.openstreetmap.org/way/1128388542"},"geometry":{"type":"Point","coordinates":[33.21679,37.18119]}},{"type":"Feature","properties":{"_id":"w1130552246","ad":"Erzin Devlet Hastanesi","il":"Hatay","ilce":"","tur":"Devlet","brans":"Genel","acil":true,"yatak":null,"isletmeci":"Sağlık Bakanlığı","telefon":"","web":"","adres":"","osm":"https://www.openstreetmap.org/way/1130552246"},"geometry":{"type":"Point","coordinates":[36.21442,36.94158]}},{"type":"Feature","properties":{"_id":"w1130573013","ad":"Tomarza Yaşar Karayel İlce Devlet Hastanesi","il":"Kayseri","ilce":"","tur":"Devlet","brans":"Genel","acil":true,"yatak":null,"isletmeci":"","telefon":"","web":"","adres":"","osm":"https://www.openstreetmap.org/way/1130573013"},"geometry":{"type":"Point","coordinates":[35.79899,38.45361]}},{"type":"Feature","properties":{"_id":"w1132373480","ad":"Bodrum Devlet Hastahanesi","il":"Muğla","ilce":"Bodrum","tur":"Devlet","brans":"Genel","acil":true,"yatak":null,"isletmeci":"","telefon":"+90 252 313 14 20","web":"https://bodrumdh.saglik.gov.tr/","adres":"","osm":"https://www.openstreetmap.org/way/1132373480"},"geometry":{"type":"Point","coordinates":[27.36648,37.05757]}},{"type":"Feature","properties":{"_id":"w1133074620","ad":"Yatağan Devlet Hastanesi","il":"Muğla","ilce":"Yatağan","tur":"Devlet","brans":"Genel","acil":true,"yatak":null,"isletmeci":"Sağlık Bakanlığı","telefon":"+90 252 572 50 34","web":"https://yatagandh.saglik.gov.tr/","adres":"Mustafa Kemal Atatürk Bulvarı 82","osm":"https://www.openstreetmap.org/way/1133074620"},"geometry":{"type":"Point","coordinates":[28.15772,37.35312]}},{"type":"Feature","properties":{"_id":"w1133367992","ad":"Van Kadın Doğum Ve Çocuk Hastalıkları Hastanesi","il":"Van","ilce":"","tur":"Devlet","brans":"Kadın doğum / çocuk","acil":null,"yatak":null,"isletmeci":"Sağlık Bakanlığı","telefon":"","web":"","adres":"","osm":"https://www.openstreetmap.org/way/1133367992"},"geometry":{"type":"Point","coordinates":[43.34324,38.46177]}},{"type":"Feature","properties":{"_id":"w1135398216","ad":"Kumluca Devlet Hastanesi","il":"Antalya","ilce":"","tur":"Devlet","brans":"Genel","acil":true,"yatak":null,"isletmeci":"Sağlık Bakanlığı","telefon":"+90 242 887 14 80","web":"https://kumlucadh.saglik.gov.tr/","adres":"","osm":"https://www.openstreetmap.org/way/1135398216"},"geometry":{"type":"Point","coordinates":[30.30569,36.3654]}},{"type":"Feature","properties":{"_id":"w1136429963","ad":"Egepol Hastanesi","il":"İzmir","ilce":"","tur":"Belirsiz","brans":"Genel","acil":null,"yatak":null,"isletmeci":"","telefon":"","web":"","adres":"","osm":"https://www.openstreetmap.org/way/1136429963"},"geometry":{"type":"Point","coordinates":[27.12785,38.40032]}},{"type":"Feature","properties":{"_id":"w1137655802","ad":"Saruhanlı Devlet Hastanesi","il":"Manisa","ilce":"Saruhanlı","tur":"Devlet","brans":"Genel","acil":true,"yatak":null,"isletmeci":"Sağlık Bakanlığı","telefon":"","web":"","adres":"","osm":"https://www.openstreetmap.org/way/1137655802"},"geometry":{"type":"Point","coordinates":[27.56664,38.73335]}},{"type":"Feature","properties":{"_id":"w1137728758","ad":"Merkez Prime Hastanesi","il":"Kocaeli","ilce":"Gebze","tur":"Belirsiz","brans":"Genel","acil":true,"yatak":null,"isletmeci":"","telefon":"","web":"","adres":"2424. Sokak","osm":"https://www.openstreetmap.org/way/1137728758"},"geometry":{"type":"Point","coordinates":[29.41783,40.82137]}},{"type":"Feature","properties":{"_id":"w1137810175","ad":"Medical Park","il":"Kocaeli","ilce":"Kocaeli","tur":"Özel","brans":"Genel","acil":true,"yatak":null,"isletmeci":"Medical Park","telefon":"+90 262 644 01 43","web":"","adres":"","osm":"https://www.openstreetmap.org/way/1137810175"},"geometry":{"type":"Point","coordinates":[29.43974,40.80426]}},{"type":"Feature","properties":{"_id":"w1141082082","ad":"Gözde Kışla Hastanesi","il":"Malatya","ilce":"Malatya","tur":"Belirsiz","brans":"Dal hastanesi","acil":true,"yatak":null,"isletmeci":"","telefon":"+904223259292","web":"","adres":"","osm":"https://www.openstreetmap.org/way/1141082082"},"geometry":{"type":"Point","coordinates":[38.3229,38.34909]}},{"type":"Feature","properties":{"_id":"w1141331431","ad":"Özel Malatya Park Hastanesi","il":"Malatya","ilce":"Malatya","tur":"Özel","brans":"Genel","acil":true,"yatak":null,"isletmeci":"","telefon":"+90 422 325 5050","web":"","adres":"","osm":"https://www.openstreetmap.org/way/1141331431"},"geometry":{"type":"Point","coordinates":[38.32985,38.34482]}},{"type":"Feature","properties":{"_id":"w1141900788","ad":"Özel Antakya Göz Hastanesi","il":"Hatay","ilce":"","tur":"Özel","brans":"Dal hastanesi","acil":true,"yatak":null,"isletmeci":"","telefon":"","web":"","adres":"","osm":"https://www.openstreetmap.org/way/1141900788"},"geometry":{"type":"Point","coordinates":[36.1641,36.19684]}},{"type":"Feature","properties":{"_id":"w1142242943","ad":"Goznuru Goz Hastanesi","il":"Gaziantep","ilce":"Gaziantep","tur":"Belirsiz","brans":"Genel","acil":null,"yatak":null,"isletmeci":"","telefon":"+903422312525","web":"","adres":"","osm":"https://www.openstreetmap.org/way/1142242943"},"geometry":{"type":"Point","coordinates":[37.36569,37.05925]}},{"type":"Feature","properties":{"_id":"w1147118086","ad":"Ozel Osmaniye Park Hastanesi","il":"Osmaniye","ilce":"Osmaniye","tur":"Özel","brans":"Genel","acil":null,"yatak":null,"isletmeci":"","telefon":"+903288134700","web":"","adres":"","osm":"https://www.openstreetmap.org/way/1147118086"},"geometry":{"type":"Point","coordinates":[36.24645,37.07271]}},{"type":"Feature","properties":{"_id":"w1147832188","ad":"Sarıkaya Devlet Hastanesi","il":"Yozgat","ilce":"Sarıkaya","tur":"Devlet","brans":"Genel","acil":true,"yatak":null,"isletmeci":"Sağlık Bakanlığı","telefon":"+90 354 772 3366","web":"https://sarikayadh.saglik.gov.tr/","adres":"","osm":"https://www.openstreetmap.org/way/1147832188"},"geometry":{"type":"Point","coordinates":[35.3832,39.49111]}},{"type":"Feature","properties":{"_id":"w1148944004","ad":"Özel Hayat Hastanesi","il":"Bursa","ilce":"Osmangazi","tur":"Özel","brans":"Genel","acil":true,"yatak":null,"isletmeci":"Hayat","telefon":"","web":"","adres":"1. Atan Sokak","osm":"https://www.openstreetmap.org/way/1148944004"},"geometry":{"type":"Point","coordinates":[29.07709,40.19183]}},{"type":"Feature","properties":{"_id":"w1149048504","ad":"Medikaya Hastanesi","il":"Isparta","ilce":"Merkez","tur":"Belirsiz","brans":"Genel","acil":true,"yatak":null,"isletmeci":"","telefon":"","web":"","adres":"","osm":"https://www.openstreetmap.org/way/1149048504"},"geometry":{"type":"Point","coordinates":[30.55141,37.77308]}},{"type":"Feature","properties":{"_id":"w1149156411","ad":"Ozel Palmiye Hastanesi","il":"Hatay","ilce":"Hatay","tur":"Özel","brans":"Genel","acil":null,"yatak":null,"isletmeci":"","telefon":"+903266180555","web":"","adres":"","osm":"https://www.openstreetmap.org/way/1149156411"},"geometry":{"type":"Point","coordinates":[36.17245,36.58667]}},{"type":"Feature","properties":{"_id":"w1150084527","ad":"Manisa Ruh Sağlığı ve Hastalıkları Hastanesi","il":"Manisa","ilce":"Şehzadeler","tur":"Devlet","brans":"Ruh sağlığı","acil":null,"yatak":null,"isletmeci":"","telefon":"","web":"","adres":"814. Sokak 28","osm":"https://www.openstreetmap.org/way/1150084527"},"geometry":{"type":"Point","coordinates":[27.44441,38.61788]}},{"type":"Feature","properties":{"_id":"w1150945813","ad":"Harran Devlet Hastanesi","il":"Şanlıurfa","ilce":"Harran","tur":"Devlet","brans":"Genel","acil":true,"yatak":null,"isletmeci":"Sağlık Bakanlığı","telefon":"","web":"","adres":"","osm":"https://www.openstreetmap.org/way/1150945813"},"geometry":{"type":"Point","coordinates":[39.02378,36.86854]}},{"type":"Feature","properties":{"_id":"w1150953514","ad":"Ceylanpınar Devlet Hastanesi","il":"Şanlıurfa","ilce":"Ceylanpınar","tur":"Devlet","brans":"Genel","acil":true,"yatak":null,"isletmeci":"Sağlık Bakanlığı","telefon":"+90 414 471 4612","web":"https://ceylanpinardh.saglik.gov.tr/","adres":"","osm":"https://www.openstreetmap.org/way/1150953514"},"geometry":{"type":"Point","coordinates":[40.03976,36.87051]}},{"type":"Feature","properties":{"_id":"w1151026953","ad":"Aydın Atatürk Devlet Hastanesi","il":"Aydın","ilce":"Aydın","tur":"Devlet","brans":"Genel","acil":true,"yatak":null,"isletmeci":"","telefon":"","web":"","adres":"","osm":"https://www.openstreetmap.org/way/1151026953"},"geometry":{"type":"Point","coordinates":[27.8398,37.84033]}},{"type":"Feature","properties":{"_id":"w1153575560","ad":"Ortaca Devlet Hastanesi","il":"Muğla","ilce":"","tur":"Devlet","brans":"Dal hastanesi","acil":true,"yatak":null,"isletmeci":"Sağlık Bakanlığı","telefon":"+90 0252 2825313","web":"","adres":"","osm":"https://www.openstreetmap.org/way/1153575560"},"geometry":{"type":"Point","coordinates":[28.75947,36.85351]}},{"type":"Feature","properties":{"_id":"w1154009656","ad":"Kocaeli Şehir Hastanesi","il":"Kocaeli","ilce":"","tur":"Şehir hastanesi","brans":"Genel","acil":true,"yatak":null,"isletmeci":"Sağlık Bakanlığı","telefon":"","web":"","adres":"","osm":"https://www.openstreetmap.org/way/1154009656"},"geometry":{"type":"Point","coordinates":[29.96018,40.78304]}},{"type":"Feature","properties":{"_id":"w1154185668","ad":"Özel Dünyapark Hastanesi","il":"Diyarbakır","ilce":"Kayapınar","tur":"Özel","brans":"Genel","acil":true,"yatak":null,"isletmeci":"","telefon":"","web":"","adres":"","osm":"https://www.openstreetmap.org/way/1154185668"},"geometry":{"type":"Point","coordinates":[40.15083,37.93109]}},{"type":"Feature","properties":{"_id":"w1155420866","ad":"Dokuz Eylül Üniversitesi Mesleki ve Çevresel Hastalıklar Hastahanesi","il":"İzmir","ilce":"","tur":"Üniversite","brans":"Genel","acil":null,"yatak":null,"isletmeci":"","telefon":"","web":"","adres":"","osm":"https://www.openstreetmap.org/way/1155420866"},"geometry":{"type":"Point","coordinates":[27.02854,38.85316]}},{"type":"Feature","properties":{"_id":"w1156212041","ad":"Musa Gül Hastanesi","il":"Kırşehir","ilce":"Merkez","tur":"Belirsiz","brans":"Genel","acil":true,"yatak":null,"isletmeci":"","telefon":"+90 386 212 8282","web":"https://www.musagulhastanesi.com.tr/","adres":"","osm":"https://www.openstreetmap.org/way/1156212041"},"geometry":{"type":"Point","coordinates":[34.15934,39.1489]}},{"type":"Feature","properties":{"_id":"w1156214991","ad":"Kaman Devlet Hastanesi","il":"Kırşehir","ilce":"Kaman","tur":"Devlet","brans":"Genel","acil":true,"yatak":null,"isletmeci":"Sağlık Bakanlığı","telefon":"+90 386 712 7150","web":"https://kamandh.saglik.gov.tr/","adres":"","osm":"https://www.openstreetmap.org/way/1156214991"},"geometry":{"type":"Point","coordinates":[33.71987,39.37019]}},{"type":"Feature","properties":{"_id":"w1157141758","ad":"İskilip Atıf Hoca Devlet Hastanesi","il":"Çorum","ilce":"İskilip","tur":"Devlet","brans":"Genel","acil":true,"yatak":null,"isletmeci":"Sağlık Bakanlığı","telefon":"+90 364 511 0505","web":"https://iskilipdh.saglik.gov.tr/","adres":"","osm":"https://www.openstreetmap.org/way/1157141758"},"geometry":{"type":"Point","coordinates":[34.46657,40.72732]}},{"type":"Feature","properties":{"_id":"w1157144670","ad":"Dörtyol Devlet Hastanesi","il":"Hatay","ilce":"Hatay","tur":"Devlet","brans":"Genel","acil":true,"yatak":null,"isletmeci":"Sağlık Bakanlığı","telefon":"+90 326 712 2287","web":"https://dortyoldh.saglik.gov.tr/","adres":"","osm":"https://www.openstreetmap.org/way/1157144670"},"geometry":{"type":"Point","coordinates":[36.21547,36.82835]}},{"type":"Feature","properties":{"_id":"w1157168602","ad":"Bursa Yüksek İhtisas Eğitim ve Araştırma Hastanesi","il":"Bursa","ilce":"","tur":"Eğitim ve araştırma","brans":"Genel","acil":null,"yatak":null,"isletmeci":"","telefon":"","web":"","adres":"","osm":"https://www.openstreetmap.org/way/1157168602"},"geometry":{"type":"Point","coordinates":[28.82386,40.21849]}},{"type":"Feature","properties":{"_id":"w1157573057","ad":"Almus Devlet Hastanesi","il":"Tokat","ilce":"Almus","tur":"Devlet","brans":"Genel","acil":true,"yatak":null,"isletmeci":"Sağlık Bakanlığı","telefon":"+90 356 400 0040","web":"https://almusdh.saglik.gov.tr/","adres":"","osm":"https://www.openstreetmap.org/way/1157573057"},"geometry":{"type":"Point","coordinates":[36.89426,40.37476]}},{"type":"Feature","properties":{"_id":"w1157604628","ad":"Ortaca Yücelen Hastanesi","il":"Muğla","ilce":"","tur":"Belirsiz","brans":"Dal hastanesi","acil":true,"yatak":null,"isletmeci":"","telefon":"+90 4448040","web":"","adres":"80","osm":"https://www.openstreetmap.org/way/1157604628"},"geometry":{"type":"Point","coordinates":[28.76829,36.84491]}},{"type":"Feature","properties":{"_id":"w1157687260","ad":"Oğuzeli Devlet Hastanesi","il":"Gaziantep","ilce":"Gaziantep","tur":"Devlet","brans":"Genel","acil":true,"yatak":null,"isletmeci":"Sağlık Bakanlığı","telefon":"+90 342 571 3028","web":"","adres":"","osm":"https://www.openstreetmap.org/way/1157687260"},"geometry":{"type":"Point","coordinates":[37.50734,36.96302]}},{"type":"Feature","properties":{"_id":"w1158157675","ad":"Pütürge Devlet Hastanesi","il":"Malatya","ilce":"Pütürge","tur":"Devlet","brans":"Genel","acil":true,"yatak":null,"isletmeci":"","telefon":"+90 422 561 2036","web":"https://puturgedh.saglik.gov.tr/","adres":"","osm":"https://www.openstreetmap.org/way/1158157675"},"geometry":{"type":"Point","coordinates":[38.87322,38.19895]}},{"type":"Feature","properties":{"_id":"w1158170712","ad":"Vezirköprü Devlet Hastanesi","il":"Samsun","ilce":"Vezirköprü","tur":"Devlet","brans":"Genel","acil":true,"yatak":null,"isletmeci":"Sağlık Bakanlığı","telefon":"+90 362 6471824","web":"https://vezirkoprudh.saglik.gov.tr/","adres":"","osm":"https://www.openstreetmap.org/way/1158170712"},"geometry":{"type":"Point","coordinates":[35.49165,41.1173]}},{"type":"Feature","properties":{"_id":"w1159619787","ad":"Gerze Devlet Hastanesi","il":"Sinop","ilce":"Gerze","tur":"Devlet","brans":"Genel","acil":true,"yatak":null,"isletmeci":"Sağlık Bakanlığı","telefon":"","web":"","adres":"","osm":"https://www.openstreetmap.org/way/1159619787"},"geometry":{"type":"Point","coordinates":[35.17242,41.80385]}},{"type":"Feature","properties":{"_id":"w1160755494","ad":"Yeşilköy Prof. Dr. Murat Dilmener Acil Durum Hastanesi","il":"İstanbul","ilce":"","tur":"Devlet","brans":"Genel","acil":true,"yatak":null,"isletmeci":"Sağlık Bakanlığı","telefon":"","web":"","adres":"","osm":"https://www.openstreetmap.org/way/1160755494"},"geometry":{"type":"Point","coordinates":[28.80815,40.97029]}},{"type":"Feature","properties":{"_id":"w1161652753","ad":"Şuhut Devlet Hastanesi","il":"Afyonkarahisar","ilce":"Şuhut","tur":"Devlet","brans":"Genel","acil":true,"yatak":null,"isletmeci":"Sağlık Bakanlığı","telefon":"+90 272 718 1001","web":"https://suhutdh.saglik.gov.tr/","adres":"","osm":"https://www.openstreetmap.org/way/1161652753"},"geometry":{"type":"Point","coordinates":[30.55923,38.53155]}},{"type":"Feature","properties":{"_id":"w1161658959","ad":"İshakoğlu Çayeli Devlet Hastanesi","il":"Rize","ilce":"Çayeli","tur":"Devlet","brans":"Genel","acil":true,"yatak":null,"isletmeci":"Sağlık Bakanlığı","telefon":"","web":"","adres":"","osm":"https://www.openstreetmap.org/way/1161658959"},"geometry":{"type":"Point","coordinates":[40.72683,41.09037]}},{"type":"Feature","properties":{"_id":"w1162395359","ad":"İskenderun Devlet Hastanesi İnşaat Alanı","il":"Hatay","ilce":"","tur":"Devlet","brans":"Genel","acil":null,"yatak":null,"isletmeci":"","telefon":"","web":"","adres":"","osm":"https://www.openstreetmap.org/way/1162395359"},"geometry":{"type":"Point","coordinates":[36.18992,36.55912]}},{"type":"Feature","properties":{"_id":"w1163361005","ad":"Referans Hastanesi","il":"Aydın","ilce":"","tur":"Belirsiz","brans":"Genel","acil":null,"yatak":null,"isletmeci":"","telefon":"","web":"","adres":"","osm":"https://www.openstreetmap.org/way/1163361005"},"geometry":{"type":"Point","coordinates":[28.31783,37.90854]}},{"type":"Feature","properties":{"_id":"w1163593745","ad":"Hazro İlçe Entegre Devlet Hastanesi","il":"Diyarbakır","ilce":"Hazro","tur":"Devlet","brans":"Genel","acil":true,"yatak":null,"isletmeci":"Sağlık Bakanlığı","telefon":"+90 412 671 2025","web":"https://hazrodh.saglik.gov.tr/","adres":"","osm":"https://www.openstreetmap.org/way/1163593745"},"geometry":{"type":"Point","coordinates":[40.78232,38.24912]}},{"type":"Feature","properties":{"_id":"w1167192495","ad":"Özel Esencan Hastanesi","il":"İstanbul","ilce":"","tur":"Özel","brans":"Genel","acil":null,"yatak":null,"isletmeci":"","telefon":"","web":"","adres":"","osm":"https://www.openstreetmap.org/way/1167192495"},"geometry":{"type":"Point","coordinates":[28.67654,41.03339]}},{"type":"Feature","properties":{"_id":"w1177883095","ad":"Göğüs Hastalıkları Hastanesi","il":"Giresun","ilce":"","tur":"Devlet","brans":"Dal hastanesi","acil":null,"yatak":null,"isletmeci":"","telefon":"","web":"","adres":"","osm":"https://www.openstreetmap.org/way/1177883095"},"geometry":{"type":"Point","coordinates":[38.41084,40.90574]}},{"type":"Feature","properties":{"_id":"w1184386589","ad":"Sürmene Devlet Hastanesi","il":"Trabzon","ilce":"","tur":"Devlet","brans":"Genel","acil":null,"yatak":null,"isletmeci":"Sağlık Bakanlığı","telefon":"","web":"","adres":"","osm":"https://www.openstreetmap.org/way/1184386589"},"geometry":{"type":"Point","coordinates":[40.13184,40.9116]}},{"type":"Feature","properties":{"_id":"w1188021487","ad":"Ondokuz Mayıs Devlet Hastanesi","il":"Samsun","ilce":"","tur":"Devlet","brans":"Genel","acil":true,"yatak":null,"isletmeci":"","telefon":"","web":"","adres":"","osm":"https://www.openstreetmap.org/way/1188021487"},"geometry":{"type":"Point","coordinates":[36.0677,41.48954]}},{"type":"Feature","properties":{"_id":"w1188814977","ad":"Kürtün Devlet Hastanesi","il":"Gümüşhane","ilce":"Kürtün","tur":"Devlet","brans":"Genel","acil":true,"yatak":null,"isletmeci":"Sağlık Bakanlığı","telefon":"+90 456 711 6299","web":"https://kurtundh.saglik.gov.tr/","adres":"","osm":"https://www.openstreetmap.org/way/1188814977"},"geometry":{"type":"Point","coordinates":[39.08108,40.70475]}},{"type":"Feature","properties":{"_id":"w1190327294","ad":"VM Medical Park Keçiören Hastanesi","il":"Ankara","ilce":"Ankara","tur":"Özel","brans":"Genel","acil":null,"yatak":null,"isletmeci":"Medical Park","telefon":"","web":"","adres":"Atatürk Caddesi","osm":"https://www.openstreetmap.org/way/1190327294"},"geometry":{"type":"Point","coordinates":[32.86785,39.97538]}},{"type":"Feature","properties":{"_id":"w1191412486","ad":"Gölhisar Devlet Hastanesi","il":"Burdur","ilce":"","tur":"Devlet","brans":"Genel","acil":true,"yatak":null,"isletmeci":"Sağlık Bakanlığı","telefon":"","web":"","adres":"","osm":"https://www.openstreetmap.org/way/1191412486"},"geometry":{"type":"Point","coordinates":[29.50796,37.14487]}},{"type":"Feature","properties":{"_id":"w1192080025","ad":"Görele Dr. Ergun Özdemir Devlet Hastanesi","il":"Giresun","ilce":"Görele","tur":"Devlet","brans":"Genel","acil":true,"yatak":null,"isletmeci":"Sağlık Bakanlığı","telefon":"+90 454 513 1138","web":"https://goreledh.saglik.gov.tr/","adres":"","osm":"https://www.openstreetmap.org/way/1192080025"},"geometry":{"type":"Point","coordinates":[38.97951,41.03724]}},{"type":"Feature","properties":{"_id":"w1193292547","ad":"Sivrihisar İlçe Devlet Hastanesi","il":"Eskişehir","ilce":"","tur":"Devlet","brans":"Genel","acil":true,"yatak":null,"isletmeci":"Sağlık Bakanlığı","telefon":"+90 222 711 40 17","web":"https://sivrihisardh.saglik.gov.tr/","adres":"","osm":"https://www.openstreetmap.org/way/1193292547"},"geometry":{"type":"Point","coordinates":[31.53597,39.44034]}},{"type":"Feature","properties":{"_id":"w1193547053","ad":"Gaziantep MMT Amerikan Hastanesi","il":"Gaziantep","ilce":"Şahinbey","tur":"Özel","brans":"Genel","acil":true,"yatak":null,"isletmeci":"","telefon":"+90 850 222 2224","web":"https://mmtamerikan.com/","adres":"Emir Sokak 3/A","osm":"https://www.openstreetmap.org/way/1193547053"},"geometry":{"type":"Point","coordinates":[37.37353,37.05959]}},{"type":"Feature","properties":{"_id":"w1193559863","ad":"SAGLIK OCAGI","il":"Ordu","ilce":"","tur":"Devlet","brans":"Genel","acil":null,"yatak":null,"isletmeci":"Sağlık Bakanlığı","telefon":"","web":"","adres":"","osm":"https://www.openstreetmap.org/way/1193559863"},"geometry":{"type":"Point","coordinates":[37.39632,40.7469]}},{"type":"Feature","properties":{"_id":"w1194730572","ad":"Ağaçören Devlet Hastanesi","il":"Aksaray","ilce":"","tur":"Devlet","brans":"Genel","acil":true,"yatak":null,"isletmeci":"Sağlık Bakanlığı","telefon":"","web":"","adres":"","osm":"https://www.openstreetmap.org/way/1194730572"},"geometry":{"type":"Point","coordinates":[33.91413,38.87469]}},{"type":"Feature","properties":{"_id":"w1197602255","ad":"Asarcık İlçe Devlet Hastanesi","il":"Samsun","ilce":"Asarcık","tur":"Devlet","brans":"Genel","acil":true,"yatak":null,"isletmeci":"Sağlık Bakanlığı","telefon":"","web":"","adres":"","osm":"https://www.openstreetmap.org/way/1197602255"},"geometry":{"type":"Point","coordinates":[36.22475,41.03576]}},{"type":"Feature","properties":{"_id":"w1199782094","ad":"Keşan Devlet Hastanesi","il":"Edirne","ilce":"","tur":"Devlet","brans":"Genel","acil":true,"yatak":null,"isletmeci":"Sağlık Bakanlığı","telefon":"","web":"","adres":"","osm":"https://www.openstreetmap.org/way/1199782094"},"geometry":{"type":"Point","coordinates":[26.63232,40.83418]}},{"type":"Feature","properties":{"_id":"w1200629386","ad":"Yusufeli Devlet Hastanesi","il":"Artvin","ilce":"Yusufeli","tur":"Devlet","brans":"Genel","acil":true,"yatak":null,"isletmeci":"","telefon":"","web":"","adres":"","osm":"https://www.openstreetmap.org/way/1200629386"},"geometry":{"type":"Point","coordinates":[41.53321,40.80992]}},{"type":"Feature","properties":{"_id":"w1200738247","ad":"Çine Devlet Hastanesi","il":"Aydın","ilce":"Çine","tur":"Devlet","brans":"Genel","acil":true,"yatak":null,"isletmeci":"Sağlık Bakanlığı","telefon":"+90 256 711 5900","web":"https://cinedh.saglik.gov.tr/","adres":"","osm":"https://www.openstreetmap.org/way/1200738247"},"geometry":{"type":"Point","coordinates":[28.06055,37.60767]}},{"type":"Feature","properties":{"_id":"w1201022050","ad":"Hassa Devlet Hastanesi","il":"Hatay","ilce":"Hassa","tur":"Devlet","brans":"Genel","acil":true,"yatak":null,"isletmeci":"Sağlık Bakanlığı","telefon":"+90 326 771 7333","web":"https://hassadh.saglik.gov.tr/","adres":"","osm":"https://www.openstreetmap.org/way/1201022050"},"geometry":{"type":"Point","coordinates":[36.52794,36.79324]}},{"type":"Feature","properties":{"_id":"w1201592848","ad":"Pazarcık Devlet Hastanesi","il":"Kahramanmaraş","ilce":"Pazarcık","tur":"Devlet","brans":"Genel","acil":true,"yatak":null,"isletmeci":"Sağlık Bakanlığı","telefon":"+90 344 311 3139","web":"https://pazarcikdh.saglik.gov.tr/","adres":"","osm":"https://www.openstreetmap.org/way/1201592848"},"geometry":{"type":"Point","coordinates":[37.32318,37.50273]}},{"type":"Feature","properties":{"_id":"w1201854905","ad":"Gözde Hastanesi Kuşadası","il":"Aydın","ilce":"","tur":"Belirsiz","brans":"Dal hastanesi","acil":true,"yatak":null,"isletmeci":"","telefon":"","web":"","adres":"","osm":"https://www.openstreetmap.org/way/1201854905"},"geometry":{"type":"Point","coordinates":[27.26523,37.86641]}},{"type":"Feature","properties":{"_id":"w1203142192","ad":"Dr. Halil ILGIN","il":"Antalya","ilce":"KONYAALTI","tur":"Belirsiz","brans":"Genel","acil":null,"yatak":null,"isletmeci":"","telefon":"","web":"","adres":"Atatürk Bulvarı 79","osm":"https://www.openstreetmap.org/way/1203142192"},"geometry":{"type":"Point","coordinates":[30.64262,36.87353]}},{"type":"Feature","properties":{"_id":"w1204145544","ad":"Şehit Ziya Sarpkaya Göynük İlçe Devlet Hastanesi","il":"Bolu","ilce":"Göynük","tur":"Devlet","brans":"Genel","acil":true,"yatak":null,"isletmeci":"Sağlık Bakanlığı","telefon":"+90 374 451 6129","web":"https://goynukdh.saglik.gov.tr/","adres":"","osm":"https://www.openstreetmap.org/way/1204145544"},"geometry":{"type":"Point","coordinates":[30.78092,40.41055]}},{"type":"Feature","properties":{"_id":"w1204147030","ad":"Ilgaz Devlet hastanesi","il":"Çankırı","ilce":"","tur":"Devlet","brans":"Genel","acil":true,"yatak":null,"isletmeci":"Sağlık Bakanlığı","telefon":"","web":"","adres":"","osm":"https://www.openstreetmap.org/way/1204147030"},"geometry":{"type":"Point","coordinates":[33.62199,40.92982]}},{"type":"Feature","properties":{"_id":"w1206120872","ad":"Şile Devlet Hastanesi","il":"İstanbul","ilce":"","tur":"Devlet","brans":"Genel","acil":true,"yatak":null,"isletmeci":"Sağlık Bakanlığı","telefon":"","web":"","adres":"","osm":"https://www.openstreetmap.org/way/1206120872"},"geometry":{"type":"Point","coordinates":[29.57242,41.16226]}},{"type":"Feature","properties":{"_id":"w1206122974","ad":"Kaynarca Şehit Gökhan Ayder İlçe Devlet Hastanesi","il":"Sakarya","ilce":"Kaynarca","tur":"Devlet","brans":"Genel","acil":true,"yatak":null,"isletmeci":"","telefon":"+90 264 871 3032","web":"https://kaynarcadh.saglik.gov.tr/","adres":"","osm":"https://www.openstreetmap.org/way/1206122974"},"geometry":{"type":"Point","coordinates":[30.30187,41.04131]}},{"type":"Feature","properties":{"_id":"w1210511609","ad":"Tirebolu Devlet Hastanesi","il":"Giresun","ilce":"Tirebolu","tur":"Devlet","brans":"Genel","acil":true,"yatak":null,"isletmeci":"Sağlık Bakanlığı","telefon":"","web":"https://tireboludh.saglik.gov.tr/","adres":"","osm":"https://www.openstreetmap.org/way/1210511609"},"geometry":{"type":"Point","coordinates":[38.82825,41.00386]}},{"type":"Feature","properties":{"_id":"w1216690176","ad":"Foça Devlet Hastanesi","il":"İzmir","ilce":"","tur":"Devlet","brans":"Genel","acil":null,"yatak":null,"isletmeci":"","telefon":"","web":"","adres":"","osm":"https://www.openstreetmap.org/way/1216690176"},"geometry":{"type":"Point","coordinates":[26.76357,38.65747]}},{"type":"Feature","properties":{"_id":"w1218848913","ad":"Dünya Göz Suadiye","il":"İstanbul","ilce":"","tur":"Özel","brans":"Dal hastanesi","acil":null,"yatak":null,"isletmeci":"","telefon":"","web":"https://www.dunyagoz.com/tr/merkezlerimiz/yurt-ici/istanbul-suadiye/genel-tanitim","adres":"","osm":"https://www.openstreetmap.org/way/1218848913"},"geometry":{"type":"Point","coordinates":[29.07502,40.96112]}},{"type":"Feature","properties":{"_id":"w1219279040","ad":"Nizip İlçe Devlet Hastanesi","il":"Gaziantep","ilce":"Nizip","tur":"Devlet","brans":"Genel","acil":true,"yatak":null,"isletmeci":"Sağlık Bakanlığı","telefon":"","web":"https://nizipdh.saglik.gov.tr/","adres":"","osm":"https://www.openstreetmap.org/way/1219279040"},"geometry":{"type":"Point","coordinates":[37.80239,37.0085]}},{"type":"Feature","properties":{"_id":"w1220635384","ad":"Şar Hospital","il":"Rize","ilce":"","tur":"Özel","brans":"Genel","acil":null,"yatak":null,"isletmeci":"","telefon":"","web":"","adres":"","osm":"https://www.openstreetmap.org/way/1220635384"},"geometry":{"type":"Point","coordinates":[40.51358,41.03069]}},{"type":"Feature","properties":{"_id":"w1221529858","ad":"Tavas Devlet Hastanesi","il":"Denizli","ilce":"Tavas","tur":"Devlet","brans":"Genel","acil":true,"yatak":null,"isletmeci":"Sağlık Bakanlığı","telefon":"+90 258 613 1024","web":"https://tavasdh.saglik.gov.tr/","adres":"","osm":"https://www.openstreetmap.org/way/1221529858"},"geometry":{"type":"Point","coordinates":[29.07467,37.56531]}},{"type":"Feature","properties":{"_id":"w1224739484","ad":"Akçadağ Şehit Gökhan Aslan Devlet Hastanesi","il":"Malatya","ilce":"Akçadağ","tur":"Devlet","brans":"Genel","acil":true,"yatak":null,"isletmeci":"","telefon":"","web":"","adres":"","osm":"https://www.openstreetmap.org/way/1224739484"},"geometry":{"type":"Point","coordinates":[37.96499,38.34092]}},{"type":"Feature","properties":{"_id":"w1226131924","ad":"Kocaeli Büyükşehir Belediyesi Hastanesi","il":"Hatay","ilce":"Antakya","tur":"Devlet","brans":"Genel","acil":true,"yatak":null,"isletmeci":"T.C Sağlık Bakanlığı  Kocaeli Büyükşehir Belediyesi Hastanesi","telefon":"","web":"","adres":"","osm":"https://www.openstreetmap.org/way/1226131924"},"geometry":{"type":"Point","coordinates":[36.13055,36.22829]}},{"type":"Feature","properties":{"_id":"w1227534036","ad":"Bahçe Fizik Tedavi ve Rehabilitasyon Hastanesi","il":"Osmaniye","ilce":"Osmaniye","tur":"Devlet","brans":"Dal hastanesi","acil":null,"yatak":null,"isletmeci":"","telefon":"+90 328 861 4799","web":"https://bahceftr.saglik.gov.tr/","adres":"","osm":"https://www.openstreetmap.org/way/1227534036"},"geometry":{"type":"Point","coordinates":[36.5727,37.19735]}},{"type":"Feature","properties":{"_id":"w1227534040","ad":"Bahçe Devlet Hastanesi","il":"Osmaniye","ilce":"Bahçe","tur":"Devlet","brans":"Genel","acil":true,"yatak":null,"isletmeci":"","telefon":"","web":"","adres":"","osm":"https://www.openstreetmap.org/way/1227534040"},"geometry":{"type":"Point","coordinates":[36.57011,37.20062]}},{"type":"Feature","properties":{"_id":"w1228101378","ad":"Özel Bahçelievler Medicana Hastanesi","il":"İstanbul","ilce":"","tur":"Özel","brans":"Genel","acil":true,"yatak":null,"isletmeci":"","telefon":"","web":"","adres":"1","osm":"https://www.openstreetmap.org/way/1228101378"},"geometry":{"type":"Point","coordinates":[28.87008,41.00647]}},{"type":"Feature","properties":{"_id":"w1228101415","ad":"İstanbul Göz Hastanesi","il":"İstanbul","ilce":"","tur":"Belirsiz","brans":"Dal hastanesi","acil":null,"yatak":null,"isletmeci":"","telefon":"","web":"","adres":"","osm":"https://www.openstreetmap.org/way/1228101415"},"geometry":{"type":"Point","coordinates":[28.87111,41.00116]}},{"type":"Feature","properties":{"_id":"w1228101577","ad":"Aktif International Hastanesi Bahçelievler","il":"İstanbul","ilce":"","tur":"Belirsiz","brans":"Genel","acil":true,"yatak":null,"isletmeci":"","telefon":"02125574000","web":"","adres":"Şevket Dağ Sokağı 2","osm":"https://www.openstreetmap.org/way/1228101577"},"geometry":{"type":"Point","coordinates":[28.86959,41.00717]}},{"type":"Feature","properties":{"_id":"w1228632927","ad":"Fethiye Devlet Hastanesi","il":"Muğla","ilce":"Fethiye","tur":"Devlet","brans":"Genel","acil":true,"yatak":null,"isletmeci":"Sağlık Bakanlığı","telefon":"+90 252 613 3546","web":"https://fethiyedh.saglik.gov.tr/","adres":"Mustafa Kemal Bulvarı 212","osm":"https://www.openstreetmap.org/way/1228632927"},"geometry":{"type":"Point","coordinates":[29.11955,36.65293]}},{"type":"Feature","properties":{"_id":"w1229023574","ad":"Osmaniye Devlet Hastanesi","il":"Osmaniye","ilce":"Merkez","tur":"Devlet","brans":"Genel","acil":true,"yatak":null,"isletmeci":"Sağlık Bakanlığı","telefon":"+90 328 826 1200","web":"https://osmaniyedh.saglik.gov.tr/","adres":"Musa Şahin Bulvarı","osm":"https://www.openstreetmap.org/way/1229023574"},"geometry":{"type":"Point","coordinates":[36.27419,37.08316]}},{"type":"Feature","properties":{"_id":"w1229024970","ad":"Özel İbn-i Sina Hastanesi","il":"Osmaniye","ilce":"Merkez","tur":"Özel","brans":"Genel","acil":true,"yatak":null,"isletmeci":"","telefon":"+90 328 813 5010","web":"https://www.ibnisinahastanesi.com.tr/","adres":"","osm":"https://www.openstreetmap.org/way/1229024970"},"geometry":{"type":"Point","coordinates":[36.26268,37.08104]}},{"type":"Feature","properties":{"_id":"w1229045229","ad":"Kemalpaşa Devlet Hastanesi","il":"İzmir","ilce":"Kemalpaşa","tur":"Devlet","brans":"Genel","acil":true,"yatak":null,"isletmeci":"Sağlık Bakanlığı","telefon":"","web":"https://kemalpasadh.saglik.gov.tr/","adres":"","osm":"https://www.openstreetmap.org/way/1229045229"},"geometry":{"type":"Point","coordinates":[27.40988,38.43636]}},{"type":"Feature","properties":{"_id":"w1230251199","ad":"Medical Park Hastanesi","il":"Samsun","ilce":"Atakum","tur":"Özel","brans":"Genel","acil":true,"yatak":null,"isletmeci":"Medical Park","telefon":"","web":"","adres":"","osm":"https://www.openstreetmap.org/way/1230251199"},"geometry":{"type":"Point","coordinates":[36.2718,41.33343]}},{"type":"Feature","properties":{"_id":"w1230510580","ad":"Polatlı Can Hastanesi","il":"Ankara","ilce":"Polatlı","tur":"Belirsiz","brans":"Genel","acil":true,"yatak":null,"isletmeci":"","telefon":"","web":"","adres":"","osm":"https://www.openstreetmap.org/way/1230510580"},"geometry":{"type":"Point","coordinates":[32.14975,39.57882]}},{"type":"Feature","properties":{"_id":"w1232837485","ad":"Bilecik Eğitim ve Araştırma Hastanesi","il":"Bilecik","ilce":"","tur":"Eğitim ve araştırma","brans":"Genel","acil":null,"yatak":null,"isletmeci":"","telefon":"","web":"","adres":"","osm":"https://www.openstreetmap.org/way/1232837485"},"geometry":{"type":"Point","coordinates":[29.96807,40.18434]}},{"type":"Feature","properties":{"_id":"w1232848835","ad":"Fizik Tedavi ve Rehabilitasyon Hastanesi","il":"Ankara","ilce":"","tur":"Devlet","brans":"Dal hastanesi","acil":null,"yatak":null,"isletmeci":"","telefon":"","web":"","adres":"","osm":"https://www.openstreetmap.org/way/1232848835"},"geometry":{"type":"Point","coordinates":[32.76223,39.89918]}},{"type":"Feature","properties":{"_id":"w1233229785","ad":"Gelibolu Devlet Hastanesi","il":"Çanakkale","ilce":"","tur":"Devlet","brans":"Genel","acil":true,"yatak":null,"isletmeci":"Sağlık Bakanlığı","telefon":"","web":"","adres":"","osm":"https://www.openstreetmap.org/way/1233229785"},"geometry":{"type":"Point","coordinates":[26.67531,40.41815]}},{"type":"Feature","properties":{"_id":"w1234578816","ad":"Çat İlçe Devlet Hastanesi","il":"Erzurum","ilce":"Çat","tur":"Devlet","brans":"Genel","acil":true,"yatak":null,"isletmeci":"Sağlık Bakanlığı","telefon":"+90 442 611 20 18","web":"https://catdh.saglik.gov.tr/","adres":"Hastane Caddesi","osm":"https://www.openstreetmap.org/way/1234578816"},"geometry":{"type":"Point","coordinates":[40.97751,39.61347]}},{"type":"Feature","properties":{"_id":"w1234738065","ad":"Erdek Neyyire Sıtkı Devlet Hastanesi","il":"Balıkesir","ilce":"Erdek","tur":"Devlet","brans":"Genel","acil":true,"yatak":null,"isletmeci":"Sağlık Bakanlığı","telefon":"","web":"https://erdekdh.saglik.gov.tr/","adres":"Hükümet Caddesi 1","osm":"https://www.openstreetmap.org/way/1234738065"},"geometry":{"type":"Point","coordinates":[27.79212,40.39569]}},{"type":"Feature","properties":{"_id":"w1236102568","ad":"Akyurt Devlet Hastanesi","il":"Ankara","ilce":"Akyurt","tur":"Devlet","brans":"Genel","acil":null,"yatak":null,"isletmeci":"Sağlık Bakanlığı","telefon":"","web":"","adres":"Mezbahane Caddesi","osm":"https://www.openstreetmap.org/way/1236102568"},"geometry":{"type":"Point","coordinates":[33.08283,40.13527]}},{"type":"Feature","properties":{"_id":"w1237719155","ad":"Kaynaşlı Devlet Hastamesi","il":"Düzce","ilce":"","tur":"Devlet","brans":"Genel","acil":true,"yatak":null,"isletmeci":"Sağlık Bakanlığı","telefon":"","web":"","adres":"","osm":"https://www.openstreetmap.org/way/1237719155"},"geometry":{"type":"Point","coordinates":[31.31025,40.77246]}},{"type":"Feature","properties":{"_id":"w1237719959","ad":"Yığılca Devlet Hastanesi","il":"Düzce","ilce":"","tur":"Devlet","brans":"Genel","acil":null,"yatak":null,"isletmeci":"","telefon":"","web":"","adres":"","osm":"https://www.openstreetmap.org/way/1237719959"},"geometry":{"type":"Point","coordinates":[31.45366,40.96486]}},{"type":"Feature","properties":{"_id":"w1237988730","ad":"Sütçüler Devlet Hastanesi","il":"Isparta","ilce":"","tur":"Devlet","brans":"Genel","acil":true,"yatak":null,"isletmeci":"Sağlık Bakanlığı","telefon":"","web":"","adres":"","osm":"https://www.openstreetmap.org/way/1237988730"},"geometry":{"type":"Point","coordinates":[30.97225,37.4934]}},{"type":"Feature","properties":{"_id":"w1238251055","ad":"Keskin İlçe Devlet Hastanesi","il":"Kırıkkale","ilce":"Keskin","tur":"Devlet","brans":"Genel","acil":true,"yatak":null,"isletmeci":"Sağlık Bakanlığı","telefon":"","web":"https://keskindh.saglik.gov.tr/","adres":"","osm":"https://www.openstreetmap.org/way/1238251055"},"geometry":{"type":"Point","coordinates":[33.59995,39.6779]}},{"type":"Feature","properties":{"_id":"w1238502850","ad":"Sarayköy Devlet Hastanesi","il":"Denizli","ilce":"","tur":"Devlet","brans":"Genel","acil":null,"yatak":null,"isletmeci":"","telefon":"","web":"","adres":"","osm":"https://www.openstreetmap.org/way/1238502850"},"geometry":{"type":"Point","coordinates":[28.92829,37.92806]}},{"type":"Feature","properties":{"_id":"w1238779642","ad":"Çivril Devlet Hastanesi","il":"Denizli","ilce":"","tur":"Devlet","brans":"Genel","acil":true,"yatak":null,"isletmeci":"Sağlık Bakanlığı","telefon":"","web":"","adres":"","osm":"https://www.openstreetmap.org/way/1238779642"},"geometry":{"type":"Point","coordinates":[29.7407,38.30913]}},{"type":"Feature","properties":{"_id":"w1240073580","ad":"Taşköprü Devlet Hastanesi","il":"Kastamonu","ilce":"Taşköprü","tur":"Devlet","brans":"Genel","acil":true,"yatak":null,"isletmeci":"Sağlık Bakanlığı","telefon":"+90 366 417 1032","web":"https://taskoprudh.saglik.gov.tr/","adres":"","osm":"https://www.openstreetmap.org/way/1240073580"},"geometry":{"type":"Point","coordinates":[34.21314,41.50416]}},{"type":"Feature","properties":{"_id":"w1240076103","ad":"Özel Keşan Hastanesi","il":"Edirne","ilce":"Keşan","tur":"Özel","brans":"Genel","acil":true,"yatak":null,"isletmeci":"","telefon":"+90 284 715 0102","web":"https://www.kesanhastanesi.com/","adres":"","osm":"https://www.openstreetmap.org/way/1240076103"},"geometry":{"type":"Point","coordinates":[26.62009,40.85959]}},{"type":"Feature","properties":{"_id":"w1240077208","ad":"İnebolu Devlet Hastanesi","il":"Kastamonu","ilce":"İnebolu","tur":"Devlet","brans":"Genel","acil":true,"yatak":null,"isletmeci":"Sağlık Bakanlığı","telefon":"+90 366 811 4037","web":"https://ineboludh.saglik.gov.tr/","adres":"","osm":"https://www.openstreetmap.org/way/1240077208"},"geometry":{"type":"Point","coordinates":[33.75094,41.96096]}},{"type":"Feature","properties":{"_id":"w1240387386","ad":"Kiraz Devlet Hastanesi","il":"İzmir","ilce":"","tur":"Devlet","brans":"Genel","acil":null,"yatak":null,"isletmeci":"","telefon":"","web":"","adres":"","osm":"https://www.openstreetmap.org/way/1240387386"},"geometry":{"type":"Point","coordinates":[28.21854,38.23042]}},{"type":"Feature","properties":{"_id":"w1240399532","ad":"İncesu Arif-İsrafil-Yusuf Uçurum İlçe Devlet Hastanesi","il":"Kayseri","ilce":"","tur":"Devlet","brans":"Genel","acil":true,"yatak":null,"isletmeci":"Sağlık Bakanlığı","telefon":"","web":"","adres":"","osm":"https://www.openstreetmap.org/way/1240399532"},"geometry":{"type":"Point","coordinates":[35.1859,38.62371]}},{"type":"Feature","properties":{"_id":"w1240418625","ad":"Çiftlik Devlet Hastanesi","il":"Niğde","ilce":"","tur":"Devlet","brans":"Genel","acil":null,"yatak":null,"isletmeci":"Sağlık Bakanlığı","telefon":"","web":"","adres":"","osm":"https://www.openstreetmap.org/way/1240418625"},"geometry":{"type":"Point","coordinates":[34.48463,38.18454]}},{"type":"Feature","properties":{"_id":"w1242598758","ad":"Manyas Devlet Hastanesi","il":"Balıkesir","ilce":"","tur":"Devlet","brans":"Genel","acil":null,"yatak":null,"isletmeci":"","telefon":"","web":"","adres":"","osm":"https://www.openstreetmap.org/way/1242598758"},"geometry":{"type":"Point","coordinates":[27.97215,40.04256]}},{"type":"Feature","properties":{"_id":"w1245164325","ad":"Ürgüp Devlet Hastanesi","il":"Nevşehir","ilce":"","tur":"Devlet","brans":"Genel","acil":true,"yatak":null,"isletmeci":"Sağlık Bakanlığı","telefon":"","web":"","adres":"","osm":"https://www.openstreetmap.org/way/1245164325"},"geometry":{"type":"Point","coordinates":[34.91981,38.6491]}},{"type":"Feature","properties":{"_id":"w1245165534","ad":"Hayat Hastanesi","il":"Niğde","ilce":"","tur":"Belirsiz","brans":"Genel","acil":null,"yatak":null,"isletmeci":"","telefon":"","web":"","adres":"","osm":"https://www.openstreetmap.org/way/1245165534"},"geometry":{"type":"Point","coordinates":[34.76665,37.51353]}},{"type":"Feature","properties":{"_id":"w1246784657","ad":"Amasra Devlet Hastanesi","il":"Bartın","ilce":"","tur":"Devlet","brans":"Genel","acil":true,"yatak":null,"isletmeci":"","telefon":"","web":"","adres":"","osm":"https://www.openstreetmap.org/way/1246784657"},"geometry":{"type":"Point","coordinates":[32.39258,41.73656]}},{"type":"Feature","properties":{"_id":"w1247722256","ad":"Karpuzlu Devlet Hastanesi","il":"Aydın","ilce":"","tur":"Devlet","brans":"Genel","acil":true,"yatak":null,"isletmeci":"","telefon":"","web":"","adres":"","osm":"https://www.openstreetmap.org/way/1247722256"},"geometry":{"type":"Point","coordinates":[27.83667,37.55628]}},{"type":"Feature","properties":{"_id":"w1252419719","ad":"Lema Clinic","il":"İstanbul","ilce":"Küçükçekmece","tur":"Belirsiz","brans":"Dal hastanesi","acil":true,"yatak":null,"isletmeci":"Klinik","telefon":"+90 542 107 16 32","web":"https://lemaclinic.com/","adres":"İkitelli Caddesi 140","osm":"https://www.openstreetmap.org/way/1252419719"},"geometry":{"type":"Point","coordinates":[28.79605,41.05259]}},{"type":"Feature","properties":{"_id":"w1253891450","ad":"Çankırı Devlet Hastanesi","il":"Çankırı","ilce":"","tur":"Devlet","brans":"Genel","acil":true,"yatak":null,"isletmeci":"Sağlık Bakanlığı","telefon":"+90 376 213 2727","web":"https://cankiridh.saglik.gov.tr/","adres":"","osm":"https://www.openstreetmap.org/way/1253891450"},"geometry":{"type":"Point","coordinates":[33.60783,40.624]}},{"type":"Feature","properties":{"_id":"w1254834869","ad":"Dazkırı İlçe Devlet Hastanesi","il":"Afyonkarahisar","ilce":"","tur":"Devlet","brans":"Genel","acil":null,"yatak":null,"isletmeci":"","telefon":"","web":"","adres":"","osm":"https://www.openstreetmap.org/way/1254834869"},"geometry":{"type":"Point","coordinates":[29.86389,37.92289]}},{"type":"Feature","properties":{"_id":"w1255174526","ad":"Gölmarmara Devlet Hastanesi","il":"Manisa","ilce":"Gölmarmara","tur":"Devlet","brans":"Genel","acil":true,"yatak":null,"isletmeci":"Sağlık Bakanlığı","telefon":"","web":"","adres":"","osm":"https://www.openstreetmap.org/way/1255174526"},"geometry":{"type":"Point","coordinates":[27.91187,38.71818]}},{"type":"Feature","properties":{"_id":"w1255182504","ad":"Buharkent İlçe Devlet Hastanesi","il":"Aydın","ilce":"","tur":"Devlet","brans":"Genel","acil":true,"yatak":null,"isletmeci":"","telefon":"","web":"","adres":"","osm":"https://www.openstreetmap.org/way/1255182504"},"geometry":{"type":"Point","coordinates":[28.74187,37.9699]}},{"type":"Feature","properties":{"_id":"w1255319110","ad":"Özel Atakent Cihan Hastanesi","il":"Kocaeli","ilce":"","tur":"Özel","brans":"Genel","acil":null,"yatak":null,"isletmeci":"","telefon":"","web":"","adres":"","osm":"https://www.openstreetmap.org/way/1255319110"},"geometry":{"type":"Point","coordinates":[29.96122,40.76983]}},{"type":"Feature","properties":{"_id":"w1255716577","ad":"Gümüşhane Devlet Hastanesi","il":"Gümüşhane","ilce":"","tur":"Devlet","brans":"Dal hastanesi","acil":null,"yatak":null,"isletmeci":"","telefon":"","web":"","adres":"","osm":"https://www.openstreetmap.org/way/1255716577"},"geometry":{"type":"Point","coordinates":[39.49838,40.44249]}},{"type":"Feature","properties":{"_id":"w1255948973","ad":"Çal Devlet Hastanesi","il":"Denizli","ilce":"","tur":"Devlet","brans":"Genel","acil":true,"yatak":null,"isletmeci":"","telefon":"","web":"","adres":"","osm":"https://www.openstreetmap.org/way/1255948973"},"geometry":{"type":"Point","coordinates":[29.39256,38.0815]}},{"type":"Feature","properties":{"_id":"w1256485751","ad":"Pamukova İlçe Devlet Hastanesi","il":"Sakarya","ilce":"","tur":"Devlet","brans":"Genel","acil":true,"yatak":null,"isletmeci":"Sağlık Bakanlığı","telefon":"","web":"","adres":"","osm":"https://www.openstreetmap.org/way/1256485751"},"geometry":{"type":"Point","coordinates":[30.18222,40.50557]}},{"type":"Feature","properties":{"_id":"w1258522293","ad":"Özel Biga Can Hastanesi","il":"Çanakkale","ilce":"Biga","tur":"Özel","brans":"Genel","acil":true,"yatak":null,"isletmeci":"","telefon":"+904444417","web":"http://bigacan.com.tr","adres":"Şehit Uzman Onbaşı Ulaş Açıkgöz Caddesi 3","osm":"https://www.openstreetmap.org/way/1258522293"},"geometry":{"type":"Point","coordinates":[27.25985,40.23341]}},{"type":"Feature","properties":{"_id":"w1258538438","ad":"Balya Entegre Devlet Hastanesi","il":"Balıkesir","ilce":"","tur":"Devlet","brans":"Genel","acil":null,"yatak":null,"isletmeci":"","telefon":"","web":"","adres":"","osm":"https://www.openstreetmap.org/way/1258538438"},"geometry":{"type":"Point","coordinates":[27.57819,39.74913]}},{"type":"Feature","properties":{"_id":"w1258964708","ad":"Aralık Devlet Hastanesi","il":"Iğdır","ilce":"","tur":"Devlet","brans":"Genel","acil":true,"yatak":null,"isletmeci":"Sağlık Bakanlığı","telefon":"","web":"","adres":"","osm":"https://www.openstreetmap.org/way/1258964708"},"geometry":{"type":"Point","coordinates":[44.51133,39.86784]}},{"type":"Feature","properties":{"_id":"w1260461998","ad":"Çermik Devlet Hastanesi","il":"Diyarbakır","ilce":"","tur":"Devlet","brans":"Genel","acil":null,"yatak":null,"isletmeci":"Sağlık Bakanlığı","telefon":"","web":"","adres":"","osm":"https://www.openstreetmap.org/way/1260461998"},"geometry":{"type":"Point","coordinates":[39.47548,38.14384]}},{"type":"Feature","properties":{"_id":"w1267973185","ad":"İrmet Hastanesi","il":"Tekirdağ","ilce":"","tur":"Belirsiz","brans":"Genel","acil":true,"yatak":null,"isletmeci":"","telefon":"+90 282 725 44 44","web":"https://irmethospital.com","adres":"","osm":"https://www.openstreetmap.org/way/1267973185"},"geometry":{"type":"Point","coordinates":[27.99512,41.29362]}},{"type":"Feature","properties":{"_id":"w1269275825","ad":"Lalapaşa İlçe Devlet Hastanesi","il":"Edirne","ilce":"","tur":"Devlet","brans":"Genel","acil":true,"yatak":null,"isletmeci":"Sağlık Bakanlığı","telefon":"","web":"","adres":"","osm":"https://www.openstreetmap.org/way/1269275825"},"geometry":{"type":"Point","coordinates":[26.73157,41.83946]}},{"type":"Feature","properties":{"_id":"w1272754030","ad":"Burdur Devlet Hastanesi","il":"Burdur","ilce":"Merkez","tur":"Devlet","brans":"Genel","acil":true,"yatak":null,"isletmeci":"Sağlık Bakanlığı","telefon":"+90 248 242 15 15","web":"","adres":"Zeynel Abidin Tonguç Caddesi No.: 4","osm":"https://www.openstreetmap.org/way/1272754030"},"geometry":{"type":"Point","coordinates":[30.23019,37.71325]}},{"type":"Feature","properties":{"_id":"w1276304314","ad":"Defne Devlet Hastanesi","il":"Hatay","ilce":"Defne","tur":"Devlet","brans":"Genel","acil":true,"yatak":null,"isletmeci":"Sağlık Bakanlığı","telefon":"+90 326 227 1515","web":"https://defnedh.saglik.gov.tr/","adres":"Değirmenyolu Caddesi","osm":"https://www.openstreetmap.org/way/1276304314"},"geometry":{"type":"Point","coordinates":[36.12491,36.16205]}},{"type":"Feature","properties":{"_id":"w1276598736","ad":"Özel Medikum Hastanesi","il":"Antalya","ilce":"","tur":"Özel","brans":"Genel","acil":null,"yatak":null,"isletmeci":"","telefon":"","web":"","adres":"","osm":"https://www.openstreetmap.org/way/1276598736"},"geometry":{"type":"Point","coordinates":[30.27714,36.36794]}},{"type":"Feature","properties":{"_id":"w1278109719","ad":"Eğil İlçe Devlet Hastanesi","il":"Diyarbakır","ilce":"Eğil","tur":"Devlet","brans":"Genel","acil":true,"yatak":null,"isletmeci":"Sağlık Bakanlığı","telefon":"+90 412 581 2007","web":"https://egildh.saglik.gov.tr/","adres":"","osm":"https://www.openstreetmap.org/way/1278109719"},"geometry":{"type":"Point","coordinates":[40.0855,38.25817]}},{"type":"Feature","properties":{"_id":"w1278650977","ad":"Saimbeyli Şehit Uzman Çavuş Adem Ambarcı İlçe Devlet Hastanesi","il":"Adana","ilce":"","tur":"Devlet","brans":"Genel","acil":true,"yatak":null,"isletmeci":"Sağlık Bakanlığı","telefon":"","web":"","adres":"","osm":"https://www.openstreetmap.org/way/1278650977"},"geometry":{"type":"Point","coordinates":[36.08318,37.98043]}},{"type":"Feature","properties":{"_id":"w1279070752","ad":"Başakşehir Devlet Hastanesi","il":"İstanbul","ilce":"Başakşehir","tur":"Devlet","brans":"Genel","acil":true,"yatak":null,"isletmeci":"Sağlık Bakanlığı","telefon":"","web":"","adres":"","osm":"https://www.openstreetmap.org/way/1279070752"},"geometry":{"type":"Point","coordinates":[28.80869,41.1185]}},{"type":"Feature","properties":{"_id":"w1279579048","ad":"Urla Devlet Hastanesi","il":"İzmir","ilce":"Urla","tur":"Devlet","brans":"Genel","acil":true,"yatak":null,"isletmeci":"","telefon":"+90 232 735 4444","web":"https://urladh.saglik.gov.tr/","adres":"","osm":"https://www.openstreetmap.org/way/1279579048"},"geometry":{"type":"Point","coordinates":[26.74624,38.33058]}},{"type":"Feature","properties":{"_id":"w1282374141","ad":"Tepebaşı Ağız ve Diş Sağlığı Eğitim Araştırma Hastanesi","il":"Ankara","ilce":"","tur":"Eğitim ve araştırma","brans":"Dal hastanesi","acil":null,"yatak":null,"isletmeci":"","telefon":"","web":"","adres":"","osm":"https://www.openstreetmap.org/way/1282374141"},"geometry":{"type":"Point","coordinates":[32.86506,39.98464]}},{"type":"Feature","properties":{"_id":"w1283148335","ad":"Kumru Devlet Hastanesi","il":"Ordu","ilce":"Kumru","tur":"Devlet","brans":"Genel","acil":true,"yatak":null,"isletmeci":"","telefon":"+90 452 641 4600","web":"https://kumrudh.saglik.gov.tr/","adres":"","osm":"https://www.openstreetmap.org/way/1283148335"},"geometry":{"type":"Point","coordinates":[37.26891,40.87279]}},{"type":"Feature","properties":{"_id":"w1290947654","ad":"Devlet Hastanesi","il":"Kırşehir","ilce":"","tur":"Devlet","brans":"Genel","acil":null,"yatak":null,"isletmeci":"","telefon":"","web":"","adres":"","osm":"https://www.openstreetmap.org/way/1290947654"},"geometry":{"type":"Point","coordinates":[34.38171,39.0671]}},{"type":"Feature","properties":{"_id":"w1301284203","ad":"Çorlu Devlet Hastanesi","il":"Tekirdağ","ilce":"","tur":"Devlet","brans":"Genel","acil":null,"yatak":null,"isletmeci":"","telefon":"","web":"","adres":"","osm":"https://www.openstreetmap.org/way/1301284203"},"geometry":{"type":"Point","coordinates":[27.84141,41.14139]}},{"type":"Feature","properties":{"_id":"w1302089690","ad":"Antalya Şehir Hastanesi","il":"Antalya","ilce":"","tur":"Şehir hastanesi","brans":"Genel","acil":true,"yatak":null,"isletmeci":"Sağlık Bakanlığı","telefon":"","web":"","adres":"","osm":"https://www.openstreetmap.org/way/1302089690"},"geometry":{"type":"Point","coordinates":[30.66519,36.95339]}},{"type":"Feature","properties":{"_id":"w1302233960","ad":"Datça Devlet Hastanesi","il":"Muğla","ilce":"Datça","tur":"Devlet","brans":"Genel","acil":true,"yatak":null,"isletmeci":"Sağlık Bakanlığı","telefon":"+90 252 712 3082","web":"https://datcadh.saglik.gov.tr/","adres":"","osm":"https://www.openstreetmap.org/way/1302233960"},"geometry":{"type":"Point","coordinates":[27.67028,36.74363]}},{"type":"Feature","properties":{"_id":"w1302250325","ad":"Medipol Üniversitesi Esenler Hastanesi","il":"İstanbul","ilce":"","tur":"Üniversite","brans":"Genel","acil":null,"yatak":null,"isletmeci":"","telefon":"","web":"","adres":"","osm":"https://www.openstreetmap.org/way/1302250325"},"geometry":{"type":"Point","coordinates":[28.86629,41.05126]}},{"type":"Feature","properties":{"_id":"w1302284193","ad":"Avicenna Hastanesi","il":"İstanbul","ilce":"","tur":"Belirsiz","brans":"Genel","acil":null,"yatak":null,"isletmeci":"","telefon":"","web":"","adres":"","osm":"https://www.openstreetmap.org/way/1302284193"},"geometry":{"type":"Point","coordinates":[28.88102,41.04083]}},{"type":"Feature","properties":{"_id":"w1302677737","ad":"Esenler Kadın Doğum ve Çocuk Hastalıkları Hastanesi","il":"İstanbul","ilce":"","tur":"Devlet","brans":"Kadın doğum / çocuk","acil":null,"yatak":null,"isletmeci":"","telefon":"","web":"","adres":"","osm":"https://www.openstreetmap.org/way/1302677737"},"geometry":{"type":"Point","coordinates":[28.86911,41.05598]}},{"type":"Feature","properties":{"_id":"w1304649689","ad":"T.C Sağlık Bakanlığı (Pursaklar Ağız ve Diş Sağlığı Merkezi)","il":"Ankara","ilce":"","tur":"Devlet","brans":"Dal hastanesi","acil":false,"yatak":null,"isletmeci":"T.C Sağlık Bakanlığı","telefon":"","web":"","adres":"","osm":"https://www.openstreetmap.org/way/1304649689"},"geometry":{"type":"Point","coordinates":[32.90967,40.04613]}},{"type":"Feature","properties":{"_id":"w1306193760","ad":"Yalova Eğitim ve Araştırma Hastanesi","il":"Yalova","ilce":"Yalova","tur":"Eğitim ve araştırma","brans":"Genel","acil":true,"yatak":null,"isletmeci":"Sağlık Bakanlığı","telefon":"","web":"https://yalovadh.saglik.gov.tr/","adres":"","osm":"https://www.openstreetmap.org/way/1306193760"},"geometry":{"type":"Point","coordinates":[29.26584,40.63177]}},{"type":"Feature","properties":{"_id":"w1308420374","ad":"Ahlat Devlet Hastanesi","il":"Bitlis","ilce":"Ahlat","tur":"Devlet","brans":"Genel","acil":true,"yatak":null,"isletmeci":"","telefon":"","web":"","adres":"","osm":"https://www.openstreetmap.org/way/1308420374"},"geometry":{"type":"Point","coordinates":[42.47788,38.74802]}},{"type":"Feature","properties":{"_id":"w1310435506","ad":"Ardahan Devlet Hastanesi","il":"Ardahan","ilce":"","tur":"Devlet","brans":"Genel","acil":null,"yatak":null,"isletmeci":"Sağlık Bakanlığı","telefon":"","web":"","adres":"","osm":"https://www.openstreetmap.org/way/1310435506"},"geometry":{"type":"Point","coordinates":[42.67152,41.09261]}},{"type":"Feature","properties":{"_id":"w1310891463","ad":"Döşemealtı Devlet Hastanesi","il":"Antalya","ilce":"","tur":"Devlet","brans":"Genel","acil":null,"yatak":null,"isletmeci":"","telefon":"","web":"","adres":"","osm":"https://www.openstreetmap.org/way/1310891463"},"geometry":{"type":"Point","coordinates":[30.61528,37.04482]}},{"type":"Feature","properties":{"_id":"w1313480252","ad":"Kağıthane Kızılay Hastanesi","il":"İstanbul","ilce":"","tur":"Belirsiz","brans":"Genel","acil":null,"yatak":null,"isletmeci":"Kızılay","telefon":"","web":"","adres":"","osm":"https://www.openstreetmap.org/way/1313480252"},"geometry":{"type":"Point","coordinates":[28.97088,41.08267]}},{"type":"Feature","properties":{"_id":"w1315306033","ad":"Yerköy Devlet Hastanesi","il":"Yozgat","ilce":"Yerköy","tur":"Devlet","brans":"Genel","acil":true,"yatak":null,"isletmeci":"Sağlık Bakanlığı","telefon":"","web":"https://yerkoydh.saglik.gov.tr/","adres":"","osm":"https://www.openstreetmap.org/way/1315306033"},"geometry":{"type":"Point","coordinates":[34.49566,39.65804]}},{"type":"Feature","properties":{"_id":"w1316662866","ad":"Devlet Hastanesi","il":"Tokat","ilce":"","tur":"Devlet","brans":"Genel","acil":true,"yatak":null,"isletmeci":"","telefon":"","web":"","adres":"","osm":"https://www.openstreetmap.org/way/1316662866"},"geometry":{"type":"Point","coordinates":[36.29835,40.11915]}},{"type":"Feature","properties":{"_id":"w1318425452","ad":"S life hastanesi","il":"İstanbul","ilce":"","tur":"Belirsiz","brans":"Genel","acil":true,"yatak":null,"isletmeci":"","telefon":"","web":"","adres":"","osm":"https://www.openstreetmap.org/way/1318425452"},"geometry":{"type":"Point","coordinates":[28.65219,41.03985]}},{"type":"Feature","properties":{"_id":"w1319843595","ad":"Acıbadem Maslak Hastanesi","il":"İstanbul","ilce":"","tur":"Özel","brans":"Genel","acil":true,"yatak":null,"isletmeci":"Acıbadem","telefon":"","web":"","adres":"","osm":"https://www.openstreetmap.org/way/1319843595"},"geometry":{"type":"Point","coordinates":[29.0252,41.1274]}},{"type":"Feature","properties":{"_id":"w1324194934","ad":"İstanbul Meslek Hastalıkları Hastanesi","il":"İstanbul","ilce":"","tur":"Belirsiz","brans":"Genel","acil":null,"yatak":null,"isletmeci":"","telefon":"","web":"","adres":"","osm":"https://www.openstreetmap.org/way/1324194934"},"geometry":{"type":"Point","coordinates":[29.13879,40.94901]}},{"type":"Feature","properties":{"_id":"w1325469162","ad":"Memorial","il":"İstanbul","ilce":"","tur":"Özel","brans":"Genel","acil":null,"yatak":null,"isletmeci":"","telefon":"","web":"","adres":"","osm":"https://www.openstreetmap.org/way/1325469162"},"geometry":{"type":"Point","coordinates":[29.07986,40.99082]}},{"type":"Feature","properties":{"_id":"w1328355053","ad":"Erdem Hastanesi","il":"İstanbul","ilce":"Bağcılar","tur":"Özel","brans":"Dal hastanesi","acil":true,"yatak":null,"isletmeci":"","telefon":"","web":"","adres":"Favziçakmak Caddesi","osm":"https://www.openstreetmap.org/way/1328355053"},"geometry":{"type":"Point","coordinates":[28.82544,41.04013]}},{"type":"Feature","properties":{"_id":"w1330377509","ad":"Gömeç İlçe Devlet Hastanesi","il":"Balıkesir","ilce":"","tur":"Devlet","brans":"Genel","acil":null,"yatak":null,"isletmeci":"Sağlık Bakanlığı","telefon":"","web":"","adres":"","osm":"https://www.openstreetmap.org/way/1330377509"},"geometry":{"type":"Point","coordinates":[26.84369,39.39394]}},{"type":"Feature","properties":{"_id":"w1331102642","ad":"Osmaniye Diş Hekimliği","il":"Osmaniye","ilce":"","tur":"Ağız ve diş","brans":"Dal hastanesi","acil":null,"yatak":null,"isletmeci":"","telefon":"","web":"","adres":"","osm":"https://www.openstreetmap.org/way/1331102642"},"geometry":{"type":"Point","coordinates":[36.25012,37.08836]}},{"type":"Feature","properties":{"_id":"w1331425435","ad":"Bakırköy Prof. Dr. Mazhar Osman Ruh Sağlığı ve Sinir Hastalıkları Eğitim ve Araştırma Hastanesi","il":"İstanbul","ilce":"Bakırköy","tur":"Eğitim ve araştırma","brans":"Ruh sağlığı","acil":true,"yatak":null,"isletmeci":"Bakırköy Prof. Dr. Mazhar Osman Ruh Sağlığı ve Sinir Hastalıkları Eğitim ve Araştırma Hastanesi","telefon":"","web":"","adres":"Dr. Tevfik Sağlam Caddesi No:22","osm":"https://www.openstreetmap.org/way/1331425435"},"geometry":{"type":"Point","coordinates":[28.86197,40.98902]}},{"type":"Feature","properties":{"_id":"w1331432629","ad":"Özel Florya Hastanesi","il":"İstanbul","ilce":"","tur":"Özel","brans":"Genel","acil":null,"yatak":null,"isletmeci":"","telefon":"","web":"","adres":"","osm":"https://www.openstreetmap.org/way/1331432629"},"geometry":{"type":"Point","coordinates":[28.7476,40.97995]}},{"type":"Feature","properties":{"_id":"w1331432630","ad":"Avcılar Murat Kölük Devlet Hastanesi","il":"İstanbul","ilce":"","tur":"Devlet","brans":"Genel","acil":null,"yatak":null,"isletmeci":"","telefon":"","web":"","adres":"","osm":"https://www.openstreetmap.org/way/1331432630"},"geometry":{"type":"Point","coordinates":[28.73128,40.98475]}},{"type":"Feature","properties":{"_id":"w1331699480","ad":"Marmara İlçe Hastanesi","il":"Balıkesir","ilce":"","tur":"Devlet","brans":"Genel","acil":null,"yatak":null,"isletmeci":"","telefon":"","web":"","adres":"","osm":"https://www.openstreetmap.org/way/1331699480"},"geometry":{"type":"Point","coordinates":[27.55718,40.58799]}},{"type":"Feature","properties":{"_id":"w1331889244","ad":"Abdulkadir Yüksel Devlet Hastanesi","il":"Gaziantep","ilce":"","tur":"Devlet","brans":"Genel","acil":true,"yatak":null,"isletmeci":"","telefon":"","web":"https://abdulkadiryukseldh.saglik.gov.tr/","adres":"Abdulkadir Konukoğlu Caddesi 2","osm":"https://www.openstreetmap.org/way/1331889244"},"geometry":{"type":"Point","coordinates":[37.41726,37.05647]}},{"type":"Feature","properties":{"_id":"w1337703992","ad":"Harmancık Devlet Hastanesi","il":"Bursa","ilce":"","tur":"Devlet","brans":"Genel","acil":null,"yatak":null,"isletmeci":"Sağlık Bakanlığı","telefon":"","web":"","adres":"","osm":"https://www.openstreetmap.org/way/1337703992"},"geometry":{"type":"Point","coordinates":[29.15543,39.6798]}},{"type":"Feature","properties":{"_id":"w1338854109","ad":"Doruk Nilüfer Hastanesi","il":"Bursa","ilce":"","tur":"Belirsiz","brans":"Genel","acil":null,"yatak":null,"isletmeci":"","telefon":"","web":"","adres":"","osm":"https://www.openstreetmap.org/way/1338854109"},"geometry":{"type":"Point","coordinates":[28.99183,40.20904]}},{"type":"Feature","properties":{"_id":"w1339283602","ad":"Susurluk Devlet Hastanesi","il":"Balıkesir","ilce":"","tur":"Devlet","brans":"Genel","acil":true,"yatak":null,"isletmeci":"Sağlık Bakanlığı","telefon":"","web":"","adres":"","osm":"https://www.openstreetmap.org/way/1339283602"},"geometry":{"type":"Point","coordinates":[28.16024,39.9011]}},{"type":"Feature","properties":{"_id":"w1346602879","ad":"Aziziye 2 Nolu Acil Sağlık Hizmetleri İstasyonu","il":"Erzurum","ilce":"","tur":"Devlet","brans":"Genel","acil":null,"yatak":null,"isletmeci":"Sağlık Bakanlığı","telefon":"","web":"","adres":"","osm":"https://www.openstreetmap.org/way/1346602879"},"geometry":{"type":"Point","coordinates":[41.19927,39.91632]}},{"type":"Feature","properties":{"_id":"w1348505336","ad":"Gülşehir İlçe Devlet Hastanesi","il":"Nevşehir","ilce":"","tur":"Devlet","brans":"Dal hastanesi","acil":true,"yatak":null,"isletmeci":"Sağlık Bakanlığı","telefon":"+90 384 411 30 06","web":"","adres":"Şehit Er Duran Çekiç Caddesi 3-C","osm":"https://www.openstreetmap.org/way/1348505336"},"geometry":{"type":"Point","coordinates":[34.62214,38.74807]}},{"type":"Feature","properties":{"_id":"w1348690731","ad":"Yenipazar İlçe Devlet Hastanesi","il":"Bilecik","ilce":"Yenipazar","tur":"Devlet","brans":"Genel","acil":true,"yatak":null,"isletmeci":"Sağlık Bakanlığı","telefon":"+90 228 431 20 30","web":"https://yenipazardh.saglik.gov.tr/","adres":"Adnan Kahveci Caddesi 7/1","osm":"https://www.openstreetmap.org/way/1348690731"},"geometry":{"type":"Point","coordinates":[30.51834,40.17672]}},{"type":"Feature","properties":{"_id":"w1348710393","ad":"Göztepe Hastanesi","il":"Zonguldak","ilce":"","tur":"Belirsiz","brans":"Dal hastanesi","acil":null,"yatak":null,"isletmeci":"","telefon":"","web":"","adres":"","osm":"https://www.openstreetmap.org/way/1348710393"},"geometry":{"type":"Point","coordinates":[31.42258,41.27167]}},{"type":"Feature","properties":{"_id":"w1351527614","ad":"Hani Devlet Hastanesi","il":"Diyarbakır","ilce":"Hani","tur":"Devlet","brans":"Genel","acil":true,"yatak":null,"isletmeci":"Sağlık Bakanlığı","telefon":"+90 412 651 2480","web":"https://hanidh.saglik.gov.tr/","adres":"","osm":"https://www.openstreetmap.org/way/1351527614"},"geometry":{"type":"Point","coordinates":[40.40269,38.40751]}},{"type":"Feature","properties":{"_id":"w1353648017","ad":"Andırın Devlet Hastanesi","il":"Kahramanmaraş","ilce":"Andırın","tur":"Devlet","brans":"Genel","acil":true,"yatak":null,"isletmeci":"","telefon":"+90 344 221 2417","web":"","adres":"","osm":"https://www.openstreetmap.org/way/1353648017"},"geometry":{"type":"Point","coordinates":[36.34703,37.56777]}},{"type":"Feature","properties":{"_id":"w1354421226","ad":"Esenler Kadın Doğum Hastanesi","il":"İstanbul","ilce":"Esenler","tur":"Devlet","brans":"Kadın doğum / çocuk","acil":true,"yatak":null,"isletmeci":"Sağlık Bakanlığı","telefon":"","web":"","adres":"Taşocağı Caddesi","osm":"https://www.openstreetmap.org/way/1354421226"},"geometry":{"type":"Point","coordinates":[28.86914,41.05581]}},{"type":"Feature","properties":{"_id":"w1357218741","ad":"İzmir Bergama Necla - Mithat Öztüre Devlet Hastanesi","il":"İzmir","ilce":"Bergama","tur":"Devlet","brans":"Genel","acil":true,"yatak":null,"isletmeci":"Sağlık Bakanlığı","telefon":"+90 (232) 631 28 94","web":"https://bergamadh.saglik.gov.tr/","adres":"Adnan Menderes Bulvarı No : 223","osm":"https://www.openstreetmap.org/way/1357218741"},"geometry":{"type":"Point","coordinates":[27.19794,39.11835]}},{"type":"Feature","properties":{"_id":"w1358619487","ad":"Acıbadem Kartal Hastanesi","il":"İstanbul","ilce":"Kartal","tur":"Özel","brans":"Genel","acil":true,"yatak":null,"isletmeci":"Acıbadem","telefon":"","web":"","adres":"Sanayi Caddesi 1","osm":"https://www.openstreetmap.org/way/1358619487"},"geometry":{"type":"Point","coordinates":[29.20725,40.88638]}},{"type":"Feature","properties":{"_id":"w1358993954","ad":"Medipol Üniversitesi Çamlıca Hastanesi","il":"İstanbul","ilce":"üsküdar","tur":"Üniversite","brans":"Genel","acil":true,"yatak":null,"isletmeci":"Medipol Üniversitesi","telefon":"","web":"","adres":"Alemdağ Caddesi 100","osm":"https://www.openstreetmap.org/way/1358993954"},"geometry":{"type":"Point","coordinates":[29.08206,41.02332]}},{"type":"Feature","properties":{"_id":"w1359292756","ad":"Hendek İlçe Devlet Hastanesi","il":"Sakarya","ilce":"","tur":"Devlet","brans":"Genel","acil":null,"yatak":null,"isletmeci":"Sağlık Bakanlığı","telefon":"","web":"","adres":"","osm":"https://www.openstreetmap.org/way/1359292756"},"geometry":{"type":"Point","coordinates":[30.72136,40.77006]}},{"type":"Feature","properties":{"_id":"w1359297587","ad":"Ayvalık Devlet Hastanesi","il":"Balıkesir","ilce":"Ayvalık","tur":"Devlet","brans":"Genel","acil":true,"yatak":null,"isletmeci":"Sağlık Bakanlığı","telefon":"","web":"","adres":"","osm":"https://www.openstreetmap.org/way/1359297587"},"geometry":{"type":"Point","coordinates":[26.70805,39.32118]}},{"type":"Feature","properties":{"_id":"w1359824861","ad":"Ağız ve Diş Sağlığı Hastanesi","il":"İzmir","ilce":"Karabağlar","tur":"Üniversite","brans":"Dal hastanesi","acil":false,"yatak":null,"isletmeci":"İzmir Demokrasi Üniversitesi","telefon":"+90 232 299 06 00","web":"https://agizdis.idu.edu.tr","adres":"3962/30. Sokak 86","osm":"https://www.openstreetmap.org/way/1359824861"},"geometry":{"type":"Point","coordinates":[27.08927,38.34685]}},{"type":"Feature","properties":{"_id":"w1360304481","ad":"İvrindi İlçe Devlet Hastanesi","il":"Balıkesir","ilce":"","tur":"Devlet","brans":"Genel","acil":null,"yatak":null,"isletmeci":"Sağlık Bakanlığı","telefon":"","web":"","adres":"","osm":"https://www.openstreetmap.org/way/1360304481"},"geometry":{"type":"Point","coordinates":[27.49478,39.59458]}},{"type":"Feature","properties":{"_id":"w1361474429","ad":"Armutlu İlçe Devlet Hastanesi","il":"Yalova","ilce":"","tur":"Devlet","brans":"Genel","acil":null,"yatak":null,"isletmeci":"Sağlık Bakanlığı","telefon":"","web":"","adres":"","osm":"https://www.openstreetmap.org/way/1361474429"},"geometry":{"type":"Point","coordinates":[28.82757,40.52655]}},{"type":"Feature","properties":{"_id":"w1361474431","ad":"Armutlu İlçe Entegre Devlet Hastanesi","il":"Yalova","ilce":"","tur":"Devlet","brans":"Genel","acil":null,"yatak":null,"isletmeci":"Sağlık Bakanlığı","telefon":"","web":"","adres":"","osm":"https://www.openstreetmap.org/way/1361474431"},"geometry":{"type":"Point","coordinates":[28.82751,40.52656]}},{"type":"Feature","properties":{"_id":"w1362014518","ad":"Seydikemer Devlet Hastanesi","il":"Muğla","ilce":"","tur":"Devlet","brans":"Genel","acil":null,"yatak":null,"isletmeci":"Sağlık Bakanlığı","telefon":"+90 252 502 40 00","web":"https://seydikemerdh.saglik.gov.tr","adres":"","osm":"https://www.openstreetmap.org/way/1362014518"},"geometry":{"type":"Point","coordinates":[29.38947,36.63935]}},{"type":"Feature","properties":{"_id":"w1369100585","ad":"Bünyan Devlet Hastanesi","il":"Kayseri","ilce":"Bünyan","tur":"Devlet","brans":"Genel","acil":true,"yatak":null,"isletmeci":"Sağlık Bakanlığı","telefon":"+90 352 712 2188","web":"https://bunyandh.saglik.gov.tr/","adres":"","osm":"https://www.openstreetmap.org/way/1369100585"},"geometry":{"type":"Point","coordinates":[35.87254,38.84644]}},{"type":"Feature","properties":{"_id":"w1374959964","ad":"Megapol Hastanesi","il":"İstanbul","ilce":"","tur":"Belirsiz","brans":"Genel","acil":null,"yatak":null,"isletmeci":"","telefon":"","web":"https://megapolhastanesi.com.tr/","adres":"","osm":"https://www.openstreetmap.org/way/1374959964"},"geometry":{"type":"Point","coordinates":[29.19948,40.91612]}},{"type":"Feature","properties":{"_id":"w1375092423","ad":"Balıkesir Üniversitesi Sağlık Uygulama ve Araştırma Hastanesi","il":"Balıkesir","ilce":"Balıkesir","tur":"Üniversite","brans":"Dal hastanesi","acil":true,"yatak":null,"isletmeci":"Balıkesir Üniversitesi","telefon":"+90 266 612 10 10","web":"http://hastane.balikesir.edu.tr/","adres":"","osm":"https://www.openstreetmap.org/way/1375092423"},"geometry":{"type":"Point","coordinates":[27.99995,39.54892]}},{"type":"Feature","properties":{"_id":"w1376230581","ad":"Aksu Özel Göztepe Hastanesi","il":"İstanbul","ilce":"Kadıköy","tur":"Özel","brans":"Dal hastanesi","acil":null,"yatak":null,"isletmeci":"","telefon":"","web":"https://aksugoztepehastanesi.com.tr","adres":"Şahika Sokağı 32","osm":"https://www.openstreetmap.org/way/1376230581"},"geometry":{"type":"Point","coordinates":[29.06199,40.98779]}},{"type":"Feature","properties":{"_id":"w1379875432","ad":"Marmaris Devlet Hastanesi","il":"Muğla","ilce":"Marmaris","tur":"Devlet","brans":"Genel","acil":null,"yatak":null,"isletmeci":"Muğla İl Sağlık Müdürlüğü","telefon":"+90 252 412 10 29;+90 252 413 44 55;+90 252 413 44 56;+90 252 413 44 57","web":"https://marmarisdh.saglik.gov.tr","adres":"Atatürk Caddesi 20","osm":"https://www.openstreetmap.org/way/1379875432"},"geometry":{"type":"Point","coordinates":[28.2679,36.87036]}},{"type":"Feature","properties":{"_id":"w1381189064","ad":"Pertek İlçe Devlet Hastanesi","il":"Tunceli","ilce":"","tur":"Devlet","brans":"Genel","acil":true,"yatak":null,"isletmeci":"Sağlık Bakanlığı","telefon":"","web":"","adres":"","osm":"https://www.openstreetmap.org/way/1381189064"},"geometry":{"type":"Point","coordinates":[39.32506,38.86822]}},{"type":"Feature","properties":{"_id":"w1381506284","ad":"Güdül İlçe Devlet Hastanesi","il":"Ankara","ilce":"Güdül","tur":"Devlet","brans":"Dal hastanesi","acil":null,"yatak":null,"isletmeci":"Sağlık Bakanlığı","telefon":"","web":"","adres":"Sağlık Sokağı 8","osm":"https://www.openstreetmap.org/way/1381506284"},"geometry":{"type":"Point","coordinates":[32.24623,40.20741]}},{"type":"Feature","properties":{"_id":"w1381509803","ad":"Pendik Medipol Üniversitesi Hastanesi","il":"İstanbul","ilce":"","tur":"Üniversite","brans":"Genel","acil":true,"yatak":null,"isletmeci":"","telefon":"","web":"","adres":"","osm":"https://www.openstreetmap.org/way/1381509803"},"geometry":{"type":"Point","coordinates":[29.23513,40.88456]}},{"type":"Feature","properties":{"_id":"w1382237466","ad":"Karakeçili İlçe Devlet Hastanesi","il":"Kırıkkale","ilce":"","tur":"Devlet","brans":"Genel","acil":null,"yatak":null,"isletmeci":"Sağlık Bakanlığı","telefon":"+90 318 474 34 52","web":"https://karakecilidh.saglik.gov.tr","adres":"","osm":"https://www.openstreetmap.org/way/1382237466"},"geometry":{"type":"Point","coordinates":[33.39676,39.58442]}},{"type":"Feature","properties":{"_id":"w1382641309","ad":"Central Hospital","il":"İstanbul","ilce":"","tur":"Özel","brans":"Genel","acil":null,"yatak":null,"isletmeci":"","telefon":"","web":"https://www.central.com.tr/hastane/atasehir","adres":"Kayışdağı Caddesi 57","osm":"https://www.openstreetmap.org/way/1382641309"},"geometry":{"type":"Point","coordinates":[29.11072,40.97926]}},{"type":"Feature","properties":{"_id":"w1383508734","ad":"Feke İlçe Devlet Hastanesi","il":"Adana","ilce":"","tur":"Devlet","brans":"Genel","acil":true,"yatak":null,"isletmeci":"Sağlık Bakanlığı","telefon":"","web":"","adres":"","osm":"https://www.openstreetmap.org/way/1383508734"},"geometry":{"type":"Point","coordinates":[35.92052,37.81603]}},{"type":"Feature","properties":{"_id":"w1384077790","ad":"İbni Sina Hastanesi","il":"İstanbul","ilce":"","tur":"Belirsiz","brans":"Genel","acil":null,"yatak":null,"isletmeci":"","telefon":"","web":"","adres":"","osm":"https://www.openstreetmap.org/way/1384077790"},"geometry":{"type":"Point","coordinates":[29.16721,40.90088]}},{"type":"Feature","properties":{"_id":"w1384580578","ad":"Keles Devlet Hastanesi","il":"Bursa","ilce":"","tur":"Devlet","brans":"Genel","acil":true,"yatak":null,"isletmeci":"","telefon":"","web":"","adres":"","osm":"https://www.openstreetmap.org/way/1384580578"},"geometry":{"type":"Point","coordinates":[29.23065,39.91272]}},{"type":"Feature","properties":{"_id":"w1387844865","ad":"Espiye İlçe Devlet Hastanesi","il":"Giresun","ilce":"Espiye","tur":"Devlet","brans":"Genel","acil":true,"yatak":null,"isletmeci":"Sağlık Bakanlığı","telefon":"","web":"","adres":"","osm":"https://www.openstreetmap.org/way/1387844865"},"geometry":{"type":"Point","coordinates":[38.74041,40.96183]}},{"type":"Feature","properties":{"_id":"w1388192976","ad":"Elmalı 1 Nolu Acil Sağlık Hizmetleri İstasyonu","il":"Antalya","ilce":"","tur":"Devlet","brans":"Genel","acil":null,"yatak":null,"isletmeci":"Sağlık Bakanlığı","telefon":"","web":"","adres":"","osm":"https://www.openstreetmap.org/way/1388192976"},"geometry":{"type":"Point","coordinates":[29.92449,36.73503]}},{"type":"Feature","properties":{"_id":"w1388192977","ad":"Elmalı 1 Nolu Acil Sağlık Hizmetleri İstasyonu","il":"Antalya","ilce":"","tur":"Devlet","brans":"Genel","acil":null,"yatak":null,"isletmeci":"Sağlık Bakanlığı","telefon":"","web":"","adres":"","osm":"https://www.openstreetmap.org/way/1388192977"},"geometry":{"type":"Point","coordinates":[29.92454,36.73498]}},{"type":"Feature","properties":{"_id":"w1388494517","ad":"Özel Körfez Marmara Hastanesi","il":"Kocaeli","ilce":"","tur":"Özel","brans":"Genel","acil":null,"yatak":null,"isletmeci":"","telefon":"","web":"","adres":"","osm":"https://www.openstreetmap.org/way/1388494517"},"geometry":{"type":"Point","coordinates":[29.78763,40.75986]}},{"type":"Feature","properties":{"_id":"w1391575145","ad":"Bucak Devlet Hastanesi","il":"Burdur","ilce":"Bucak","tur":"Devlet","brans":"Genel","acil":null,"yatak":null,"isletmeci":"","telefon":"","web":"","adres":"2919. Sk 2","osm":"https://www.openstreetmap.org/way/1391575145"},"geometry":{"type":"Point","coordinates":[30.5658,37.47123]}},{"type":"Feature","properties":{"_id":"w1392936595","ad":"Kahta Göçeri Devlet Hastanesi","il":"Adıyaman","ilce":"","tur":"Devlet","brans":"Genel","acil":null,"yatak":null,"isletmeci":"Sağlık Bakanlığı","telefon":"+90 416 745 81 09","web":"https://goceridh.saglik.gov.tr","adres":"","osm":"https://www.openstreetmap.org/way/1392936595"},"geometry":{"type":"Point","coordinates":[38.74703,37.78132]}},{"type":"Feature","properties":{"_id":"w1392961263","ad":"Çayıralan İlçe Devlet Hastanesi","il":"Yozgat","ilce":"","tur":"Devlet","brans":"Genel","acil":null,"yatak":null,"isletmeci":"Sağlık Bakanlığı","telefon":"+90 354 736 17 84","web":"https://cayiralandh.saglik.gov.tr","adres":"Tekke Caddesi","osm":"https://www.openstreetmap.org/way/1392961263"},"geometry":{"type":"Point","coordinates":[35.6456,39.30593]}},{"type":"Feature","properties":{"_id":"w1393268988","ad":"Tınaztepe Torbalı Hastanesi","il":"İzmir","ilce":"","tur":"Özel","brans":"Genel","acil":null,"yatak":null,"isletmeci":"Tınaztepe Sağlık Grubu","telefon":"+90 232 856 07 06","web":"https://tinaztepe.com/tr/hastanelerimiz/torbali-hastanesi","adres":"Aydın Caddesi 336/1","osm":"https://www.openstreetmap.org/way/1393268988"},"geometry":{"type":"Point","coordinates":[27.36648,38.14269]}},{"type":"Feature","properties":{"_id":"w1395499640","ad":"Giresun Kadın Doğum ve Çocuk Hastalıkları Eğitim ve Araştırma Hastanesi","il":"Giresun","ilce":"","tur":"Eğitim ve araştırma","brans":"Kadın doğum / çocuk","acil":true,"yatak":null,"isletmeci":"Sağlık Bakanlığı","telefon":"","web":"https://giresunkdceah.saglik.gov.tr/","adres":"","osm":"https://www.openstreetmap.org/way/1395499640"},"geometry":{"type":"Point","coordinates":[38.3493,40.91028]}},{"type":"Feature","properties":{"_id":"w1410587054","ad":"Kangal Devlet Hastanesi","il":"Sivas","ilce":"","tur":"Devlet","brans":"Genel","acil":null,"yatak":null,"isletmeci":"Sağlık Bakanlığı","telefon":"","web":"","adres":"","osm":"https://www.openstreetmap.org/way/1410587054"},"geometry":{"type":"Point","coordinates":[37.39742,39.23014]}},{"type":"Feature","properties":{"_id":"w1412597040","ad":"Sındırgı Devlet Hastanesi","il":"Balıkesir","ilce":"","tur":"Devlet","brans":"Genel","acil":true,"yatak":null,"isletmeci":"Sağlık Bakanlığı","telefon":"","web":"","adres":"","osm":"https://www.openstreetmap.org/way/1412597040"},"geometry":{"type":"Point","coordinates":[28.17647,39.24631]}},{"type":"Feature","properties":{"_id":"w1415736589","ad":"Tonya Devlet Hastanesi","il":"Trabzon","ilce":"","tur":"Devlet","brans":"Genel","acil":null,"yatak":null,"isletmeci":"Sağlık Bakanlığı","telefon":"","web":"","adres":"","osm":"https://www.openstreetmap.org/way/1415736589"},"geometry":{"type":"Point","coordinates":[39.28922,40.89274]}},{"type":"Feature","properties":{"_id":"w1416643410","ad":"Op. Dr. Arash Jafari","il":"İstanbul","ilce":"Levent","tur":"Devlet","brans":"Dal hastanesi","acil":false,"yatak":null,"isletmeci":"","telefon":"","web":"","adres":"Büyükdere Caddesi 171/82","osm":"https://www.openstreetmap.org/way/1416643410"},"geometry":{"type":"Point","coordinates":[29.01287,41.07621]}},{"type":"Feature","properties":{"_id":"w1417231344","ad":"Düziçi Devlet Hastanesi","il":"Osmaniye","ilce":"Düziçi","tur":"Devlet","brans":"Genel","acil":true,"yatak":null,"isletmeci":"Sağlık Bakanlığı","telefon":"+90 328 816 1740","web":"https://duzicidh.saglik.gov.tr/","adres":"","osm":"https://www.openstreetmap.org/way/1417231344"},"geometry":{"type":"Point","coordinates":[36.45498,37.25648]}},{"type":"Feature","properties":{"_id":"w1419318286","ad":"Akçakoca Yeni Devlet Hastanesi","il":"Düzce","ilce":"","tur":"Devlet","brans":"Genel","acil":null,"yatak":null,"isletmeci":"Sağlık Bakanlığı","telefon":"","web":"","adres":"","osm":"https://www.openstreetmap.org/way/1419318286"},"geometry":{"type":"Point","coordinates":[31.12379,41.07581]}},{"type":"Feature","properties":{"_id":"w1420755340","ad":"Eşme Devlet Hastanesi","il":"Uşak","ilce":"","tur":"Devlet","brans":"Genel","acil":null,"yatak":null,"isletmeci":"","telefon":"","web":"","adres":"","osm":"https://www.openstreetmap.org/way/1420755340"},"geometry":{"type":"Point","coordinates":[28.98921,38.39604]}},{"type":"Feature","properties":{"_id":"w1420822841","ad":"Nurhak Devlet Hastanesi","il":"Kahramanmaraş","ilce":"","tur":"Devlet","brans":"Genel","acil":null,"yatak":null,"isletmeci":"Sağlık Bakanlığı","telefon":"","web":"","adres":"","osm":"https://www.openstreetmap.org/way/1420822841"},"geometry":{"type":"Point","coordinates":[37.46811,37.96557]}},{"type":"Feature","properties":{"_id":"w1421733423","ad":"Cumhuriyet Üniversitesi Hastanesi","il":"Sivas","ilce":"","tur":"Üniversite","brans":"Genel","acil":null,"yatak":null,"isletmeci":"","telefon":"","web":"","adres":"","osm":"https://www.openstreetmap.org/way/1421733423"},"geometry":{"type":"Point","coordinates":[37.03003,39.70954]}},{"type":"Feature","properties":{"_id":"w1422311662","ad":"Ruhi Tingiz Devlet Hastanesi","il":"Amasya","ilce":"","tur":"Devlet","brans":"Dal hastanesi","acil":true,"yatak":null,"isletmeci":"Sağlık Bakanlığı","telefon":"","web":"","adres":"","osm":"https://www.openstreetmap.org/way/1422311662"},"geometry":{"type":"Point","coordinates":[35.83215,40.64853]}},{"type":"Feature","properties":{"_id":"w1426578713","ad":"Özvatan Mehmet Ünlü Devlet Hastanesi","il":"Kayseri","ilce":"","tur":"Devlet","brans":"Genel","acil":null,"yatak":null,"isletmeci":"Sağlık Bakanlığı","telefon":"","web":"","adres":"","osm":"https://www.openstreetmap.org/way/1426578713"},"geometry":{"type":"Point","coordinates":[35.69381,39.1014]}},{"type":"Feature","properties":{"_id":"w1427486344","ad":"Bozova Devlet Hastanesi","il":"Şanlıurfa","ilce":"Bozova","tur":"Devlet","brans":"Genel","acil":true,"yatak":null,"isletmeci":"Sağlık Bakanlığı","telefon":"+90 414 711 5028","web":"https://bozovadh.saglik.gov.tr/","adres":"","osm":"https://www.openstreetmap.org/way/1427486344"},"geometry":{"type":"Point","coordinates":[38.51437,37.36133]}},{"type":"Feature","properties":{"_id":"w1428343152","ad":"Karamanlı Devlet Hastanesi","il":"Burdur","ilce":"","tur":"Devlet","brans":"Genel","acil":true,"yatak":null,"isletmeci":"Sağlık Bakanlığı","telefon":"","web":"","adres":"","osm":"https://www.openstreetmap.org/way/1428343152"},"geometry":{"type":"Point","coordinates":[29.8179,37.36822]}},{"type":"Feature","properties":{"_id":"w1428631758","ad":"Diş Hastanesi","il":"Bilecik","ilce":"","tur":"Devlet","brans":"Dal hastanesi","acil":true,"yatak":null,"isletmeci":"Sağlık Bakanlığı","telefon":"","web":"","adres":"","osm":"https://www.openstreetmap.org/way/1428631758"},"geometry":{"type":"Point","coordinates":[29.98043,40.13104]}},{"type":"Feature","properties":{"_id":"w1428631765","ad":"Eski Devlet Hastanesi","il":"Bilecik","ilce":"","tur":"Devlet","brans":"Genel","acil":null,"yatak":null,"isletmeci":"","telefon":"","web":"","adres":"","osm":"https://www.openstreetmap.org/way/1428631765"},"geometry":{"type":"Point","coordinates":[29.98024,40.13761]}},{"type":"Feature","properties":{"_id":"w1428972184","ad":"Ulus İlçe Devlet Hastanesi","il":"Bartın","ilce":"","tur":"Devlet","brans":"Genel","acil":null,"yatak":null,"isletmeci":"Sağlık Bakanlığı","telefon":"","web":"","adres":"","osm":"https://www.openstreetmap.org/way/1428972184"},"geometry":{"type":"Point","coordinates":[32.63526,41.5809]}},{"type":"Feature","properties":{"_id":"w1430872335","ad":"Edremit Devlet Hastanesi","il":"Balıkesir","ilce":"Edremit","tur":"Devlet","brans":"Dal hastanesi","acil":true,"yatak":null,"isletmeci":"Sağlık Bakanlığı","telefon":"+90 266 373 4004","web":"","adres":"1","osm":"https://www.openstreetmap.org/way/1430872335"},"geometry":{"type":"Point","coordinates":[27.043,39.57663]}},{"type":"Feature","properties":{"_id":"w1435335177","ad":"Tekirdağ Namık Kemal Üniversitesi Hastanesi","il":"Tekirdağ","ilce":"","tur":"Üniversite","brans":"Genel","acil":true,"yatak":null,"isletmeci":"Tekirdağ Namık Kemal Üniversitesi","telefon":"+90 282 250 50 50","web":"https://hastane.nku.edu.tr/","adres":"","osm":"https://www.openstreetmap.org/way/1435335177"},"geometry":{"type":"Point","coordinates":[27.58725,40.99692]}},{"type":"Feature","properties":{"_id":"w1437008081","ad":"Giresun Alucra İlçe Devlet Hastanesi","il":"Giresun","ilce":"","tur":"Devlet","brans":"Genel","acil":null,"yatak":null,"isletmeci":"Sağlık Bakanlığı","telefon":"","web":"","adres":"","osm":"https://www.openstreetmap.org/way/1437008081"},"geometry":{"type":"Point","coordinates":[38.76066,40.33194]}},{"type":"Feature","properties":{"_id":"w1443866353","ad":"Kırıkkale Üniversitesi Fizik Tedavi ve Rehabilitasyon Hastanesi","il":"Kırıkkale","ilce":"","tur":"Üniversite","brans":"Dal hastanesi","acil":null,"yatak":null,"isletmeci":"Kırıkkale Üniversitesi","telefon":"","web":"","adres":"","osm":"https://www.openstreetmap.org/way/1443866353"},"geometry":{"type":"Point","coordinates":[33.49606,39.81712]}},{"type":"Feature","properties":{"_id":"w1444096123","ad":"Ortaköy Devlet Hastanesi","il":"Aksaray","ilce":"","tur":"Devlet","brans":"Genel","acil":true,"yatak":null,"isletmeci":"Sağlık Bakanlığı","telefon":"","web":"","adres":"","osm":"https://www.openstreetmap.org/way/1444096123"},"geometry":{"type":"Point","coordinates":[34.0705,38.75552]}},{"type":"Feature","properties":{"_id":"w1445822579","ad":"Özel Aksaray Hastanesi","il":"Aksaray","ilce":"","tur":"Özel","brans":"Genel","acil":null,"yatak":null,"isletmeci":"","telefon":"","web":"","adres":"","osm":"https://www.openstreetmap.org/way/1445822579"},"geometry":{"type":"Point","coordinates":[33.97851,38.35732]}},{"type":"Feature","properties":{"_id":"w1447437510","ad":"Araban İlçe Devlet Hastanesi","il":"Gaziantep","ilce":"","tur":"Devlet","brans":"Genel","acil":true,"yatak":null,"isletmeci":"Sağlık Bakanlığı","telefon":"","web":"","adres":"","osm":"https://www.openstreetmap.org/way/1447437510"},"geometry":{"type":"Point","coordinates":[37.68094,37.41803]}},{"type":"Feature","properties":{"_id":"w1448443246","ad":"Köprüköy Devlet Hastanesi","il":"Erzurum","ilce":"","tur":"Devlet","brans":"Genel","acil":true,"yatak":null,"isletmeci":"Sağlık Bakanlığı","telefon":"","web":"","adres":"","osm":"https://www.openstreetmap.org/way/1448443246"},"geometry":{"type":"Point","coordinates":[41.86571,39.96633]}},{"type":"Feature","properties":{"_id":"w1450099868","ad":"Geyve Devlet Hastanesi","il":"Sakarya","ilce":"","tur":"Devlet","brans":"Genel","acil":null,"yatak":null,"isletmeci":"","telefon":"","web":"","adres":"","osm":"https://www.openstreetmap.org/way/1450099868"},"geometry":{"type":"Point","coordinates":[30.29564,40.52205]}},{"type":"Feature","properties":{"_id":"w1451059123","ad":"Sivaslı Devlet Hastanesi","il":"Uşak","ilce":"","tur":"Devlet","brans":"Genel","acil":true,"yatak":null,"isletmeci":"Sağlık Bakanlığı","telefon":"","web":"","adres":"","osm":"https://www.openstreetmap.org/way/1451059123"},"geometry":{"type":"Point","coordinates":[29.69275,38.49449]}},{"type":"Feature","properties":{"_id":"w1453098511","ad":"Çavdır İlçe Devlet Hastanesi","il":"Burdur","ilce":"","tur":"Devlet","brans":"Genel","acil":true,"yatak":null,"isletmeci":"","telefon":"","web":"","adres":"","osm":"https://www.openstreetmap.org/way/1453098511"},"geometry":{"type":"Point","coordinates":[29.68899,37.1566]}},{"type":"Feature","properties":{"_id":"w1453738831","ad":"Diş Hekimliği Fakültesi Hastanesi","il":"İzmir","ilce":"","tur":"Üniversite","brans":"Dal hastanesi","acil":null,"yatak":null,"isletmeci":"İzmir Kâtip Çelebi Üniversitesi","telefon":"","web":"","adres":"","osm":"https://www.openstreetmap.org/way/1453738831"},"geometry":{"type":"Point","coordinates":[27.03051,38.51967]}},{"type":"Feature","properties":{"_id":"w1454956920","ad":"Gazi Hastanesi","il":"İzmir","ilce":"","tur":"Belirsiz","brans":"Genel","acil":true,"yatak":null,"isletmeci":"","telefon":"+90 444 12 07","web":"https://www.gazihastanesi.com","adres":"Nevzat Güzelırmak Sokak 29","osm":"https://www.openstreetmap.org/way/1454956920"},"geometry":{"type":"Point","coordinates":[27.15177,38.42938]}},{"type":"Feature","properties":{"_id":"w1455284567","ad":"Mamak Devlet Hastanesi","il":"Ankara","ilce":"","tur":"Devlet","brans":"Genel","acil":true,"yatak":null,"isletmeci":"Sağlık Bakanlığı","telefon":"","web":"https://mamakdh.saglik.gov.tr/","adres":"","osm":"https://www.openstreetmap.org/way/1455284567"},"geometry":{"type":"Point","coordinates":[32.95528,39.914]}},{"type":"Feature","properties":{"_id":"w1456958601","ad":"Cide Devlet Hastanesi","il":"Kastamonu","ilce":"","tur":"Devlet","brans":"Genel","acil":null,"yatak":null,"isletmeci":"Sağlık Bakanlığı","telefon":"","web":"","adres":"","osm":"https://www.openstreetmap.org/way/1456958601"},"geometry":{"type":"Point","coordinates":[33.02391,41.90126]}},{"type":"Feature","properties":{"_id":"w1459042524","ad":"Özel Medi-Tech Hastanesi","il":"Ordu","ilce":"","tur":"Özel","brans":"Genel","acil":null,"yatak":null,"isletmeci":"","telefon":"","web":"","adres":"","osm":"https://www.openstreetmap.org/way/1459042524"},"geometry":{"type":"Point","coordinates":[37.48539,41.03298]}},{"type":"Feature","properties":{"_id":"w1459853594","ad":"Aydın Adnan Menderes Üniversitesi Hastanesi","il":"Aydın","ilce":"","tur":"Üniversite","brans":"Genel","acil":true,"yatak":null,"isletmeci":"Aydın Adnan Menderes Üniversitesi","telefon":"","web":"","adres":"","osm":"https://www.openstreetmap.org/way/1459853594"},"geometry":{"type":"Point","coordinates":[27.85974,37.85428]}},{"type":"Feature","properties":{"_id":"w1462541775","ad":"Özel Ege Şehir Hastanesi","il":"İzmir","ilce":"","tur":"Şehir hastanesi","brans":"Genel","acil":true,"yatak":null,"isletmeci":"","telefon":"","web":"","adres":"","osm":"https://www.openstreetmap.org/way/1462541775"},"geometry":{"type":"Point","coordinates":[27.16843,38.4241]}},{"type":"Feature","properties":{"_id":"w1462541776","ad":"Özel Gözde İzmir Hastanesi","il":"İzmir","ilce":"","tur":"Özel","brans":"Dal hastanesi","acil":true,"yatak":null,"isletmeci":"","telefon":"","web":"","adres":"","osm":"https://www.openstreetmap.org/way/1462541776"},"geometry":{"type":"Point","coordinates":[27.16818,38.42474]}},{"type":"Feature","properties":{"_id":"w1462880005","ad":"Harran Üniversitesi Hastanesi","il":"Şanlıurfa","ilce":"","tur":"Üniversite","brans":"Genel","acil":null,"yatak":null,"isletmeci":"Harran Üniversitesi","telefon":"","web":"","adres":"","osm":"https://www.openstreetmap.org/way/1462880005"},"geometry":{"type":"Point","coordinates":[38.99043,37.16911]}},{"type":"Feature","properties":{"_id":"w1463158355","ad":"Afyonkarahisar Sağlık Bilimleri Üniversitesi Hastanesi","il":"Afyonkarahisar","ilce":"","tur":"Üniversite","brans":"Genel","acil":true,"yatak":null,"isletmeci":"Afyonkarahisar Sağlık Bilimleri Üniversitesi","telefon":"","web":"https://hastane.afsu.edu.tr","adres":"","osm":"https://www.openstreetmap.org/way/1463158355"},"geometry":{"type":"Point","coordinates":[30.4671,38.78495]}},{"type":"Feature","properties":{"_id":"w1463690738","ad":"Artvin Sağlik Kompleksi","il":"Artvin","ilce":"","tur":"Belirsiz","brans":"Dal hastanesi","acil":null,"yatak":null,"isletmeci":"","telefon":"","web":"","adres":"","osm":"https://www.openstreetmap.org/way/1463690738"},"geometry":{"type":"Point","coordinates":[41.80556,41.1903]}},{"type":"Feature","properties":{"_id":"w1463891607","ad":"İSTÜN Şişli Kolan International Hospital","il":"İstanbul","ilce":"","tur":"Özel","brans":"Genel","acil":true,"yatak":null,"isletmeci":"Kolan Hospital Group","telefon":"+90 212 222 08 88","web":"https://kolanhastanesi.com.tr","adres":"Darülaceze Caddesi 14","osm":"https://www.openstreetmap.org/way/1463891607"},"geometry":{"type":"Point","coordinates":[28.98041,41.06483]}},{"type":"Feature","properties":{"_id":"w1463891640","ad":"Türkiye Hastanesi","il":"İstanbul","ilce":"","tur":"Belirsiz","brans":"Genel","acil":true,"yatak":null,"isletmeci":"","telefon":"+90 212 314 14 14","web":"https://www.turkiyehospital.org","adres":"Darülaceze Caddesi 14/1","osm":"https://www.openstreetmap.org/way/1463891640"},"geometry":{"type":"Point","coordinates":[28.9813,41.06595]}},{"type":"Feature","properties":{"_id":"w1464434924","ad":"Sancaktepe Sağlıklı Yaşam Köyü","il":"İstanbul","ilce":"","tur":"Devlet","brans":"Genel","acil":null,"yatak":null,"isletmeci":"Sağlık Bakanlığı","telefon":"","web":"","adres":"","osm":"https://www.openstreetmap.org/way/1464434924"},"geometry":{"type":"Point","coordinates":[29.21052,40.99681]}},{"type":"Feature","properties":{"_id":"w1465334190","ad":"Acıbadem Taksim Hastanesi","il":"İstanbul","ilce":"","tur":"Özel","brans":"Genel","acil":true,"yatak":null,"isletmeci":"Acıbadem","telefon":"","web":"","adres":"","osm":"https://www.openstreetmap.org/way/1465334190"},"geometry":{"type":"Point","coordinates":[28.98226,41.04147]}},{"type":"Feature","properties":{"_id":"w1465585338","ad":"Hilvan Devlet Hastanesi","il":"Şanlıurfa","ilce":"Hilvan","tur":"Devlet","brans":"Genel","acil":true,"yatak":null,"isletmeci":"Sağlık Bakanlığı","telefon":"+90 414 317 4000","web":"https://hilvandh.saglik.gov.tr/","adres":"","osm":"https://www.openstreetmap.org/way/1465585338"},"geometry":{"type":"Point","coordinates":[38.9788,37.59948]}},{"type":"Feature","properties":{"_id":"w1467060769","ad":"Yeni Horasan İlçe Hastanesi","il":"Erzurum","ilce":"","tur":"Devlet","brans":"Genel","acil":true,"yatak":null,"isletmeci":"Sağlık Bakanlığı","telefon":"","web":"","adres":"","osm":"https://www.openstreetmap.org/way/1467060769"},"geometry":{"type":"Point","coordinates":[42.14851,40.02881]}},{"type":"Feature","properties":{"_id":"w1472717652","ad":"Biruni Üniversitesi Tıp Fakültesi Hastanesi","il":"İstanbul","ilce":"","tur":"Üniversite","brans":"Genel","acil":true,"yatak":null,"isletmeci":"Biruni Üniversitesi","telefon":"444 8 276","web":"https://www.birunihastanesi.com.tr/","adres":"","osm":"https://www.openstreetmap.org/way/1472717652"},"geometry":{"type":"Point","coordinates":[28.7956,40.99895]}},{"type":"Feature","properties":{"_id":"w1472921971","ad":"Trabzon Şehir Hastanesi","il":"Trabzon","ilce":"","tur":"Şehir hastanesi","brans":"Genel","acil":null,"yatak":null,"isletmeci":"Sağlık Bakanlığı","telefon":"","web":"","adres":"","osm":"https://www.openstreetmap.org/way/1472921971"},"geometry":{"type":"Point","coordinates":[39.64133,41.00061]}},{"type":"Feature","properties":{"_id":"w1473298744","ad":"Sakarya Şehir Hastanesi","il":"Sakarya","ilce":"","tur":"Şehir hastanesi","brans":"Genel","acil":true,"yatak":null,"isletmeci":"Sağlık Bakanlığı","telefon":"","web":"","adres":"","osm":"https://www.openstreetmap.org/way/1473298744"},"geometry":{"type":"Point","coordinates":[30.30181,40.83732]}},{"type":"Feature","properties":{"_id":"w1474213066","ad":"Köse İlçe Devlet Hastanesi","il":"Gümüşhane","ilce":"","tur":"Devlet","brans":"Genel","acil":null,"yatak":null,"isletmeci":"Sağlık Bakanlığı","telefon":"","web":"","adres":"","osm":"https://www.openstreetmap.org/way/1474213066"},"geometry":{"type":"Point","coordinates":[39.65852,40.20814]}},{"type":"Feature","properties":{"_id":"w1474373190","ad":"Istanbul Faculty of Medicine Neurology Building","il":"İstanbul","ilce":"","tur":"Belirsiz","brans":"Dal hastanesi","acil":null,"yatak":null,"isletmeci":"","telefon":"","web":"","adres":"","osm":"https://www.openstreetmap.org/way/1474373190"},"geometry":{"type":"Point","coordinates":[28.93527,41.0171]}},{"type":"Feature","properties":{"_id":"w1474495491","ad":"Atapark Hastanesi","il":"Uşak","ilce":"","tur":"Belirsiz","brans":"Genel","acil":null,"yatak":null,"isletmeci":"","telefon":"","web":"","adres":"","osm":"https://www.openstreetmap.org/way/1474495491"},"geometry":{"type":"Point","coordinates":[29.39649,38.66354]}},{"type":"Feature","properties":{"_id":"w1475647949","ad":"Petcode Hayvan Hastanesi","il":"Ankara","ilce":"Çankaya","tur":"Belirsiz","brans":"Genel","acil":null,"yatak":null,"isletmeci":"","telefon":"","web":"","adres":"Reşit Galip Caddesi 111","osm":"https://www.openstreetmap.org/way/1475647949"},"geometry":{"type":"Point","coordinates":[32.87008,39.89019]}},{"type":"Feature","properties":{"_id":"w1481552502","ad":"Dicle Devlet Hastanesi","il":"Diyarbakır","ilce":"Dicle","tur":"Devlet","brans":"Genel","acil":true,"yatak":null,"isletmeci":"Sağlık Bakanlığı","telefon":"","web":"","adres":"","osm":"https://www.openstreetmap.org/way/1481552502"},"geometry":{"type":"Point","coordinates":[40.07078,38.36164]}},{"type":"Feature","properties":{"_id":"w1486431352","ad":"Süleyman İlik Devlet Hastanesi","il":"Balıkesir","ilce":"","tur":"Devlet","brans":"Genel","acil":null,"yatak":null,"isletmeci":"T.C. Sağlık Bakanlığı","telefon":"","web":"","adres":"","osm":"https://www.openstreetmap.org/way/1486431352"},"geometry":{"type":"Point","coordinates":[27.57026,40.57874]}},{"type":"Feature","properties":{"_id":"w1487293852","ad":"Özel Davraz Yaşam Hastanesi","il":"Isparta","ilce":"","tur":"Özel","brans":"Genel","acil":null,"yatak":null,"isletmeci":"","telefon":"","web":"","adres":"","osm":"https://www.openstreetmap.org/way/1487293852"},"geometry":{"type":"Point","coordinates":[30.55179,37.76814]}},{"type":"Feature","properties":{"_id":"w1490328438","ad":"Eğirdir Kemik Eklem Hastalıkları Tedavi ve Rehabilitasyon Hastanesi","il":"Isparta","ilce":"","tur":"Belirsiz","brans":"Genel","acil":null,"yatak":null,"isletmeci":"","telefon":"","web":"","adres":"","osm":"https://www.openstreetmap.org/way/1490328438"},"geometry":{"type":"Point","coordinates":[30.84885,37.85877]}},{"type":"Feature","properties":{"_id":"w1498628374","ad":"Büyükorhan Devlet Hastanesi","il":"Bursa","ilce":"","tur":"Devlet","brans":"Genel","acil":null,"yatak":null,"isletmeci":"","telefon":"","web":"","adres":"","osm":"https://www.openstreetmap.org/way/1498628374"},"geometry":{"type":"Point","coordinates":[28.88253,39.77524]}},{"type":"Feature","properties":{"_id":"w1501767660","ad":"İliç Hacı Halil Paşa Devlet Hastanesi","il":"Erzincan","ilce":"","tur":"Devlet","brans":"Genel","acil":null,"yatak":null,"isletmeci":"Sağlık Bakanlığı","telefon":"","web":"","adres":"","osm":"https://www.openstreetmap.org/way/1501767660"},"geometry":{"type":"Point","coordinates":[38.56317,39.4598]}},{"type":"Feature","properties":{"_id":"w1505122795","ad":"Karahallı Devlet Hastanesi","il":"Uşak","ilce":"","tur":"Devlet","brans":"Genel","acil":null,"yatak":null,"isletmeci":"Sağlık Bakanlığı","telefon":"","web":"","adres":"","osm":"https://www.openstreetmap.org/way/1505122795"},"geometry":{"type":"Point","coordinates":[29.53953,38.32556]}},{"type":"Feature","properties":{"_id":"w1508068139","ad":"Defa Life Hastanesi","il":"Gaziantep","ilce":"Şahinbey","tur":"Belirsiz","brans":"Genel","acil":true,"yatak":null,"isletmeci":"","telefon":"+90 342 335 3332","web":"https://defalife.com.tr/","adres":"74/1","osm":"https://www.openstreetmap.org/way/1508068139"},"geometry":{"type":"Point","coordinates":[37.3306,37.02702]}},{"type":"Feature","properties":{"_id":"r3425069","ad":"Dr. Sait Molu Acil Servisi","il":"Kayseri","ilce":"Kayseri","tur":"Belirsiz","brans":"Genel","acil":true,"yatak":null,"isletmeci":"","telefon":"","web":"","adres":"","osm":"https://www.openstreetmap.org/relation/3425069"},"geometry":{"type":"Point","coordinates":[35.52442,38.70464]}},{"type":"Feature","properties":{"_id":"r3428269","ad":"Erciyes Üniversitesi Tıp Fakültesi Gevher Nesibe Hastanesi","il":"Kayseri","ilce":"Kayseri","tur":"Üniversite","brans":"Genel","acil":null,"yatak":null,"isletmeci":"","telefon":"","web":"","adres":"","osm":"https://www.openstreetmap.org/relation/3428269"},"geometry":{"type":"Point","coordinates":[35.52398,38.70377]}},{"type":"Feature","properties":{"_id":"r3483672","ad":"Seyyid Burhanettin Devlet Hastanesi","il":"Kayseri","ilce":"","tur":"Devlet","brans":"Genel","acil":null,"yatak":null,"isletmeci":"","telefon":"","web":"","adres":"","osm":"https://www.openstreetmap.org/relation/3483672"},"geometry":{"type":"Point","coordinates":[35.50545,38.69189]}},{"type":"Feature","properties":{"_id":"r6025238","ad":"Kayseri Eğitim ve Araştırma Hastanesi","il":"Kayseri","ilce":"Kocasinan","tur":"Eğitim ve araştırma","brans":"Genel","acil":true,"yatak":null,"isletmeci":"","telefon":"+90 352 315 77 00","web":"https://kayserisehir.saglik.gov.tr","adres":"Muhsinyazıcıoğlu Bulvarı 77","osm":"https://www.openstreetmap.org/relation/6025238"},"geometry":{"type":"Point","coordinates":[35.40878,38.76761]}},{"type":"Feature","properties":{"_id":"r6490956","ad":"Bakırçay Üniversitesi Çiğli Bölge Eğitim ve Araştırma Hastanesi","il":"İzmir","ilce":"Çiğli","tur":"Eğitim ve araştırma","brans":"Genel","acil":null,"yatak":null,"isletmeci":"Sağlık Bakanlığı","telefon":"","web":"","adres":"","osm":"https://www.openstreetmap.org/relation/6490956"},"geometry":{"type":"Point","coordinates":[27.04959,38.50009]}},{"type":"Feature","properties":{"_id":"r7161571","ad":"Gazipaşa Devlet Hastanesi","il":"Antalya","ilce":"","tur":"Devlet","brans":"Genel","acil":true,"yatak":null,"isletmeci":"","telefon":"+902425721562","web":"https://gazipasadh.saglik.gov.tr/","adres":"","osm":"https://www.openstreetmap.org/relation/7161571"},"geometry":{"type":"Point","coordinates":[32.30314,36.27357]}},{"type":"Feature","properties":{"_id":"r8310973","ad":"Kırıkkale Üniversitesi Hastanesi","il":"Kırıkkale","ilce":"","tur":"Üniversite","brans":"Genel","acil":null,"yatak":null,"isletmeci":"","telefon":"","web":"","adres":"","osm":"https://www.openstreetmap.org/relation/8310973"},"geometry":{"type":"Point","coordinates":[33.45164,39.87121]}},{"type":"Feature","properties":{"_id":"r8975679","ad":"Uşak Eğitim ve Araştırma Hastanesi","il":"Uşak","ilce":"Uşak","tur":"Eğitim ve araştırma","brans":"Genel","acil":true,"yatak":null,"isletmeci":"Sağlık Bakanlığı","telefon":"","web":"https://usakeah.saglik.gov.tr/","adres":"","osm":"https://www.openstreetmap.org/relation/8975679"},"geometry":{"type":"Point","coordinates":[29.45013,38.67569]}},{"type":"Feature","properties":{"_id":"r9109699","ad":"Akyurt Devlet Hastanesi","il":"Ankara","ilce":"","tur":"Devlet","brans":"Genel","acil":true,"yatak":null,"isletmeci":"","telefon":"","web":"","adres":"","osm":"https://www.openstreetmap.org/relation/9109699"},"geometry":{"type":"Point","coordinates":[33.08802,40.12861]}},{"type":"Feature","properties":{"_id":"r9156201","ad":"Araştırma ve Uygulama Hastanesi","il":"Yozgat","ilce":"","tur":"Üniversite","brans":"Genel","acil":true,"yatak":null,"isletmeci":"Bozok Üniversitesi","telefon":"","web":"https://hastane.bozok.edu.tr/","adres":"","osm":"https://www.openstreetmap.org/relation/9156201"},"geometry":{"type":"Point","coordinates":[34.79169,39.77854]}},{"type":"Feature","properties":{"_id":"r9209253","ad":"Çumra Devlet Hastanesi","il":"Konya","ilce":"Çumru/Konya","tur":"Devlet","brans":"Genel","acil":true,"yatak":null,"isletmeci":"","telefon":"+90 332 447 50 01","web":"","adres":"","osm":"https://www.openstreetmap.org/relation/9209253"},"geometry":{"type":"Point","coordinates":[32.74555,37.57241]}},{"type":"Feature","properties":{"_id":"r9550745","ad":"Ceyhan Eski Devlet Hastanesi","il":"Adana","ilce":"Ceyhan","tur":"Devlet","brans":"Genel","acil":true,"yatak":null,"isletmeci":"Government","telefon":"","web":"","adres":"Ulus Mah. Hastane cd.","osm":"https://www.openstreetmap.org/relation/9550745"},"geometry":{"type":"Point","coordinates":[35.81961,37.02619]}},{"type":"Feature","properties":{"_id":"r9937115","ad":"Özel Bir Nefes Hastanesi","il":"Kırklareli","ilce":"Lüleburgaz","tur":"Özel","brans":"Genel","acil":true,"yatak":null,"isletmeci":"","telefon":"+90 288 415 74 74","web":"https://www.birnefes.com.tr/","adres":"Nazif Balkan Caddesi","osm":"https://www.openstreetmap.org/relation/9937115"},"geometry":{"type":"Point","coordinates":[27.35898,41.39316]}},{"type":"Feature","properties":{"_id":"r12268479","ad":"Fizik Tedavi ve Rehabilitasyon Hastanesi","il":"Ankara","ilce":"","tur":"Devlet","brans":"Dal hastanesi","acil":null,"yatak":null,"isletmeci":"","telefon":"","web":"","adres":"","osm":"https://www.openstreetmap.org/relation/12268479"},"geometry":{"type":"Point","coordinates":[32.82264,39.96466]}},{"type":"Feature","properties":{"_id":"r12825274","ad":"Savaştepe Devlet Hastanesi","il":"Balıkesir","ilce":"","tur":"Devlet","brans":"Genel","acil":null,"yatak":null,"isletmeci":"","telefon":"","web":"","adres":"","osm":"https://www.openstreetmap.org/relation/12825274"},"geometry":{"type":"Point","coordinates":[27.66078,39.38551]}},{"type":"Feature","properties":{"_id":"r12902291","ad":"Çelikhan Devlet Hastanesi","il":"Adıyaman","ilce":"Çelikhan","tur":"Devlet","brans":"Genel","acil":true,"yatak":null,"isletmeci":"Sağlık Bakanlığı","telefon":"","web":"","adres":"","osm":"https://www.openstreetmap.org/relation/12902291"},"geometry":{"type":"Point","coordinates":[38.25262,38.03389]}},{"type":"Feature","properties":{"_id":"r13764300","ad":"Ardanuç Devlet Hastanesi","il":"Artvin","ilce":"","tur":"Devlet","brans":"Genel","acil":null,"yatak":null,"isletmeci":"","telefon":"","web":"","adres":"","osm":"https://www.openstreetmap.org/relation/13764300"},"geometry":{"type":"Point","coordinates":[42.07515,41.12982]}},{"type":"Feature","properties":{"_id":"r13849128","ad":"Köyceğiz Devlet Hastanesi","il":"Muğla","ilce":"","tur":"Devlet","brans":"Dal hastanesi","acil":true,"yatak":null,"isletmeci":"Sağlık Bakanlığı","telefon":"","web":"","adres":"","osm":"https://www.openstreetmap.org/relation/13849128"},"geometry":{"type":"Point","coordinates":[28.68033,36.98056]}},{"type":"Feature","properties":{"_id":"r14539771","ad":"Kale İlçe Devlet Hastanesi","il":"Denizli","ilce":"","tur":"Devlet","brans":"Genel","acil":null,"yatak":null,"isletmeci":"","telefon":"","web":"","adres":"","osm":"https://www.openstreetmap.org/relation/14539771"},"geometry":{"type":"Point","coordinates":[28.84818,37.43968]}},{"type":"Feature","properties":{"_id":"r14986313","ad":"Halil Şıvgın Çubuk Devlet Hastanesi","il":"Ankara","ilce":"Çubuk/Ankara","tur":"Devlet","brans":"Genel","acil":true,"yatak":null,"isletmeci":"","telefon":"","web":"","adres":"","osm":"https://www.openstreetmap.org/relation/14986313"},"geometry":{"type":"Point","coordinates":[33.03296,40.23038]}},{"type":"Feature","properties":{"_id":"r15047675","ad":"Kahramankazan Devlet Hastanesi","il":"Ankara","ilce":"","tur":"Devlet","brans":"Genel","acil":true,"yatak":null,"isletmeci":"Sağlık Bakanlığı","telefon":"","web":"","adres":"","osm":"https://www.openstreetmap.org/relation/15047675"},"geometry":{"type":"Point","coordinates":[32.67775,40.19547]}},{"type":"Feature","properties":{"_id":"r15486816","ad":"Şehitkamil Devlet Hastanesi","il":"Gaziantep","ilce":"Gaziantep","tur":"Devlet","brans":"Genel","acil":true,"yatak":null,"isletmeci":"","telefon":"","web":"","adres":"59081. Sokak","osm":"https://www.openstreetmap.org/relation/15486816"},"geometry":{"type":"Point","coordinates":[37.36405,37.08948]}},{"type":"Feature","properties":{"_id":"r15534830","ad":"Hadımköy Dr. İsmail Niyazi Kurtulmuş Hastanesi","il":"İstanbul","ilce":"Arnavutköy","tur":"Belirsiz","brans":"Genel","acil":null,"yatak":null,"isletmeci":"","telefon":"","web":"","adres":"","osm":"https://www.openstreetmap.org/relation/15534830"},"geometry":{"type":"Point","coordinates":[28.61949,41.15521]}},{"type":"Feature","properties":{"_id":"r15611631","ad":"Körfez Devlet Hastanesi","il":"Kocaeli","ilce":"","tur":"Devlet","brans":"Genel","acil":true,"yatak":null,"isletmeci":"Sağlık Bakanlığı","telefon":"0262 526 66 66","web":"","adres":"29","osm":"https://www.openstreetmap.org/relation/15611631"},"geometry":{"type":"Point","coordinates":[29.78285,40.77571]}},{"type":"Feature","properties":{"_id":"r16991050","ad":"Merkezefendi Devlet Hastanesi","il":"Manisa","ilce":"","tur":"Devlet","brans":"Genel","acil":null,"yatak":null,"isletmeci":"","telefon":"","web":"","adres":"","osm":"https://www.openstreetmap.org/relation/16991050"},"geometry":{"type":"Point","coordinates":[27.40798,38.61533]}},{"type":"Feature","properties":{"_id":"r17963341","ad":"Erbaa Devlet Hastanesi","il":"Tokat","ilce":"","tur":"Devlet","brans":"Genel","acil":null,"yatak":null,"isletmeci":"","telefon":"","web":"","adres":"","osm":"https://www.openstreetmap.org/relation/17963341"},"geometry":{"type":"Point","coordinates":[36.52703,40.6778]}},{"type":"Feature","properties":{"_id":"r18005619","ad":"Orion Surgery Center","il":"İstanbul","ilce":"","tur":"Belirsiz","brans":"Genel","acil":null,"yatak":null,"isletmeci":"","telefon":"","web":"","adres":"","osm":"https://www.openstreetmap.org/relation/18005619"},"geometry":{"type":"Point","coordinates":[28.98198,41.09012]}},{"type":"Feature","properties":{"_id":"r18020930","ad":"Celal Bayar Üniversitesi Hafsa Sultan Eğitim ve Araştırma Hastanesi","il":"Manisa","ilce":"Yunusemre","tur":"Eğitim ve araştırma","brans":"Genel","acil":null,"yatak":null,"isletmeci":"","telefon":"","web":"","adres":"Celal Bayar Ünv.","osm":"https://www.openstreetmap.org/relation/18020930"},"geometry":{"type":"Point","coordinates":[27.37755,38.61008]}},{"type":"Feature","properties":{"_id":"r18242611","ad":"Haymana Devlet Hastanesi","il":"Ankara","ilce":"Haymana","tur":"Devlet","brans":"Genel","acil":true,"yatak":null,"isletmeci":"Sağlık Bakanlığı","telefon":"","web":"","adres":"","osm":"https://www.openstreetmap.org/relation/18242611"},"geometry":{"type":"Point","coordinates":[32.51179,39.43417]}},{"type":"Feature","properties":{"_id":"r18869690","ad":"Kemah İlçe Devlet Hastanesi","il":"Erzincan","ilce":"","tur":"Devlet","brans":"Genel","acil":true,"yatak":null,"isletmeci":"","telefon":"","web":"","adres":"","osm":"https://www.openstreetmap.org/relation/18869690"},"geometry":{"type":"Point","coordinates":[39.03173,39.60113]}},{"type":"Feature","properties":{"_id":"r18892837","ad":"Mamak Devlet Hastanesi","il":"Ankara","ilce":"","tur":"Devlet","brans":"Genel","acil":null,"yatak":null,"isletmeci":"Sağlık Bakanlığı","telefon":"","web":"","adres":"","osm":"https://www.openstreetmap.org/relation/18892837"},"geometry":{"type":"Point","coordinates":[32.95478,39.91424]}},{"type":"Feature","properties":{"_id":"r18995932","ad":"Gölbaşı Şehit Ahmet Özsoy Devlet Hastanesi","il":"Ankara","ilce":"","tur":"Devlet","brans":"Genel","acil":null,"yatak":null,"isletmeci":"","telefon":"","web":"","adres":"","osm":"https://www.openstreetmap.org/relation/18995932"},"geometry":{"type":"Point","coordinates":[32.8272,39.78987]}},{"type":"Feature","properties":{"_id":"r19008764","ad":"Şırnak Kadın Doğum ve Çocuk Hastanesi","il":"Şırnak","ilce":"","tur":"Devlet","brans":"Kadın doğum / çocuk","acil":null,"yatak":null,"isletmeci":"Sağlık Bakanlığı","telefon":"","web":"","adres":"","osm":"https://www.openstreetmap.org/relation/19008764"},"geometry":{"type":"Point","coordinates":[42.44353,37.51877]}},{"type":"Feature","properties":{"_id":"r19127242","ad":"Tepecik Eğitim ve Araştırma Hastanesi","il":"İzmir","ilce":"","tur":"Eğitim ve araştırma","brans":"Genel","acil":true,"yatak":null,"isletmeci":"Sağlık Bakanlığı","telefon":"","web":"","adres":"Gaziler Caddesi","osm":"https://www.openstreetmap.org/relation/19127242"},"geometry":{"type":"Point","coordinates":[27.16624,38.4229]}},{"type":"Feature","properties":{"_id":"r20019813","ad":"Behçet Uz Çocuk Hastanesi","il":"İzmir","ilce":"","tur":"Belirsiz","brans":"Kadın doğum / çocuk","acil":true,"yatak":null,"isletmeci":"","telefon":"","web":"","adres":"","osm":"https://www.openstreetmap.org/relation/20019813"},"geometry":{"type":"Point","coordinates":[27.13865,38.42744]}},{"type":"Feature","properties":{"_id":"r20174476","ad":"Istanbul Faculty of Medicine","il":"İstanbul","ilce":"","tur":"Belirsiz","brans":"Genel","acil":null,"yatak":null,"isletmeci":"T.C istanbul university","telefon":"","web":"","adres":"","osm":"https://www.openstreetmap.org/relation/20174476"},"geometry":{"type":"Point","coordinates":[28.93395,41.01696]}},{"type":"Feature","properties":{"_id":"r20345150","ad":"Bazekol Çiğli Hastanesi","il":"İzmir","ilce":"","tur":"Özel","brans":"Genel","acil":null,"yatak":null,"isletmeci":"Bazekol","telefon":"","web":"","adres":"","osm":"https://www.openstreetmap.org/relation/20345150"},"geometry":{"type":"Point","coordinates":[27.06032,38.48529]}},{"type":"Feature","properties":{"_id":"r20393560","ad":"Ereğli Devlet Hastanesi","il":"Konya","ilce":"Ereğli/Konya","tur":"Devlet","brans":"Genel","acil":true,"yatak":null,"isletmeci":"Sağlık Bakanlığı","telefon":"","web":"","adres":"","osm":"https://www.openstreetmap.org/relation/20393560"},"geometry":{"type":"Point","coordinates":[34.04451,37.46927]}}]}