{"type":"FeatureCollection","features":[{"type":"Feature","properties":{"id":"n31678662","mode":"funikuler","name":"Karaköy","operator":""},"geometry":{"type":"Point","coordinates":[28.97404,41.02286]}},{"type":"Feature","properties":{"id":"n31678663","mode":"funikuler","name":"Beyoğlu","operator":""},"geometry":{"type":"Point","coordinates":[28.97399,41.02834]}},{"type":"Feature","properties":{"id":"n87863868","mode":"tren","name":"Bogazkopru Muselles (364+074)","operator":"TR-railway"},"geometry":{"type":"Point","coordinates":[35.31379,38.75226]}},{"type":"Feature","properties":{"id":"n116709425","mode":"tren","name":"Osmancik","operator":"TCDD Taşımacılık"},"geometry":{"type":"Point","coordinates":[34.36622,37.60693]}},{"type":"Feature","properties":{"id":"n125326513","mode":"tren","name":"Osmaniye","operator":"TCDD Taşımacılık"},"geometry":{"type":"Point","coordinates":[36.23703,37.0794]}},{"type":"Feature","properties":{"id":"n130028657","mode":"tren","name":"Böğecik","operator":"TCDD Taşımacılık"},"geometry":{"type":"Point","coordinates":[33.87762,37.45516]}},{"type":"Feature","properties":{"id":"n130194173","mode":"tren","name":"Serçehan","operator":"TCDD Taşımacılık"},"geometry":{"type":"Point","coordinates":[41.07109,37.10489]}},{"type":"Feature","properties":{"id":"n130194329","mode":"tren","name":"Şenyurt","operator":"TCDD"},"geometry":{"type":"Point","coordinates":[40.64543,37.07833]}},{"type":"Feature","properties":{"id":"n130197880","mode":"tren","name":"Akçakoyunlu İstasyonu","operator":""},"geometry":{"type":"Point","coordinates":[37.65192,36.74517]}},{"type":"Feature","properties":{"id":"n134974766","mode":"tren","name":"Yahniler","operator":""},"geometry":{"type":"Point","coordinates":[43.32965,40.71645]}},{"type":"Feature","properties":{"id":"n142218952","mode":"tren","name":"Ali Çetinkaya","operator":"TCDD Taşımacılık"},"geometry":{"type":"Point","coordinates":[30.55308,38.76421]}},{"type":"Feature","properties":{"id":"n142371599","mode":"tren","name":"Sart","operator":"TR-railway"},"geometry":{"type":"Point","coordinates":[28.04277,38.49715]}},{"type":"Feature","properties":{"id":"n142421346","mode":"tren","name":"Akşehir","operator":"TCDD Taşımacılık"},"geometry":{"type":"Point","coordinates":[31.44215,38.36992]}},{"type":"Feature","properties":{"id":"n153208097","mode":"tren","name":"Dibekli","operator":"TCDD Taşımacılık"},"geometry":{"type":"Point","coordinates":[43.8166,38.65791]}},{"type":"Feature","properties":{"id":"n156467517","mode":"tren","name":"Incesu","operator":"TR-railway"},"geometry":{"type":"Point","coordinates":[30.26661,38.02901]}},{"type":"Feature","properties":{"id":"n158586720","mode":"tren","name":"Sevindik","operator":""},"geometry":{"type":"Point","coordinates":[36.96191,37.3683]}},{"type":"Feature","properties":{"id":"n165991741","mode":"tren","name":"Başçeşme","operator":"TR-railway"},"geometry":{"type":"Point","coordinates":[29.54921,37.83363]}},{"type":"Feature","properties":{"id":"n165993895","mode":"tren","name":"Bozkurt","operator":"TCDD Taşımacılık"},"geometry":{"type":"Point","coordinates":[29.61278,37.82738]}},{"type":"Feature","properties":{"id":"n166012795","mode":"tren","name":"Çardak","operator":"TCDD Taşımacılık"},"geometry":{"type":"Point","coordinates":[29.67894,37.82154]}},{"type":"Feature","properties":{"id":"n168129480","mode":"tren","name":"Manisa","operator":"TCDD Taşımacılık"},"geometry":{"type":"Point","coordinates":[27.43521,38.62136]}},{"type":"Feature","properties":{"id":"n168181327","mode":"tren","name":"Egekent 2","operator":""},"geometry":{"type":"Point","coordinates":[27.04436,38.5606]}},{"type":"Feature","properties":{"id":"n170748789","mode":"tren","name":"Sandıklı","operator":"TCDD Taşımacılık"},"geometry":{"type":"Point","coordinates":[30.2608,38.45847]}},{"type":"Feature","properties":{"id":"n204787245","mode":"tren","name":"Dazkırı","operator":"TCDD Taşımacılık"},"geometry":{"type":"Point","coordinates":[29.86239,37.90211]}},{"type":"Feature","properties":{"id":"n204787267","mode":"tren","name":"Akyarma","operator":"TR-railway"},"geometry":{"type":"Point","coordinates":[29.8988,37.99846]}},{"type":"Feature","properties":{"id":"n212886999","mode":"tren","name":"Selçuk","operator":"TCDD Taşımacılık"},"geometry":{"type":"Point","coordinates":[27.37294,37.95094]}},{"type":"Feature","properties":{"id":"n251733019","mode":"tren","name":"Zeytinburnu-Fişekhane","operator":"TCDD Taşımacılık"},"geometry":{"type":"Point","coordinates":[28.90546,40.98586]}},{"type":"Feature","properties":{"id":"n268753721","mode":"tren","name":"Şemikler","operator":"İZBAN"},"geometry":{"type":"Point","coordinates":[27.08994,38.47489]}},{"type":"Feature","properties":{"id":"n282815862","mode":"tren","name":"Çobanlar","operator":"TCDD Taşımacılık"},"geometry":{"type":"Point","coordinates":[30.73887,38.68823]}},{"type":"Feature","properties":{"id":"n282817504","mode":"tren","name":"Alayunt Müselles","operator":"TCDD Taşımacılık"},"geometry":{"type":"Point","coordinates":[30.10159,39.39045]}},{"type":"Feature","properties":{"id":"n282824090","mode":"tren","name":"Karaköy","operator":"TCDD Taşımacılık"},"geometry":{"type":"Point","coordinates":[30.00792,40.00041]}},{"type":"Feature","properties":{"id":"n282891979","mode":"tren","name":"Tütünçiftlik","operator":""},"geometry":{"type":"Point","coordinates":[29.78738,40.74742]}},{"type":"Feature","properties":{"id":"n282903538","mode":"tren","name":"Küçükyalı","operator":"TCDD Taşımacılık"},"geometry":{"type":"Point","coordinates":[29.10717,40.94626]}},{"type":"Feature","properties":{"id":"n282909259","mode":"tren","name":"Atalar","operator":"TCDD Taşımacılık"},"geometry":{"type":"Point","coordinates":[29.16919,40.89879]}},{"type":"Feature","properties":{"id":"n282909973","mode":"tren","name":"Cevizli","operator":"TCDD Taşımacılık"},"geometry":{"type":"Point","coordinates":[29.15599,40.91008]}},{"type":"Feature","properties":{"id":"n287816572","mode":"tren","name":"Kurfallı","operator":"TCDD Taşımacılık"},"geometry":{"type":"Point","coordinates":[28.26355,41.21172]}},{"type":"Feature","properties":{"id":"n287816799","mode":"tren","name":"Sinekli","operator":""},"geometry":{"type":"Point","coordinates":[28.19228,41.23106]}},{"type":"Feature","properties":{"id":"n287817477","mode":"tren","name":"Velimeşe","operator":"TCDD Taşımacılık"},"geometry":{"type":"Point","coordinates":[27.88567,41.24663]}},{"type":"Feature","properties":{"id":"n287818379","mode":"tren","name":"Ballıhoca","operator":""},"geometry":{"type":"Point","coordinates":[27.49726,41.21861]}},{"type":"Feature","properties":{"id":"n303260292","mode":"tren","name":"Yazıhan","operator":"TCDD Taşımacılık"},"geometry":{"type":"Point","coordinates":[38.18169,38.59576]}},{"type":"Feature","properties":{"id":"n370992697","mode":"tren","name":"Şefkat","operator":"TCDD Taşımacılık"},"geometry":{"type":"Point","coordinates":[38.89946,38.57352]}},{"type":"Feature","properties":{"id":"n412341358","mode":"metro","name":"Akköprü","operator":""},"geometry":{"type":"Point","coordinates":[32.83417,39.95159]}},{"type":"Feature","properties":{"id":"n412341361","mode":"metro","name":"Atatürk Kültür Merkezi","operator":"Ankara Metrosu"},"geometry":{"type":"Point","coordinates":[32.84516,39.94357]}},{"type":"Feature","properties":{"id":"n413398214","mode":"metro","name":"Macunköy","operator":""},"geometry":{"type":"Point","coordinates":[32.76662,39.97187]}},{"type":"Feature","properties":{"id":"n440894064","mode":"tren","name":"Durak","operator":"TCDD Taşımacılık"},"geometry":{"type":"Point","coordinates":[35.00192,37.11986]}},{"type":"Feature","properties":{"id":"n442532879","mode":"tren","name":"Belemedik","operator":"TCDD Taşımacılık"},"geometry":{"type":"Point","coordinates":[34.91078,37.35531]}},{"type":"Feature","properties":{"id":"n521150853","mode":"tren","name":"Arıkören","operator":"TCDD Taşımacılık"},"geometry":{"type":"Point","coordinates":[32.92808,37.4607]}},{"type":"Feature","properties":{"id":"n590521315","mode":"tren","name":"Demirköprü","operator":"TCDD Taşımacılık"},"geometry":{"type":"Point","coordinates":[27.09643,38.46804]}},{"type":"Feature","properties":{"id":"n602123192","mode":"tren","name":"Van İskele","operator":"TCDD Taşımacılık"},"geometry":{"type":"Point","coordinates":[43.30842,38.51689]}},{"type":"Feature","properties":{"id":"n610320351","mode":"metro","name":"Hastane","operator":""},"geometry":{"type":"Point","coordinates":[32.78345,39.96917]}},{"type":"Feature","properties":{"id":"n610320358","mode":"metro","name":"Yenimahalle","operator":""},"geometry":{"type":"Point","coordinates":[32.80454,39.96191]}},{"type":"Feature","properties":{"id":"n610320364","mode":"metro","name":"İvedik","operator":""},"geometry":{"type":"Point","coordinates":[32.81705,39.95724]}},{"type":"Feature","properties":{"id":"n617374869","mode":"tren","name":"İdealtepe","operator":"TCDD Taşımacılık"},"geometry":{"type":"Point","coordinates":[29.11423,40.93784]}},{"type":"Feature","properties":{"id":"n617374883","mode":"tren","name":"Süreyya Plajı","operator":"TCDD Taşımacılık"},"geometry":{"type":"Point","coordinates":[29.12425,40.92678]}},{"type":"Feature","properties":{"id":"n617374899","mode":"tren","name":"Maltepe","operator":"TCDD Taşımacılık"},"geometry":{"type":"Point","coordinates":[29.13329,40.92081]}},{"type":"Feature","properties":{"id":"n617375011","mode":"tren","name":"Pendik","operator":"TCDD Taşımacılık"},"geometry":{"type":"Point","coordinates":[29.23165,40.88024]}},{"type":"Feature","properties":{"id":"n663657266","mode":"tren","name":"Mavişehir","operator":"izban"},"geometry":{"type":"Point","coordinates":[27.08298,38.48222]}},{"type":"Feature","properties":{"id":"n670233794","mode":"metro","name":"Gayrettepe","operator":"Metro İstanbul"},"geometry":{"type":"Point","coordinates":[29.01112,41.06903]}},{"type":"Feature","properties":{"id":"n670243216","mode":"metro","name":"Sıhhiye","operator":""},"geometry":{"type":"Point","coordinates":[32.85508,39.92816]}},{"type":"Feature","properties":{"id":"n670243519","mode":"metro","name":"Ulus","operator":""},"geometry":{"type":"Point","coordinates":[32.85067,39.93922]}},{"type":"Feature","properties":{"id":"n670245629","mode":"metro","name":"Demetevler","operator":""},"geometry":{"type":"Point","coordinates":[32.79384,39.96553]}},{"type":"Feature","properties":{"id":"n670246271","mode":"metro","name":"OSTİM","operator":""},"geometry":{"type":"Point","coordinates":[32.74493,39.97023]}},{"type":"Feature","properties":{"id":"n670252468","mode":"metro","name":"Emek","operator":""},"geometry":{"type":"Point","coordinates":[32.8149,39.9232]}},{"type":"Feature","properties":{"id":"n737949225","mode":"tren","name":"Ulukent","operator":"TCDD Taşımacılık"},"geometry":{"type":"Point","coordinates":[27.03547,38.54785]}},{"type":"Feature","properties":{"id":"n738753118","mode":"tren","name":"Atasanayi","operator":"izban"},"geometry":{"type":"Point","coordinates":[27.05314,38.49904]}},{"type":"Feature","properties":{"id":"n859885516","mode":"tren","name":"Çimenova","operator":""},"geometry":{"type":"Point","coordinates":[44.09082,38.58113]}},{"type":"Feature","properties":{"id":"n947975087","mode":"tren","name":"Çerkeş","operator":"TCDD Taşımacılık"},"geometry":{"type":"Point","coordinates":[32.88444,40.81139]}},{"type":"Feature","properties":{"id":"n963242112","mode":"tren","name":"Sumucak","operator":"TCDD Taşımacılık"},"geometry":{"type":"Point","coordinates":[33.32122,40.82818]}},{"type":"Feature","properties":{"id":"n969662465","mode":"tren","name":"Dehliz","operator":"TCDD Taşımacılık"},"geometry":{"type":"Point","coordinates":[37.20497,37.44619]}},{"type":"Feature","properties":{"id":"n969662630","mode":"tren","name":"Fevzipaşa","operator":"TCDD Taşımacılık"},"geometry":{"type":"Point","coordinates":[36.63872,37.09882]}},{"type":"Feature","properties":{"id":"n977917658","mode":"tren","name":"Ağapınar","operator":"TCDD Taşımacılık"},"geometry":{"type":"Point","coordinates":[30.76722,39.80681]}},{"type":"Feature","properties":{"id":"n1000822648","mode":"tren","name":"Kartal","operator":"TCDD Taşımacılık"},"geometry":{"type":"Point","coordinates":[29.19108,40.88869]}},{"type":"Feature","properties":{"id":"n1014378262","mode":"tren","name":"Karaisalıbucağı","operator":"TCDD Taşımacılık"},"geometry":{"type":"Point","coordinates":[34.93928,37.19136]}},{"type":"Feature","properties":{"id":"n1016618867","mode":"tren","name":"Afyonkarahisar Şehir","operator":"TCDD Taşımacılık"},"geometry":{"type":"Point","coordinates":[30.5355,38.76709]}},{"type":"Feature","properties":{"id":"n1017553575","mode":"tren","name":"Palu","operator":"TCDD Taşımacılık"},"geometry":{"type":"Point","coordinates":[39.92701,38.69084]}},{"type":"Feature","properties":{"id":"n1018798452","mode":"tren","name":"Sivrice","operator":"TCDD Taşımacılık"},"geometry":{"type":"Point","coordinates":[39.30686,38.44869]}},{"type":"Feature","properties":{"id":"n1018799487","mode":"tren","name":"Elazığ","operator":"TCDD Taşımacılık"},"geometry":{"type":"Point","coordinates":[39.22278,38.66484]}},{"type":"Feature","properties":{"id":"n1018904198","mode":"tren","name":"Ulam","operator":"TCDD Taşımacılık"},"geometry":{"type":"Point","coordinates":[40.47224,37.83854]}},{"type":"Feature","properties":{"id":"n1018997109","mode":"tren","name":"Salat","operator":"TCDD Taşımacılık"},"geometry":{"type":"Point","coordinates":[40.88994,37.84635]}},{"type":"Feature","properties":{"id":"n1018997728","mode":"tren","name":"Demirlipınar","operator":""},"geometry":{"type":"Point","coordinates":[41.15552,37.93271]}},{"type":"Feature","properties":{"id":"n1018997848","mode":"tren","name":"Bismil","operator":"TCDD Taşımacılık"},"geometry":{"type":"Point","coordinates":[40.66199,37.85277]}},{"type":"Feature","properties":{"id":"n1018999007","mode":"tren","name":"Batman","operator":"TCDD Taşımacılık"},"geometry":{"type":"Point","coordinates":[41.12268,37.87858]}},{"type":"Feature","properties":{"id":"n1019524264","mode":"tren","name":"Erzincan","operator":"TCDD Taşımacılık"},"geometry":{"type":"Point","coordinates":[39.4931,39.73367]}},{"type":"Feature","properties":{"id":"n1019524422","mode":"tren","name":"Geçit","operator":"TCDD Taşımacılık"},"geometry":{"type":"Point","coordinates":[39.94941,39.57616]}},{"type":"Feature","properties":{"id":"n1019524637","mode":"tren","name":"Altınbaşak","operator":""},"geometry":{"type":"Point","coordinates":[39.67764,39.66382]}},{"type":"Feature","properties":{"id":"n1019524713","mode":"tren","name":"Tanyeri","operator":"TCDD Taşımacılık"},"geometry":{"type":"Point","coordinates":[39.82816,39.60982]}},{"type":"Feature","properties":{"id":"n1020960459","mode":"tren","name":"Bostankaya","operator":"TCDD Taşımacılık"},"geometry":{"type":"Point","coordinates":[37.00891,39.51204]}},{"type":"Feature","properties":{"id":"n1021731954","mode":"tren","name":"Ulaş","operator":"TCDD Taşımacılık"},"geometry":{"type":"Point","coordinates":[37.03539,39.44319]}},{"type":"Feature","properties":{"id":"n1021732479","mode":"tren","name":"Yenikarasar","operator":""},"geometry":{"type":"Point","coordinates":[37.11282,39.34793]}},{"type":"Feature","properties":{"id":"n1021732572","mode":"tren","name":"Ulaşşehir","operator":"TR-railway"},"geometry":{"type":"Point","coordinates":[37.04403,39.43667]}},{"type":"Feature","properties":{"id":"n1021732834","mode":"tren","name":"Gürpınar","operator":""},"geometry":{"type":"Point","coordinates":[37.1573,39.35377]}},{"type":"Feature","properties":{"id":"n1022214142","mode":"tren","name":"Yıldızeli","operator":"TCDD Taşımacılık"},"geometry":{"type":"Point","coordinates":[36.59331,39.86719]}},{"type":"Feature","properties":{"id":"n1022220160","mode":"tren","name":"Subaşı","operator":"TCDD Taşımacılık"},"geometry":{"type":"Point","coordinates":[36.42047,39.89236]}},{"type":"Feature","properties":{"id":"n1022765315","mode":"tren","name":"Yeniçubuk","operator":"TCDD Taşımacılık"},"geometry":{"type":"Point","coordinates":[36.09286,39.20953]}},{"type":"Feature","properties":{"id":"n1022802015","mode":"tren","name":"Bedirli","operator":"TCDD Taşımacılık"},"geometry":{"type":"Point","coordinates":[36.61948,39.58062]}},{"type":"Feature","properties":{"id":"n1022808796","mode":"tren","name":"İhsanlı","operator":"TCDD Taşımacılık"},"geometry":{"type":"Point","coordinates":[36.23565,39.28609]}},{"type":"Feature","properties":{"id":"n1023854236","mode":"tren","name":"Samsun","operator":"TCDD Taşımacılık"},"geometry":{"type":"Point","coordinates":[36.34326,41.28609]}},{"type":"Feature","properties":{"id":"n1024612743","mode":"tren","name":"Boğaziçi","operator":""},"geometry":{"type":"Point","coordinates":[36.1784,41.13648]}},{"type":"Feature","properties":{"id":"n1027182121","mode":"tren","name":"Bahçe Şehir","operator":""},"geometry":{"type":"Point","coordinates":[36.57791,37.2016]}},{"type":"Feature","properties":{"id":"n1027876435","mode":"tren","name":"Yuva","operator":"TCDD Taşımacılık"},"geometry":{"type":"Point","coordinates":[37.68588,36.98466]}},{"type":"Feature","properties":{"id":"n1027924561","mode":"tren","name":"Florya","operator":""},"geometry":{"type":"Point","coordinates":[28.78761,40.9729]}},{"type":"Feature","properties":{"id":"n1028215425","mode":"tren","name":"Elifoğlu","operator":"TCDD"},"geometry":{"type":"Point","coordinates":[37.9853,36.94261]}},{"type":"Feature","properties":{"id":"n1028216257","mode":"tren","name":"Yeşildağ","operator":"TCDD Taşımacılık"},"geometry":{"type":"Point","coordinates":[37.95498,37.00706]}},{"type":"Feature","properties":{"id":"n1028217031","mode":"tren","name":"Karkamış","operator":"TCDD"},"geometry":{"type":"Point","coordinates":[37.99996,36.83108]}},{"type":"Feature","properties":{"id":"n1029552677","mode":"tren","name":"Akçadağ","operator":"TCDD Taşımacılık"},"geometry":{"type":"Point","coordinates":[38.04443,38.2909]}},{"type":"Feature","properties":{"id":"n1029553728","mode":"tren","name":"Suçatı","operator":"TCDD Taşımacılık"},"geometry":{"type":"Point","coordinates":[37.97897,38.18699]}},{"type":"Feature","properties":{"id":"n1029554178","mode":"tren","name":"Doğanşehir","operator":"TCDD Taşımacılık"},"geometry":{"type":"Point","coordinates":[37.87465,38.08929]}},{"type":"Feature","properties":{"id":"n1030362574","mode":"tren","name":"Sarıkamış","operator":"TCDD Taşımacılık"},"geometry":{"type":"Point","coordinates":[42.57694,40.33589]}},{"type":"Feature","properties":{"id":"n1030362885","mode":"tren","name":"Kemah","operator":"TCDD Taşımacılık"},"geometry":{"type":"Point","coordinates":[39.03369,39.60363]}},{"type":"Feature","properties":{"id":"n1030808774","mode":"tren","name":"Burdur","operator":"TCDD Taşımacılık"},"geometry":{"type":"Point","coordinates":[30.28189,37.72332]}},{"type":"Feature","properties":{"id":"n1030923375","mode":"tren","name":"Goncalı","operator":"TCDD Taşımacılık"},"geometry":{"type":"Point","coordinates":[29.11664,37.84799]}},{"type":"Feature","properties":{"id":"n1030924769","mode":"tren","name":"Kocabaş","operator":"TR-railway"},"geometry":{"type":"Point","coordinates":[29.3277,37.80367]}},{"type":"Feature","properties":{"id":"n1032704953","mode":"tren","name":"Ortaklar","operator":"TCDD Taşımacılık"},"geometry":{"type":"Point","coordinates":[27.50248,37.88636]}},{"type":"Feature","properties":{"id":"n1032704993","mode":"tren","name":"Sarayköy","operator":"TCDD Taşımacılık"},"geometry":{"type":"Point","coordinates":[28.92597,37.91396]}},{"type":"Feature","properties":{"id":"n1032705881","mode":"tren","name":"Çamlık","operator":"TCDD Taşımacılık"},"geometry":{"type":"Point","coordinates":[27.37792,37.87999]}},{"type":"Feature","properties":{"id":"n1032781989","mode":"tren","name":"Sazlıköy","operator":"TCDD Taşımacılık"},"geometry":{"type":"Point","coordinates":[27.46336,37.78307]}},{"type":"Feature","properties":{"id":"n1032782207","mode":"tren","name":"Argavlı","operator":"TR-railway"},"geometry":{"type":"Point","coordinates":[27.51161,37.82626]}},{"type":"Feature","properties":{"id":"n1032782424","mode":"tren","name":"Söke","operator":"TCDD Taşımacılık"},"geometry":{"type":"Point","coordinates":[27.40981,37.75523]}},{"type":"Feature","properties":{"id":"n1033064947","mode":"tren","name":"İsabeyli","operator":"TCDD Taşımacılık"},"geometry":{"type":"Point","coordinates":[28.26777,37.89514]}},{"type":"Feature","properties":{"id":"n1033064956","mode":"tren","name":"Güzelköy Durağı","operator":"TR-railways"},"geometry":{"type":"Point","coordinates":[28.38825,37.91472]}},{"type":"Feature","properties":{"id":"n1033065063","mode":"tren","name":"Karaali Durağı","operator":"TR-railway"},"geometry":{"type":"Point","coordinates":[28.13815,37.8801]}},{"type":"Feature","properties":{"id":"n1033065272","mode":"tren","name":"Aydın","operator":"TCDD Taşımacılık"},"geometry":{"type":"Point","coordinates":[27.84201,37.84829]}},{"type":"Feature","properties":{"id":"n1033065320","mode":"tren","name":"Atça","operator":"TCDD Taşımacılık"},"geometry":{"type":"Point","coordinates":[28.21193,37.88337]}},{"type":"Feature","properties":{"id":"n1033065446","mode":"tren","name":"Çakıralı Durağı","operator":"TR-railway"},"geometry":{"type":"Point","coordinates":[28.23457,37.89095]}},{"type":"Feature","properties":{"id":"n1033065520","mode":"tren","name":"Köşk","operator":"TCDD Taşımacılık"},"geometry":{"type":"Point","coordinates":[28.05148,37.85155]}},{"type":"Feature","properties":{"id":"n1033065571","mode":"tren","name":"Osmanbük","operator":"TR-railway"},"geometry":{"type":"Point","coordinates":[27.77643,37.84956]}},{"type":"Feature","properties":{"id":"n1033065811","mode":"tren","name":"İncirliova","operator":"TCDD Taşımacılık"},"geometry":{"type":"Point","coordinates":[27.72505,37.85384]}},{"type":"Feature","properties":{"id":"n1033065838","mode":"tren","name":"Nazilli","operator":"TCDD Taşımacılık"},"geometry":{"type":"Point","coordinates":[28.32709,37.91406]}},{"type":"Feature","properties":{"id":"n1033065918","mode":"tren","name":"Sultanhisar","operator":"TCDD Taşımacılık"},"geometry":{"type":"Point","coordinates":[28.15573,37.88732]}},{"type":"Feature","properties":{"id":"n1033065977","mode":"tren","name":"Kirkkahve","operator":"TR-railway"},"geometry":{"type":"Point","coordinates":[28.09161,37.85559]}},{"type":"Feature","properties":{"id":"n1033323504","mode":"tren","name":"Eşme","operator":"TCDD Taşımacılık"},"geometry":{"type":"Point","coordinates":[28.96896,38.39838]}},{"type":"Feature","properties":{"id":"n1033324723","mode":"tren","name":"Uşak","operator":"TCDD Taşımacılık"},"geometry":{"type":"Point","coordinates":[29.40742,38.66391]}},{"type":"Feature","properties":{"id":"n1033324775","mode":"tren","name":"İnay","operator":"TCDD Taşımacılık"},"geometry":{"type":"Point","coordinates":[29.22679,38.42103]}},{"type":"Feature","properties":{"id":"n1033799242","mode":"tren","name":"Denizli","operator":"TCDD Taşımacılık"},"geometry":{"type":"Point","coordinates":[29.09097,37.78698]}},{"type":"Feature","properties":{"id":"n1033938313","mode":"tren","name":"Balıkesir","operator":"TCDD Taşımacılık"},"geometry":{"type":"Point","coordinates":[27.88854,39.64691]}},{"type":"Feature","properties":{"id":"n1033939388","mode":"tren","name":"Kuşcenneti","operator":"TCDD Taşımacılık"},"geometry":{"type":"Point","coordinates":[27.98019,40.33636]}},{"type":"Feature","properties":{"id":"n1035063304","mode":"tren","name":"Kütahya","operator":"TCDD Taşımacılık"},"geometry":{"type":"Point","coordinates":[30.00101,39.42056]}},{"type":"Feature","properties":{"id":"n1035592982","mode":"tren","name":"Isparta","operator":"TCDD Taşımacılık"},"geometry":{"type":"Point","coordinates":[30.56305,37.77192]}},{"type":"Feature","properties":{"id":"n1035593588","mode":"tren","name":"Bozanönü","operator":"TCDD Taşımacılık"},"geometry":{"type":"Point","coordinates":[30.5459,37.88345]}},{"type":"Feature","properties":{"id":"n1035673748","mode":"tren","name":"Baraklı","operator":"TR-railway"},"geometry":{"type":"Point","coordinates":[29.97395,38.09186]}},{"type":"Feature","properties":{"id":"n1036369880","mode":"tren","name":"Savaştepe","operator":"TCDD Taşımacılık"},"geometry":{"type":"Point","coordinates":[27.65019,39.3827]}},{"type":"Feature","properties":{"id":"n1037719716","mode":"tren","name":"Beylikova","operator":"TCDD Taşımacılık"},"geometry":{"type":"Point","coordinates":[31.18925,39.70423]}},{"type":"Feature","properties":{"id":"n1037720654","mode":"tren","name":"Polatlı","operator":"TCDD Taşımacılık"},"geometry":{"type":"Point","coordinates":[32.14173,39.58567]}},{"type":"Feature","properties":{"id":"n1038144898","mode":"tren","name":"Sekili","operator":"TCDD Taşımacılık"},"geometry":{"type":"Point","coordinates":[34.25464,39.7362]}},{"type":"Feature","properties":{"id":"n1038144963","mode":"tren","name":"Çerikli","operator":"TCDD Taşımacılık"},"geometry":{"type":"Point","coordinates":[34.00011,39.8911]}},{"type":"Feature","properties":{"id":"n1038519101","mode":"tren","name":"Balışıh","operator":"TCDD Taşımacılık"},"geometry":{"type":"Point","coordinates":[33.72056,39.90869]}},{"type":"Feature","properties":{"id":"n1038519200","mode":"tren","name":"Mahmutlar","operator":"TCDD Taşımacılık"},"geometry":{"type":"Point","coordinates":[33.60697,39.85922]}},{"type":"Feature","properties":{"id":"n1038522591","mode":"tren","name":"Yahşihan","operator":"TCDD Taşımacılık"},"geometry":{"type":"Point","coordinates":[33.44711,39.84557]}},{"type":"Feature","properties":{"id":"n1038575223","mode":"tren","name":"Hasanoğlan","operator":"TR-railway"},"geometry":{"type":"Point","coordinates":[33.16388,39.98217]}},{"type":"Feature","properties":{"id":"n1038614210","mode":"tren","name":"İnağzı","operator":""},"geometry":{"type":"Point","coordinates":[31.82251,41.4796]}},{"type":"Feature","properties":{"id":"n1039187621","mode":"tren","name":"Çaycuma","operator":"TCDD Taşımacılık"},"geometry":{"type":"Point","coordinates":[32.09534,41.42419]}},{"type":"Feature","properties":{"id":"n1039189715","mode":"tren","name":"Üçburgu","operator":"TCDD"},"geometry":{"type":"Point","coordinates":[32.10361,41.31117]}},{"type":"Feature","properties":{"id":"n1039189717","mode":"tren","name":"Akyamaç","operator":""},"geometry":{"type":"Point","coordinates":[32.09411,41.46959]}},{"type":"Feature","properties":{"id":"n1039318740","mode":"tren","name":"Kayadibi","operator":"TCDD Taşımacılık"},"geometry":{"type":"Point","coordinates":[32.20345,41.23524]}},{"type":"Feature","properties":{"id":"n1039319054","mode":"tren","name":"Kölemen","operator":""},"geometry":{"type":"Point","coordinates":[32.3625,41.21281]}},{"type":"Feature","properties":{"id":"n1056006985","mode":"tren","name":"Topac","operator":""},"geometry":{"type":"Point","coordinates":[36.30706,39.3582]}},{"type":"Feature","properties":{"id":"n1069777998","mode":"tren","name":"Çobanbey","operator":""},"geometry":{"type":"Point","coordinates":[37.47628,36.63619]}},{"type":"Feature","properties":{"id":"n1101841150","mode":"tren","name":"Nusaybin","operator":"TCDD Taşımacılık"},"geometry":{"type":"Point","coordinates":[41.2282,37.07578]}},{"type":"Feature","properties":{"id":"n1114702237","mode":"tren","name":"Alpu","operator":"TCDD Taşımacılık"},"geometry":{"type":"Point","coordinates":[30.95411,39.76802]}},{"type":"Feature","properties":{"id":"n1117003097","mode":"tren","name":"Çelik","operator":"TCDD Taşımacılık"},"geometry":{"type":"Point","coordinates":[37.50895,37.70058]}},{"type":"Feature","properties":{"id":"n1129430258","mode":"tren","name":"Vezirhan","operator":"TCDD Taşımacılık"},"geometry":{"type":"Point","coordinates":[30.02763,40.24687]}},{"type":"Feature","properties":{"id":"n1184766559","mode":"tren","name":"Yenimahalle","operator":"TCDD Taşımacılık"},"geometry":{"type":"Point","coordinates":[28.88104,40.98172]}},{"type":"Feature","properties":{"id":"n1184766586","mode":"tren","name":"Yeşilyurt","operator":""},"geometry":{"type":"Point","coordinates":[28.83733,40.96545]}},{"type":"Feature","properties":{"id":"n1203605825","mode":"tren","name":"Himmetdede","operator":"TCDD Taşımacılık"},"geometry":{"type":"Point","coordinates":[35.08384,38.90859]}},{"type":"Feature","properties":{"id":"n1207395188","mode":"tren","name":"Ulugüney","operator":"TCDD Taşımacılık"},"geometry":{"type":"Point","coordinates":[37.8301,38.99033]}},{"type":"Feature","properties":{"id":"n1208397892","mode":"tren","name":"Avşar","operator":"TCDD Taşımacılık"},"geometry":{"type":"Point","coordinates":[37.73175,39.33012]}},{"type":"Feature","properties":{"id":"n1208398419","mode":"tren","name":"Çetinkaya","operator":"TCDD Taşımacılık"},"geometry":{"type":"Point","coordinates":[37.60785,39.24906]}},{"type":"Feature","properties":{"id":"n1211647863","mode":"tren","name":"Divriği","operator":"TCDD Taşımacılık"},"geometry":{"type":"Point","coordinates":[38.11413,39.38403]}},{"type":"Feature","properties":{"id":"n1211648706","mode":"tren","name":"Çiğdem","operator":""},"geometry":{"type":"Point","coordinates":[38.18869,39.3494]}},{"type":"Feature","properties":{"id":"n1211656614","mode":"tren","name":"Dazlak","operator":""},"geometry":{"type":"Point","coordinates":[38.23329,39.34078]}},{"type":"Feature","properties":{"id":"n1211778407","mode":"tren","name":"Göçentaşı","operator":"TCDD Taşımacılık"},"geometry":{"type":"Point","coordinates":[37.90839,39.40765]}},{"type":"Feature","properties":{"id":"n1211785004","mode":"tren","name":"Bahçeli","operator":"TCDD Taşımacılık"},"geometry":{"type":"Point","coordinates":[37.95514,39.413]}},{"type":"Feature","properties":{"id":"n1302508988","mode":"metro","name":"Emniyet - Fatih","operator":"Metro İstanbul"},"geometry":{"type":"Point","coordinates":[28.9396,41.01742]}},{"type":"Feature","properties":{"id":"n1339863753","mode":"tren","name":"Etimesgut","operator":"TCDD Taşımacılık"},"geometry":{"type":"Point","coordinates":[32.66309,39.94925]}},{"type":"Feature","properties":{"id":"n1339958347","mode":"tren","name":"Özgüneş","operator":"TCDD Taşımacılık"},"geometry":{"type":"Point","coordinates":[32.64927,39.95175]}},{"type":"Feature","properties":{"id":"n1392072230","mode":"tren","name":"Pamukova","operator":"TCDD Taşımacılık"},"geometry":{"type":"Point","coordinates":[30.17221,40.50258]}},{"type":"Feature","properties":{"id":"n1413662974","mode":"tren","name":"Tatvan","operator":"TCDD Taşımacılık"},"geometry":{"type":"Point","coordinates":[42.27585,38.50874]}},{"type":"Feature","properties":{"id":"n1426057756","mode":"tren","name":"Ayvaz","operator":"TCDD Taşımacılık"},"geometry":{"type":"Point","coordinates":[37.31052,39.43687]}},{"type":"Feature","properties":{"id":"n1426057762","mode":"tren","name":"Karagöl","operator":"TCDD Taşımacılık"},"geometry":{"type":"Point","coordinates":[37.36289,39.42127]}},{"type":"Feature","properties":{"id":"n1433310152","mode":"tren","name":"Kuşsarayı","operator":"TCDD Taşımacılık"},"geometry":{"type":"Point","coordinates":[38.68107,38.45284]}},{"type":"Feature","properties":{"id":"n1433310422","mode":"tren","name":"Pınarlı","operator":"TCDD Taşımacılık"},"geometry":{"type":"Point","coordinates":[38.77508,38.47249]}},{"type":"Feature","properties":{"id":"n1433311182","mode":"tren","name":"Karaali","operator":"TCDD Taşımacılık"},"geometry":{"type":"Point","coordinates":[38.93572,38.56427]}},{"type":"Feature","properties":{"id":"n1433312576","mode":"tren","name":"Hekimhan","operator":"TCDD Taşımacılık"},"geometry":{"type":"Point","coordinates":[37.92777,38.81072]}},{"type":"Feature","properties":{"id":"n1433313760","mode":"tren","name":"Akçamağara","operator":"TR-railway"},"geometry":{"type":"Point","coordinates":[37.73492,39.09984]}},{"type":"Feature","properties":{"id":"n1433314761","mode":"tren","name":"Köroğlu","operator":""},"geometry":{"type":"Point","coordinates":[37.39026,39.37313]}},{"type":"Feature","properties":{"id":"n1437395978","mode":"metro","name":"Bahçelievler","operator":""},"geometry":{"type":"Point","coordinates":[32.81996,39.93113]}},{"type":"Feature","properties":{"id":"n1437395982","mode":"metro","name":"Beşevler","operator":""},"geometry":{"type":"Point","coordinates":[32.82888,39.93265]}},{"type":"Feature","properties":{"id":"n1449711345","mode":"tren","name":"Balabanlı","operator":"TCDD Taşımacılık"},"geometry":{"type":"Point","coordinates":[27.60618,41.14064]}},{"type":"Feature","properties":{"id":"n1457024309","mode":"tren","name":"Tahtaköprü","operator":"TCDD Taşımacılık"},"geometry":{"type":"Point","coordinates":[36.67517,36.83191]}},{"type":"Feature","properties":{"id":"n1457024310","mode":"tren","name":"Yolçatı","operator":"TCDD"},"geometry":{"type":"Point","coordinates":[37.84324,36.98927]}},{"type":"Feature","properties":{"id":"n1514128635","mode":"tren","name":"Tabur","operator":""},"geometry":{"type":"Point","coordinates":[43.5433,40.73494]}},{"type":"Feature","properties":{"id":"n1544856210","mode":"tren","name":"Gözmen","operator":"TR-railway"},"geometry":{"type":"Point","coordinates":[36.66238,39.51775]}},{"type":"Feature","properties":{"id":"n1544857237","mode":"tren","name":"Sarıdemir","operator":""},"geometry":{"type":"Point","coordinates":[36.82867,39.53064]}},{"type":"Feature","properties":{"id":"n1550726413","mode":"tren","name":"Muş","operator":"TCDD Taşımacılık"},"geometry":{"type":"Point","coordinates":[41.51105,38.76164]}},{"type":"Feature","properties":{"id":"n1626731519","mode":"tren","name":"Dursunbey","operator":"TCDD Taşımacılık"},"geometry":{"type":"Point","coordinates":[28.65299,39.54729]}},{"type":"Feature","properties":{"id":"n1626958248","mode":"tren","name":"Nallıkaya","operator":"TR-railway"},"geometry":{"type":"Point","coordinates":[28.89347,39.62164]}},{"type":"Feature","properties":{"id":"n1626984771","mode":"tren","name":"Piribeyler","operator":"TCDD Taşımacılık"},"geometry":{"type":"Point","coordinates":[28.7959,39.62746]}},{"type":"Feature","properties":{"id":"n1628535479","mode":"tren","name":"Tavşanlı","operator":"TCDD Taşımacılık"},"geometry":{"type":"Point","coordinates":[29.48634,39.54022]}},{"type":"Feature","properties":{"id":"n1634040345","mode":"tren","name":"Bozüyük","operator":"TCDD Taşımacılık"},"geometry":{"type":"Point","coordinates":[30.03728,39.90426]}},{"type":"Feature","properties":{"id":"n1671168620","mode":"tren","name":"Horsunlu","operator":"TCDD Taşımacılık"},"geometry":{"type":"Point","coordinates":[28.59135,37.91479]}},{"type":"Feature","properties":{"id":"n1677624022","mode":"tren","name":"Gümüşgün","operator":"TCDD Taşımacılık"},"geometry":{"type":"Point","coordinates":[30.41236,37.89354]}},{"type":"Feature","properties":{"id":"n1678629843","mode":"tren","name":"Tepeköy","operator":"TCDD Taşımacılık"},"geometry":{"type":"Point","coordinates":[27.36153,38.14704]}},{"type":"Feature","properties":{"id":"n1688809279","mode":"tren","name":"Evciler","operator":"TCDD Taşımacılık"},"geometry":{"type":"Point","coordinates":[29.92136,38.02705]}},{"type":"Feature","properties":{"id":"n1692868969","mode":"tren","name":"Ovacık","operator":""},"geometry":{"type":"Point","coordinates":[27.40076,41.32191]}},{"type":"Feature","properties":{"id":"n1697786687","mode":"tren","name":"Biçerova","operator":"TCDD Taşımacılık"},"geometry":{"type":"Point","coordinates":[26.96053,38.74925]}},{"type":"Feature","properties":{"id":"n1744724160","mode":"tren","name":"Yeşilköy","operator":""},"geometry":{"type":"Point","coordinates":[28.82487,40.96265]}},{"type":"Feature","properties":{"id":"n1803640762","mode":"tren","name":"Beydeğirmeni","operator":"TCDD Taşımacılık"},"geometry":{"type":"Point","coordinates":[35.2041,38.83456]}},{"type":"Feature","properties":{"id":"n1804254612","mode":"tren","name":"Karasu","operator":"TCDD Taşımacılık"},"geometry":{"type":"Point","coordinates":[40.35013,39.93257]}},{"type":"Feature","properties":{"id":"n1804303985","mode":"tren","name":"Mercan","operator":"TCDD Taşımacılık"},"geometry":{"type":"Point","coordinates":[40.25769,39.74895]}},{"type":"Feature","properties":{"id":"n1804305830","mode":"tren","name":"Çadırkaya","operator":"TCDD Taşımacılık"},"geometry":{"type":"Point","coordinates":[40.18453,39.83038]}},{"type":"Feature","properties":{"id":"n1804718827","mode":"tren","name":"Topdağı","operator":"TCDD Taşımacılık"},"geometry":{"type":"Point","coordinates":[42.30237,40.31124]}},{"type":"Feature","properties":{"id":"n1805182557","mode":"tren","name":"Kabakçevliği","operator":"TCDD Taşımacılık"},"geometry":{"type":"Point","coordinates":[37.66253,39.28662]}},{"type":"Feature","properties":{"id":"n1805749145","mode":"tren","name":"Menteşe","operator":"TCDD Taşımacılık"},"geometry":{"type":"Point","coordinates":[36.72449,39.78962]}},{"type":"Feature","properties":{"id":"n1805807412","mode":"tren","name":"Artova","operator":"TCDD Taşımacılık"},"geometry":{"type":"Point","coordinates":[36.30079,40.11407]}},{"type":"Feature","properties":{"id":"n1805807417","mode":"tren","name":"Yeşilyurt","operator":"TCDD Taşımacılık"},"geometry":{"type":"Point","coordinates":[36.21674,40.00736]}},{"type":"Feature","properties":{"id":"n1805904000","mode":"tren","name":"Güzelbeyli","operator":"TCDD Taşımacılık"},"geometry":{"type":"Point","coordinates":[36.00607,40.14903]}},{"type":"Feature","properties":{"id":"n1806092998","mode":"tren","name":"Zile","operator":"TCDD Taşımacılık"},"geometry":{"type":"Point","coordinates":[35.93141,40.28146]}},{"type":"Feature","properties":{"id":"n1806453441","mode":"tren","name":"Maden","operator":"TCDD Taşımacılık"},"geometry":{"type":"Point","coordinates":[39.66905,38.4013]}},{"type":"Feature","properties":{"id":"n1806876783","mode":"tren","name":"Gölbaşı","operator":"TCDD Taşımacılık"},"geometry":{"type":"Point","coordinates":[37.63535,37.7886]}},{"type":"Feature","properties":{"id":"n1806877056","mode":"tren","name":"Kumlu","operator":"TCDD Taşımacılık"},"geometry":{"type":"Point","coordinates":[37.69297,37.86441]}},{"type":"Feature","properties":{"id":"n1806877421","mode":"tren","name":"Küçüklü","operator":"TCDD"},"geometry":{"type":"Point","coordinates":[37.68365,38.00933]}},{"type":"Feature","properties":{"id":"n1806878034","mode":"tren","name":"Elmacı Kadın","operator":"TCDD"},"geometry":{"type":"Point","coordinates":[37.73941,38.01918]}},{"type":"Feature","properties":{"id":"n1807556051","mode":"tren","name":"Kavak","operator":"TCDD Taşımacılık"},"geometry":{"type":"Point","coordinates":[36.02688,41.06854]}},{"type":"Feature","properties":{"id":"n1807561185","mode":"tren","name":"Çukurbük","operator":"TCDD Taşımacılık"},"geometry":{"type":"Point","coordinates":[36.16269,41.08392]}},{"type":"Feature","properties":{"id":"n1807826065","mode":"tren","name":"Hacıbayram","operator":"TCDD Taşımacılık"},"geometry":{"type":"Point","coordinates":[35.63308,40.8523]}},{"type":"Feature","properties":{"id":"n1807867563","mode":"tren","name":"Boğazköy","operator":"TCDD Taşımacılık"},"geometry":{"type":"Point","coordinates":[35.77362,40.73317]}},{"type":"Feature","properties":{"id":"n1807927360","mode":"tren","name":"Amasya","operator":"TCDD Taşımacılık"},"geometry":{"type":"Point","coordinates":[35.8141,40.65463]}},{"type":"Feature","properties":{"id":"n1807927361","mode":"tren","name":"Kızılca","operator":"TCDD Taşımacılık"},"geometry":{"type":"Point","coordinates":[35.76043,40.51612]}},{"type":"Feature","properties":{"id":"n1807927452","mode":"tren","name":"Kızoğlu","operator":"TCDD Taşımacılık"},"geometry":{"type":"Point","coordinates":[35.88314,40.49296]}},{"type":"Feature","properties":{"id":"n1807928218","mode":"tren","name":"Amasyaşehir","operator":"TR-railway"},"geometry":{"type":"Point","coordinates":[35.83013,40.65264]}},{"type":"Feature","properties":{"id":"n1807928392","mode":"tren","name":"Özel İdare","operator":""},"geometry":{"type":"Point","coordinates":[35.83275,40.66517]}},{"type":"Feature","properties":{"id":"n1810231503","mode":"tren","name":"Cildikısık","operator":"TCDD Taşımacılık"},"geometry":{"type":"Point","coordinates":[32.66536,41.07403]}},{"type":"Feature","properties":{"id":"n1810292465","mode":"tren","name":"Karabük","operator":"TCDD Taşımacılık"},"geometry":{"type":"Point","coordinates":[32.61044,41.19544]}},{"type":"Feature","properties":{"id":"n1810292886","mode":"tren","name":"Ortaköy","operator":"TCDD Taşımacılık"},"geometry":{"type":"Point","coordinates":[32.56262,40.93587]}},{"type":"Feature","properties":{"id":"n1810970676","mode":"tren","name":"Kurtçimeni","operator":"TCDD Taşımacılık"},"geometry":{"type":"Point","coordinates":[32.75948,40.84104]}},{"type":"Feature","properties":{"id":"n1811029435","mode":"tren","name":"Kalecik","operator":"TCDD Taşımacılık"},"geometry":{"type":"Point","coordinates":[33.44504,40.0764]}},{"type":"Feature","properties":{"id":"n1811110475","mode":"tren","name":"Tüney","operator":"TCDD Taşımacılık"},"geometry":{"type":"Point","coordinates":[33.52849,40.35456]}},{"type":"Feature","properties":{"id":"n1811161389","mode":"tren","name":"Üzerlik","operator":"TCDD Taşımacılık"},"geometry":{"type":"Point","coordinates":[29.03295,37.89509]}},{"type":"Feature","properties":{"id":"n1811163401","mode":"tren","name":"Buharkent","operator":"TCDD Taşımacılık"},"geometry":{"type":"Point","coordinates":[28.73853,37.95266]}},{"type":"Feature","properties":{"id":"n1811184035","mode":"tren","name":"Pamukören","operator":"TR-railway"},"geometry":{"type":"Point","coordinates":[28.53669,37.9074]}},{"type":"Feature","properties":{"id":"n1811249593","mode":"tren","name":"Kadınhanı","operator":"TCDD Taşımacılık"},"geometry":{"type":"Point","coordinates":[32.18314,38.31721]}},{"type":"Feature","properties":{"id":"n1811447239","mode":"tren","name":"Dümbelek","operator":""},"geometry":{"type":"Point","coordinates":[33.52941,40.28546]}},{"type":"Feature","properties":{"id":"n1811447281","mode":"tren","name":"Gökçeören","operator":"TR-railway"},"geometry":{"type":"Point","coordinates":[33.53583,40.23846]}},{"type":"Feature","properties":{"id":"n1811791603","mode":"tren","name":"Devran","operator":"TR-railway"},"geometry":{"type":"Point","coordinates":[28.18168,37.88696]}},{"type":"Feature","properties":{"id":"n1817844381","mode":"tren","name":"Demiriz","operator":"TCDD Taşımacılık"},"geometry":{"type":"Point","coordinates":[37.69316,39.16015]}},{"type":"Feature","properties":{"id":"n1818128276","mode":"tren","name":"Kangal","operator":"TCDD Taşımacılık"},"geometry":{"type":"Point","coordinates":[37.45086,39.27603]}},{"type":"Feature","properties":{"id":"n1818639872","mode":"tren","name":"Tecer","operator":"TCDD Taşımacılık"},"geometry":{"type":"Point","coordinates":[37.09239,39.40673]}},{"type":"Feature","properties":{"id":"n1825492023","mode":"tren","name":"Yerköy","operator":""},"geometry":{"type":"Point","coordinates":[34.471,39.63841]}},{"type":"Feature","properties":{"id":"n1829725374","mode":"tren","name":"Ergani","operator":"TCDD Taşımacılık"},"geometry":{"type":"Point","coordinates":[39.75488,38.23278]}},{"type":"Feature","properties":{"id":"n1829841726","mode":"tren","name":"Sallar","operator":"TCDD Taşımacılık"},"geometry":{"type":"Point","coordinates":[39.67835,38.27548]}},{"type":"Feature","properties":{"id":"n1830006084","mode":"tren","name":"Uzunköprü","operator":"TCDD Taşımacılık"},"geometry":{"type":"Point","coordinates":[26.68961,41.29604]}},{"type":"Feature","properties":{"id":"n1831989082","mode":"tren","name":"Mardin","operator":"TCDD Taşımacılık"},"geometry":{"type":"Point","coordinates":[40.70838,37.28452]}},{"type":"Feature","properties":{"id":"n1832450993","mode":"tren","name":"Sıcaksu","operator":"TCDD Taşımacılık"},"geometry":{"type":"Point","coordinates":[42.14362,38.6504]}},{"type":"Feature","properties":{"id":"n1833225767","mode":"tren","name":"Sazlık","operator":""},"geometry":{"type":"Point","coordinates":[40.98699,37.8296]}},{"type":"Feature","properties":{"id":"n1841303619","mode":"tren","name":"Kızılca","operator":"TR-railway"},"geometry":{"type":"Point","coordinates":[30.045,38.84846]}},{"type":"Feature","properties":{"id":"n1841303621","mode":"tren","name":"Yıldırım Kemal","operator":"TCDD Taşımacılık"},"geometry":{"type":"Point","coordinates":[30.12473,38.87761]}},{"type":"Feature","properties":{"id":"n1841395601","mode":"tren","name":"Tinaztepe","operator":"TCDD Taşımacılık"},"geometry":{"type":"Point","coordinates":[30.38504,38.7451]}},{"type":"Feature","properties":{"id":"n1843521618","mode":"tren","name":"Döğer","operator":"TCDD Taşımacılık"},"geometry":{"type":"Point","coordinates":[30.38048,39.13169]}},{"type":"Feature","properties":{"id":"n1844213207","mode":"tren","name":"Alayunt","operator":"TCDD Taşımacılık"},"geometry":{"type":"Point","coordinates":[30.10551,39.39544]}},{"type":"Feature","properties":{"id":"n1844214777","mode":"tren","name":"Çöğürler","operator":"TCDD Taşımacılık"},"geometry":{"type":"Point","coordinates":[30.17852,39.26794]}},{"type":"Feature","properties":{"id":"n1847251719","mode":"tren","name":"Ilgın","operator":"TCDD Taşımacılık"},"geometry":{"type":"Point","coordinates":[31.91023,38.29069]}},{"type":"Feature","properties":{"id":"n1849701875","mode":"tren","name":"Muratbağı","operator":"TCDD Taşımacılık"},"geometry":{"type":"Point","coordinates":[39.7789,38.65313]}},{"type":"Feature","properties":{"id":"n1849880459","mode":"tren","name":"Gezin","operator":"TCDD Taşımacılık"},"geometry":{"type":"Point","coordinates":[39.51971,38.49508]}},{"type":"Feature","properties":{"id":"n1851530432","mode":"tren","name":"Uzunahmet","operator":"TCDD Taşımacılık"},"geometry":{"type":"Point","coordinates":[41.43338,39.96131]}},{"type":"Feature","properties":{"id":"n1861513015","mode":"tren","name":"Karaman","operator":"TCDD Taşımacılık"},"geometry":{"type":"Point","coordinates":[33.21507,37.19366]}},{"type":"Feature","properties":{"id":"n1866950347","mode":"tren","name":"Meydan","operator":"TCDD Taşımacılık"},"geometry":{"type":"Point","coordinates":[32.54662,38.19944]}},{"type":"Feature","properties":{"id":"n1868728280","mode":"tren","name":"Köprüören","operator":"TCDD Taşımacılık"},"geometry":{"type":"Point","coordinates":[29.75651,39.49191]}},{"type":"Feature","properties":{"id":"n1868890037","mode":"tren","name":"Demirciören","operator":"TCDD Taşımacılık"},"geometry":{"type":"Point","coordinates":[29.86276,39.46086]}},{"type":"Feature","properties":{"id":"n1870300033","mode":"tren","name":"Alaşehir","operator":"TCDD Taşımacılık"},"geometry":{"type":"Point","coordinates":[28.51507,38.35774]}},{"type":"Feature","properties":{"id":"n1874203869","mode":"tren","name":"Kayaçivi","operator":""},"geometry":{"type":"Point","coordinates":[33.46554,40.69967]}},{"type":"Feature","properties":{"id":"n1874203950","mode":"tren","name":"Ildızım","operator":"TCDD Taşımacılık"},"geometry":{"type":"Point","coordinates":[33.45718,40.71376]}},{"type":"Feature","properties":{"id":"n1874204778","mode":"tren","name":"Göllüce","operator":"TCDD Taşımacılık"},"geometry":{"type":"Point","coordinates":[33.4095,40.80771]}},{"type":"Feature","properties":{"id":"n1878229658","mode":"tren","name":"Sarıoğlan","operator":"TCDD Taşımacılık"},"geometry":{"type":"Point","coordinates":[35.96423,39.08064]}},{"type":"Feature","properties":{"id":"n1891195203","mode":"tren","name":"Çay","operator":"TCDD Taşımacılık"},"geometry":{"type":"Point","coordinates":[31.03555,38.62834]}},{"type":"Feature","properties":{"id":"n1891369937","mode":"tren","name":"Beylikköprü","operator":"TCDD Taşımacılık"},"geometry":{"type":"Point","coordinates":[31.958,39.60023]}},{"type":"Feature","properties":{"id":"n1898299271","mode":"metro","name":"Kadıköy","operator":"Metro İstanbul"},"geometry":{"type":"Point","coordinates":[29.02204,40.99059]}},{"type":"Feature","properties":{"id":"n1898304351","mode":"metro","name":"Ayrılık Çeşmesi","operator":"Metro İstanbul"},"geometry":{"type":"Point","coordinates":[29.03034,41.00008]}},{"type":"Feature","properties":{"id":"n1898314728","mode":"metro","name":"Yenisahra","operator":"Metro İstanbul"},"geometry":{"type":"Point","coordinates":[29.09043,40.98459]}},{"type":"Feature","properties":{"id":"n1898314734","mode":"metro","name":"Göztepe","operator":"Metro İstanbul"},"geometry":{"type":"Point","coordinates":[29.07061,40.99409]}},{"type":"Feature","properties":{"id":"n1898314736","mode":"metro","name":"Acıbadem","operator":"Metro İstanbul"},"geometry":{"type":"Point","coordinates":[29.0444,41.00233]}},{"type":"Feature","properties":{"id":"n1898314743","mode":"metro","name":"Bostancı","operator":"Metro İstanbul"},"geometry":{"type":"Point","coordinates":[29.10538,40.96469]}},{"type":"Feature","properties":{"id":"n1907439622","mode":"tren","name":"Yunus","operator":"TCDD Taşımacılık"},"geometry":{"type":"Point","coordinates":[29.21041,40.88456]}},{"type":"Feature","properties":{"id":"n1908362611","mode":"tren","name":"Erenköy","operator":"TCDD Taşımacılık"},"geometry":{"type":"Point","coordinates":[29.07638,40.97167]}},{"type":"Feature","properties":{"id":"n1909766490","mode":"tren","name":"Yeniköy","operator":"TCDD Taşımacılık"},"geometry":{"type":"Point","coordinates":[28.00467,39.77841]}},{"type":"Feature","properties":{"id":"n1909769310","mode":"tren","name":"Çandır","operator":"TCDD Taşımacılık"},"geometry":{"type":"Point","coordinates":[28.04861,39.60981]}},{"type":"Feature","properties":{"id":"n1918589900","mode":"tren","name":"Osmaneli","operator":"TCDD Taşımacılık"},"geometry":{"type":"Point","coordinates":[30.02744,40.36431]}},{"type":"Feature","properties":{"id":"n1927013931","mode":"tren","name":"Beyhan","operator":"TCDD Taşımacılık"},"geometry":{"type":"Point","coordinates":[40.11933,38.73299]}},{"type":"Feature","properties":{"id":"n1952707128","mode":"tren","name":"İsmetpaşa","operator":"TCDD Taşımacılık"},"geometry":{"type":"Point","coordinates":[32.62737,40.86887]}},{"type":"Feature","properties":{"id":"n1961475136","mode":"tren","name":"Kabaklı","operator":"TR-railway"},"geometry":{"type":"Point","coordinates":[30.08701,38.12748]}},{"type":"Feature","properties":{"id":"n1963210305","mode":"tren","name":"Erbeyli","operator":"TCDD"},"geometry":{"type":"Point","coordinates":[27.67593,37.86351]}},{"type":"Feature","properties":{"id":"n1963210308","mode":"tren","name":"Neşetiye","operator":"TR-railway"},"geometry":{"type":"Point","coordinates":[27.53639,37.88014]}},{"type":"Feature","properties":{"id":"n1963210359","mode":"tren","name":"İmamköy","operator":"TR-railway"},"geometry":{"type":"Point","coordinates":[27.9078,37.84673]}},{"type":"Feature","properties":{"id":"n1963402540","mode":"tren","name":"Beyköy","operator":"TR-railway"},"geometry":{"type":"Point","coordinates":[28.01399,37.85723]}},{"type":"Feature","properties":{"id":"n1963402543","mode":"tren","name":"Beşeylül Durağı","operator":"TR-railway"},"geometry":{"type":"Point","coordinates":[28.42102,37.90818]}},{"type":"Feature","properties":{"id":"n1963402570","mode":"tren","name":"Kizildere Durağı","operator":"TR-railway"},"geometry":{"type":"Point","coordinates":[28.8097,37.94181]}},{"type":"Feature","properties":{"id":"n1963402572","mode":"tren","name":"Meryemoğlu Durağı","operator":"TR-railway"},"geometry":{"type":"Point","coordinates":[28.70589,37.94826]}},{"type":"Feature","properties":{"id":"n1963402574","mode":"tren","name":"Umurlu","operator":"TCDD Taşımacılık"},"geometry":{"type":"Point","coordinates":[27.95525,37.85277]}},{"type":"Feature","properties":{"id":"n1963402703","mode":"tren","name":"Çiftekahve","operator":"TR-railway"},"geometry":{"type":"Point","coordinates":[28.10976,37.86268]}},{"type":"Feature","properties":{"id":"n1967436211","mode":"tren","name":"Salhane","operator":"izban"},"geometry":{"type":"Point","coordinates":[27.17221,38.45069]}},{"type":"Feature","properties":{"id":"n1976917814","mode":"tren","name":"Bayraklı","operator":"izban"},"geometry":{"type":"Point","coordinates":[27.1644,38.46391]}},{"type":"Feature","properties":{"id":"n1976917817","mode":"tren","name":"Naldöken","operator":""},"geometry":{"type":"Point","coordinates":[27.12845,38.46456]}},{"type":"Feature","properties":{"id":"n1976917822","mode":"tren","name":"Turan","operator":"İzban"},"geometry":{"type":"Point","coordinates":[27.14941,38.46689]}},{"type":"Feature","properties":{"id":"n1988218793","mode":"metro","name":"Maltepe","operator":"Metro İstanbul"},"geometry":{"type":"Point","coordinates":[29.1395,40.93587]}},{"type":"Feature","properties":{"id":"n1988218796","mode":"metro","name":"Kartal","operator":"Metro İstanbul"},"geometry":{"type":"Point","coordinates":[29.21134,40.90659]}},{"type":"Feature","properties":{"id":"n1988218799","mode":"metro","name":"Küçükyalı","operator":"Metro İstanbul"},"geometry":{"type":"Point","coordinates":[29.122,40.94893]}},{"type":"Feature","properties":{"id":"n1989921937","mode":"tren","name":"KM189+320","operator":"TR-railway"},"geometry":{"type":"Point","coordinates":[28.73383,38.36487]}},{"type":"Feature","properties":{"id":"n1989921999","mode":"tren","name":"KM205+251","operator":"TR-railway"},"geometry":{"type":"Point","coordinates":[28.83952,38.38355]}},{"type":"Feature","properties":{"id":"n1991061657","mode":"tren","name":"Balmahmut","operator":"TCDD Taşımacılık"},"geometry":{"type":"Point","coordinates":[30.34355,38.80947]}},{"type":"Feature","properties":{"id":"n1991061675","mode":"tren","name":"Caberkamara","operator":"TR-railway"},"geometry":{"type":"Point","coordinates":[28.67809,38.35781]}},{"type":"Feature","properties":{"id":"n2005962642","mode":"tren","name":"Kars","operator":"TCDD Taşımacılık"},"geometry":{"type":"Point","coordinates":[43.10685,40.60494]}},{"type":"Feature","properties":{"id":"n2009271321","mode":"tren","name":"Ilıca","operator":"TR-railway"},"geometry":{"type":"Point","coordinates":[27.48382,37.81172]}},{"type":"Feature","properties":{"id":"n2009271325","mode":"tren","name":"Moralı","operator":"TR-railway"},"geometry":{"type":"Point","coordinates":[27.53201,37.83446]}},{"type":"Feature","properties":{"id":"n2009271329","mode":"tren","name":"Tekin","operator":"TR-railway"},"geometry":{"type":"Point","coordinates":[27.52885,37.85293]}},{"type":"Feature","properties":{"id":"n2014151828","mode":"tren","name":"Yolçatı","operator":"TCDD Taşımacılık"},"geometry":{"type":"Point","coordinates":[39.03583,38.54212]}},{"type":"Feature","properties":{"id":"n2028035074","mode":"tren","name":"Çumra","operator":"TCDD Taşımacılık"},"geometry":{"type":"Point","coordinates":[32.7846,37.57201]}},{"type":"Feature","properties":{"id":"n2036394530","mode":"tren","name":"Aksakal","operator":"TCDD Taşımacılık"},"geometry":{"type":"Point","coordinates":[28.08894,40.14375]}},{"type":"Feature","properties":{"id":"n2044818133","mode":"tren","name":"Aşkale","operator":"TCDD Taşımacılık"},"geometry":{"type":"Point","coordinates":[40.68268,39.92185]}},{"type":"Feature","properties":{"id":"n2054851040","mode":"tren","name":"Öncüler durağı","operator":""},"geometry":{"type":"Point","coordinates":[37.85218,36.77818]}},{"type":"Feature","properties":{"id":"n2057459653","mode":"tren","name":"Çağlar","operator":"TCDD Taşımacılık"},"geometry":{"type":"Point","coordinates":[39.36331,38.58796]}},{"type":"Feature","properties":{"id":"n2064789384","mode":"tren","name":"Rahova","operator":"TCDD Taşımacılık"},"geometry":{"type":"Point","coordinates":[42.20877,38.50481]}},{"type":"Feature","properties":{"id":"n2067210172","mode":"tren","name":"Halkapınar","operator":"İZBAN"},"geometry":{"type":"Point","coordinates":[27.16885,38.43522]}},{"type":"Feature","properties":{"id":"n2069722229","mode":"tren","name":"Argıthan","operator":"TCDD Taşımacılık"},"geometry":{"type":"Point","coordinates":[31.71845,38.30967]}},{"type":"Feature","properties":{"id":"n2069723681","mode":"tren","name":"Çavuşcugöl","operator":"TCDD Taşımacılık"},"geometry":{"type":"Point","coordinates":[31.84645,38.37945]}},{"type":"Feature","properties":{"id":"n2090688163","mode":"tren","name":"Karaçuha","operator":""},"geometry":{"type":"Point","coordinates":[42.00449,40.02423]}},{"type":"Feature","properties":{"id":"n2090688265","mode":"tren","name":"Hızırilyas","operator":""},"geometry":{"type":"Point","coordinates":[42.24105,40.12584]}},{"type":"Feature","properties":{"id":"n2090688385","mode":"tren","name":"Soğanlı","operator":""},"geometry":{"type":"Point","coordinates":[42.41019,40.27663]}},{"type":"Feature","properties":{"id":"n2171927595","mode":"metro","name":"Seyrantepe","operator":"Metro İstanbul"},"geometry":{"type":"Point","coordinates":[28.99573,41.10119]}},{"type":"Feature","properties":{"id":"n2171927596","mode":"metro","name":"Sanayi","operator":"Metro İstanbul"},"geometry":{"type":"Point","coordinates":[29.00518,41.09421]}},{"type":"Feature","properties":{"id":"n2180498195","mode":"tren","name":"Çavundur","operator":""},"geometry":{"type":"Point","coordinates":[33.17874,40.83061]}},{"type":"Feature","properties":{"id":"n2187061286","mode":"tren","name":"Hacıkırı","operator":"TCDD Taşımacılık"},"geometry":{"type":"Point","coordinates":[34.98084,37.25217]}},{"type":"Feature","properties":{"id":"n2191160969","mode":"tren","name":"Sütlaç","operator":"TCDD Taşımacılık"},"geometry":{"type":"Point","coordinates":[29.99104,38.12903]}},{"type":"Feature","properties":{"id":"n2191227870","mode":"tren","name":"Dinar","operator":"TCDD Taşımacılık"},"geometry":{"type":"Point","coordinates":[30.15636,38.06559]}},{"type":"Feature","properties":{"id":"n2194905042","mode":"tren","name":"Keşkek Durağı","operator":""},"geometry":{"type":"Point","coordinates":[31.48105,41.32733]}},{"type":"Feature","properties":{"id":"n2194905571","mode":"tren","name":"Çataldere Istasyon","operator":""},"geometry":{"type":"Point","coordinates":[31.46148,41.32389]}},{"type":"Feature","properties":{"id":"n2195395254","mode":"tren","name":"Beşiri","operator":"TCDD Taşımacılık"},"geometry":{"type":"Point","coordinates":[41.33144,37.96431]}},{"type":"Feature","properties":{"id":"n2201574181","mode":"tren","name":"Dumlupınar","operator":"TCDD Taşımacılık"},"geometry":{"type":"Point","coordinates":[29.98527,38.84786]}},{"type":"Feature","properties":{"id":"n2201574186","mode":"tren","name":"Oturak","operator":"TCDD Taşımacılık"},"geometry":{"type":"Point","coordinates":[29.90262,38.83987]}},{"type":"Feature","properties":{"id":"n2201637031","mode":"tren","name":"Banaz","operator":"TCDD Taşımacılık"},"geometry":{"type":"Point","coordinates":[29.75331,38.73561]}},{"type":"Feature","properties":{"id":"n2205115409","mode":"tren","name":"Yeşilyenice","operator":"TCDD Taşımacılık"},"geometry":{"type":"Point","coordinates":[32.31888,41.20549]}},{"type":"Feature","properties":{"id":"n2232271626","mode":"tren","name":"Atkaracalar","operator":"TCDD Taşımacılık"},"geometry":{"type":"Point","coordinates":[33.08299,40.79809]}},{"type":"Feature","properties":{"id":"n2239404700","mode":"metro","name":"Atatürk Oto Sanayi","operator":"Metro İstanbul"},"geometry":{"type":"Point","coordinates":[29.02418,41.11805]}},{"type":"Feature","properties":{"id":"n2253949587","mode":"tren","name":"Halkalı","operator":"TCDD Taşımacılık"},"geometry":{"type":"Point","coordinates":[28.76653,41.01837]}},{"type":"Feature","properties":{"id":"n2255041702","mode":"tren","name":"Muratlı","operator":"TCDD Taşımacılık"},"geometry":{"type":"Point","coordinates":[27.50025,41.16991]}},{"type":"Feature","properties":{"id":"n2275058706","mode":"tren","name":"Geyik","operator":"TCDD Taşımacılık"},"geometry":{"type":"Point","coordinates":[39.93622,38.14397]}},{"type":"Feature","properties":{"id":"n2290672906","mode":"tren","name":"Kaklık","operator":"TCDD Taşımacılık"},"geometry":{"type":"Point","coordinates":[29.41485,37.82698]}},{"type":"Feature","properties":{"id":"n2308821571","mode":"tren","name":"Bekdiğin","operator":"TR-railway"},"geometry":{"type":"Point","coordinates":[35.79759,40.99897]}},{"type":"Feature","properties":{"id":"n2313668703","mode":"tren","name":"Güllübağ","operator":"TCDD Taşımacılık"},"geometry":{"type":"Point","coordinates":[38.74209,39.50764]}},{"type":"Feature","properties":{"id":"n2313668761","mode":"tren","name":"Yahşiler","operator":"TCDD Taşımacılık"},"geometry":{"type":"Point","coordinates":[38.75203,39.53723]}},{"type":"Feature","properties":{"id":"n2313668954","mode":"tren","name":"Çakşur","operator":""},"geometry":{"type":"Point","coordinates":[38.8358,39.54798]}},{"type":"Feature","properties":{"id":"n2319789289","mode":"tren","name":"Şefaatli","operator":"TCDD Taşımacılık"},"geometry":{"type":"Point","coordinates":[34.74969,39.49854]}},{"type":"Feature","properties":{"id":"n2320732874","mode":"tren","name":"Sarıkent","operator":"TCDD Taşımacılık"},"geometry":{"type":"Point","coordinates":[34.77933,39.37772]}},{"type":"Feature","properties":{"id":"n2360893097","mode":"tren","name":"Kaynarca","operator":"TCDD Taşımacılık"},"geometry":{"type":"Point","coordinates":[29.25596,40.87137]}},{"type":"Feature","properties":{"id":"n2370143084","mode":"metro","name":"Fıstıkağacı","operator":"Metro İstanbul"},"geometry":{"type":"Point","coordinates":[29.02836,41.02815]}},{"type":"Feature","properties":{"id":"n2389665217","mode":"tren","name":"Gümüşdüven","operator":"TCDD Taşımacılık"},"geometry":{"type":"Point","coordinates":[33.53235,40.69054]}},{"type":"Feature","properties":{"id":"n2396457923","mode":"tren","name":"Sarayönü","operator":"TCDD Taşımacılık"},"geometry":{"type":"Point","coordinates":[32.40401,38.25588]}},{"type":"Feature","properties":{"id":"n2400068302","mode":"metro","name":"Anadolu/Anıtkabir","operator":""},"geometry":{"type":"Point","coordinates":[32.83737,39.93473]}},{"type":"Feature","properties":{"id":"n2407158710","mode":"tren","name":"Germencik","operator":"TCDD Taşımacılık"},"geometry":{"type":"Point","coordinates":[27.59576,37.87302]}},{"type":"Feature","properties":{"id":"n2407825483","mode":"tren","name":"Kuyucak","operator":"TCDD Taşımacılık"},"geometry":{"type":"Point","coordinates":[28.45948,37.90969]}},{"type":"Feature","properties":{"id":"n2435856875","mode":"tren","name":"Baskil","operator":"TCDD Taşımacılık"},"geometry":{"type":"Point","coordinates":[38.82623,38.56516]}},{"type":"Feature","properties":{"id":"n2438905434","mode":"tren","name":"Alibey","operator":"TCDD Taşımacılık"},"geometry":{"type":"Point","coordinates":[33.5678,40.19433]}},{"type":"Feature","properties":{"id":"n2440043171","mode":"tren","name":"Türkali","operator":""},"geometry":{"type":"Point","coordinates":[31.9868,41.54438]}},{"type":"Feature","properties":{"id":"n2441229024","mode":"tren","name":"Ekinova","operator":"TCDD Taşımacılık"},"geometry":{"type":"Point","coordinates":[30.18713,38.30608]}},{"type":"Feature","properties":{"id":"n2459294203","mode":"tren","name":"Hüyük","operator":"TCDD Taşımacılık"},"geometry":{"type":"Point","coordinates":[34.91332,38.15923]}},{"type":"Feature","properties":{"id":"n2474813423","mode":"tren","name":"Fırat","operator":"TCDD Taşımacılık"},"geometry":{"type":"Point","coordinates":[38.51225,38.44089]}},{"type":"Feature","properties":{"id":"n2502544119","mode":"tren","name":"Lüleburgaz","operator":"TCDD Taşımacılık"},"geometry":{"type":"Point","coordinates":[27.33252,41.35542]}},{"type":"Feature","properties":{"id":"n2502946371","mode":"tren","name":"Turgutlu","operator":"TCDD Taşımacılık"},"geometry":{"type":"Point","coordinates":[27.70717,38.51]}},{"type":"Feature","properties":{"id":"n2511296163","mode":"tren","name":"Yenikapı","operator":"TCDD Taşımacılık"},"geometry":{"type":"Point","coordinates":[28.95156,41.00516]}},{"type":"Feature","properties":{"id":"n2560606964","mode":"tren","name":"Abalar","operator":"TCDD Taşımacılık"},"geometry":{"type":"Point","coordinates":[26.73113,41.52001]}},{"type":"Feature","properties":{"id":"n2560629414","mode":"tren","name":"Müsellimköy","operator":""},"geometry":{"type":"Point","coordinates":[27.37304,41.34278]}},{"type":"Feature","properties":{"id":"n2560638910","mode":"tren","name":"Kayabeyli","operator":""},"geometry":{"type":"Point","coordinates":[27.42968,41.29732]}},{"type":"Feature","properties":{"id":"n2560639600","mode":"tren","name":"Seyitler","operator":"TCDD Taşımacılık"},"geometry":{"type":"Point","coordinates":[27.45228,41.27127]}},{"type":"Feature","properties":{"id":"n2560643693","mode":"tren","name":"Sarılar","operator":""},"geometry":{"type":"Point","coordinates":[27.65942,41.14806]}},{"type":"Feature","properties":{"id":"n2560646246","mode":"tren","name":"Kızılpınar","operator":""},"geometry":{"type":"Point","coordinates":[27.96429,41.27319]}},{"type":"Feature","properties":{"id":"n2562025494","mode":"tren","name":"Diliskelesi","operator":""},"geometry":{"type":"Point","coordinates":[29.5235,40.76949]}},{"type":"Feature","properties":{"id":"n2562030343","mode":"tren","name":"Hereke","operator":"TCDD Taşımacılık"},"geometry":{"type":"Point","coordinates":[29.61632,40.78408]}},{"type":"Feature","properties":{"id":"n2577639598","mode":"tren","name":"Km 1+164","operator":""},"geometry":{"type":"Point","coordinates":[36.35064,41.27856]}},{"type":"Feature","properties":{"id":"n2588336393","mode":"metro","name":"Eryaman 5","operator":""},"geometry":{"type":"Point","coordinates":[32.62741,39.98111]}},{"type":"Feature","properties":{"id":"n2588336399","mode":"metro","name":"İstanbul Yolu","operator":""},"geometry":{"type":"Point","coordinates":[32.66277,39.97964]}},{"type":"Feature","properties":{"id":"n2588377331","mode":"metro","name":"Batı Merkez","operator":""},"geometry":{"type":"Point","coordinates":[32.7154,39.96771]}},{"type":"Feature","properties":{"id":"n2588377342","mode":"metro","name":"Botanik","operator":""},"geometry":{"type":"Point","coordinates":[32.69415,39.98076]}},{"type":"Feature","properties":{"id":"n2596542075","mode":"tren","name":"Mersin Garı","operator":"TCDD Taşımacılık"},"geometry":{"type":"Point","coordinates":[34.63384,36.80316]}},{"type":"Feature","properties":{"id":"n2623370290","mode":"tren","name":"Çayırdere","operator":""},"geometry":{"type":"Point","coordinates":[28.1219,41.26003]}},{"type":"Feature","properties":{"id":"n2625912908","mode":"tren","name":"Kabakça","operator":"TCDD Taşımacılık"},"geometry":{"type":"Point","coordinates":[28.36468,41.21558]}},{"type":"Feature","properties":{"id":"n2625915618","mode":"tren","name":"Gökçeali","operator":""},"geometry":{"type":"Point","coordinates":[28.45376,41.17554]}},{"type":"Feature","properties":{"id":"n2625916043","mode":"tren","name":"Çatalca","operator":""},"geometry":{"type":"Point","coordinates":[28.4802,41.15057]}},{"type":"Feature","properties":{"id":"n2626019497","mode":"tren","name":"Kayaş","operator":"TCDD Taşımacılık"},"geometry":{"type":"Point","coordinates":[32.96568,39.91351]}},{"type":"Feature","properties":{"id":"n2626026172","mode":"tren","name":"Lalahan","operator":"TCDD Taşımacılık"},"geometry":{"type":"Point","coordinates":[33.11713,39.97063]}},{"type":"Feature","properties":{"id":"n2626037720","mode":"tren","name":"Kılıçlar","operator":"TCDD Taşımacılık"},"geometry":{"type":"Point","coordinates":[33.32162,39.89922]}},{"type":"Feature","properties":{"id":"n2627312112","mode":"tren","name":"Çatalağzı","operator":"TCDD Taşımacılık"},"geometry":{"type":"Point","coordinates":[31.87456,41.49914]}},{"type":"Feature","properties":{"id":"n2627314656","mode":"tren","name":"Kilimli","operator":""},"geometry":{"type":"Point","coordinates":[31.84037,41.48942]}},{"type":"Feature","properties":{"id":"n2627336043","mode":"tren","name":"Kapuz","operator":""},"geometry":{"type":"Point","coordinates":[31.80361,41.4711]}},{"type":"Feature","properties":{"id":"n2627358258","mode":"tren","name":"Kazköy","operator":""},"geometry":{"type":"Point","coordinates":[31.91198,41.51745]}},{"type":"Feature","properties":{"id":"n2627368287","mode":"tren","name":"Işikveren","operator":""},"geometry":{"type":"Point","coordinates":[31.89446,41.51377]}},{"type":"Feature","properties":{"id":"n2627375884","mode":"tren","name":"Muslu","operator":""},"geometry":{"type":"Point","coordinates":[31.92443,41.51957]}},{"type":"Feature","properties":{"id":"n2627375885","mode":"tren","name":"Göbü","operator":""},"geometry":{"type":"Point","coordinates":[31.95683,41.53403]}},{"type":"Feature","properties":{"id":"n2627428363","mode":"tren","name":"Gökçeler","operator":""},"geometry":{"type":"Point","coordinates":[32.06485,41.55618]}},{"type":"Feature","properties":{"id":"n2627428616","mode":"tren","name":"Sefercik","operator":""},"geometry":{"type":"Point","coordinates":[32.03979,41.56868]}},{"type":"Feature","properties":{"id":"n2627429217","mode":"tren","name":"Derecikören","operator":""},"geometry":{"type":"Point","coordinates":[32.07727,41.55029]}},{"type":"Feature","properties":{"id":"n2627429880","mode":"tren","name":"Saltukova","operator":"TCDD Taşımacılık"},"geometry":{"type":"Point","coordinates":[32.09312,41.51903]}},{"type":"Feature","properties":{"id":"n2627435430","mode":"tren","name":"Kiremithane","operator":""},"geometry":{"type":"Point","coordinates":[32.0909,41.48163]}},{"type":"Feature","properties":{"id":"n2627436892","mode":"tren","name":"Ahatlı","operator":""},"geometry":{"type":"Point","coordinates":[32.09478,41.40342]}},{"type":"Feature","properties":{"id":"n2627437696","mode":"tren","name":"Kayıkçılar","operator":""},"geometry":{"type":"Point","coordinates":[32.094,41.37968]}},{"type":"Feature","properties":{"id":"n2627438755","mode":"tren","name":"Gökçebey","operator":""},"geometry":{"type":"Point","coordinates":[32.13847,41.30675]}},{"type":"Feature","properties":{"id":"n2627439042","mode":"tren","name":"Bakacakkadi","operator":""},"geometry":{"type":"Point","coordinates":[32.09377,41.33757]}},{"type":"Feature","properties":{"id":"n2627443516","mode":"tren","name":"Cebeciler","operator":""},"geometry":{"type":"Point","coordinates":[32.30137,41.2173]}},{"type":"Feature","properties":{"id":"n2627457479","mode":"tren","name":"Çamlaralti","operator":""},"geometry":{"type":"Point","coordinates":[32.22622,41.22175]}},{"type":"Feature","properties":{"id":"n2627465680","mode":"tren","name":"Bolkuş","operator":"TCDD Taşımacılık"},"geometry":{"type":"Point","coordinates":[32.51723,41.16035]}},{"type":"Feature","properties":{"id":"n2627476215","mode":"tren","name":"Ülkü","operator":"TCDD Taşımacılık"},"geometry":{"type":"Point","coordinates":[32.63786,41.1812]}},{"type":"Feature","properties":{"id":"n2627492421","mode":"tren","name":"Yamukören","operator":""},"geometry":{"type":"Point","coordinates":[33.35817,40.82175]}},{"type":"Feature","properties":{"id":"n2627502412","mode":"tren","name":"Çankırı","operator":"TCDD Taşımacılık"},"geometry":{"type":"Point","coordinates":[33.61409,40.59633]}},{"type":"Feature","properties":{"id":"n2627509575","mode":"tren","name":"Esenkent","operator":"TCDD Taşımacılık"},"geometry":{"type":"Point","coordinates":[32.46785,39.89258]}},{"type":"Feature","properties":{"id":"n2627510830","mode":"tren","name":"Türkobası","operator":"TCDD Taşımacılık"},"geometry":{"type":"Point","coordinates":[32.41314,39.82916]}},{"type":"Feature","properties":{"id":"n2627512379","mode":"tren","name":"Malıköy","operator":"TCDD Taşımacılık"},"geometry":{"type":"Point","coordinates":[32.38666,39.78432]}},{"type":"Feature","properties":{"id":"n2627513597","mode":"tren","name":"Temelli","operator":"TCDD Taşımacılık"},"geometry":{"type":"Point","coordinates":[32.35255,39.73204]}},{"type":"Feature","properties":{"id":"n2627514165","mode":"tren","name":"Poyraz","operator":"TCDD Taşımacılık"},"geometry":{"type":"Point","coordinates":[32.2908,39.71286]}},{"type":"Feature","properties":{"id":"n2627515614","mode":"tren","name":"Yenidoğan","operator":"TCDD Taşımacılık"},"geometry":{"type":"Point","coordinates":[32.24975,39.69032]}},{"type":"Feature","properties":{"id":"n2629173551","mode":"tren","name":"Pınarlı","operator":"TCDD"},"geometry":{"type":"Point","coordinates":[27.74268,38.15998]}},{"type":"Feature","properties":{"id":"n2629175271","mode":"tren","name":"Emiralem","operator":"TCDD Taşımacılık"},"geometry":{"type":"Point","coordinates":[27.14819,38.62449]}},{"type":"Feature","properties":{"id":"n2629175958","mode":"tren","name":"Muradiye","operator":"TCDD Taşımacılık"},"geometry":{"type":"Point","coordinates":[27.32843,38.65117]}},{"type":"Feature","properties":{"id":"n2629874907","mode":"tren","name":"Urganlı","operator":"TCDD Taşımacılık"},"geometry":{"type":"Point","coordinates":[27.83831,38.51813]}},{"type":"Feature","properties":{"id":"n2629875444","mode":"tren","name":"Ahmetli","operator":"TCDD Taşımacılık"},"geometry":{"type":"Point","coordinates":[27.93594,38.51622]}},{"type":"Feature","properties":{"id":"n2629876917","mode":"tren","name":"Yaraşlı","operator":"TR-railway"},"geometry":{"type":"Point","coordinates":[27.97954,38.52039]}},{"type":"Feature","properties":{"id":"n2629880622","mode":"tren","name":"Salihli","operator":"TCDD Taşımacılık"},"geometry":{"type":"Point","coordinates":[28.1309,38.48301]}},{"type":"Feature","properties":{"id":"n2629881426","mode":"tren","name":"Yeşilkavak","operator":"TCDD Taşımacılık"},"geometry":{"type":"Point","coordinates":[28.25776,38.46378]}},{"type":"Feature","properties":{"id":"n2629881871","mode":"tren","name":"Kabazlı","operator":"TR-railway"},"geometry":{"type":"Point","coordinates":[28.21154,38.4742]}},{"type":"Feature","properties":{"id":"n2629883042","mode":"tren","name":"Köseali","operator":"TR-railway"},"geometry":{"type":"Point","coordinates":[28.29931,38.46038]}},{"type":"Feature","properties":{"id":"n2629885702","mode":"tren","name":"Piyadeler","operator":"TR-railway"},"geometry":{"type":"Point","coordinates":[28.43296,38.40012]}},{"type":"Feature","properties":{"id":"n2629886329","mode":"tren","name":"Yenikoy","operator":"TR-railway"},"geometry":{"type":"Point","coordinates":[28.37608,38.42335]}},{"type":"Feature","properties":{"id":"n2629886809","mode":"tren","name":"Akkeçili","operator":"TR-railway"},"geometry":{"type":"Point","coordinates":[28.48432,38.37911]}},{"type":"Feature","properties":{"id":"n2630056957","mode":"tren","name":"Gümüşçay","operator":"TR-railway"},"geometry":{"type":"Point","coordinates":[28.64948,38.36469]}},{"type":"Feature","properties":{"id":"n2630070392","mode":"tren","name":"Armutlu","operator":"TR-railway"},"geometry":{"type":"Point","coordinates":[28.90438,38.38982]}},{"type":"Feature","properties":{"id":"n2630078685","mode":"tren","name":"Güneyköy","operator":"TCDD Taşımacılık"},"geometry":{"type":"Point","coordinates":[28.86266,38.38411]}},{"type":"Feature","properties":{"id":"n2630083039","mode":"tren","name":"Türmentepe","operator":"TR-railway"},"geometry":{"type":"Point","coordinates":[28.74983,38.35635]}},{"type":"Feature","properties":{"id":"n2630084631","mode":"tren","name":"Ahmetler","operator":"TCDD Taşımacılık"},"geometry":{"type":"Point","coordinates":[29.1033,38.39031]}},{"type":"Feature","properties":{"id":"n2630089553","mode":"tren","name":"Ovakoy","operator":"TR-railway"},"geometry":{"type":"Point","coordinates":[29.3912,38.6351]}},{"type":"Feature","properties":{"id":"n2631285877","mode":"tren","name":"Karaağaçlı","operator":"TCDD Taşımacılık"},"geometry":{"type":"Point","coordinates":[27.52728,38.68465]}},{"type":"Feature","properties":{"id":"n2631286464","mode":"tren","name":"Saruhanlı","operator":"TCDD Taşımacılık"},"geometry":{"type":"Point","coordinates":[27.57739,38.73274]}},{"type":"Feature","properties":{"id":"n2631287259","mode":"tren","name":"Hacırahmanlı","operator":"TCDD Taşımacılık"},"geometry":{"type":"Point","coordinates":[27.60709,38.74772]}},{"type":"Feature","properties":{"id":"n2631287870","mode":"tren","name":"İshakçelebi","operator":"TCDD Taşımacılık"},"geometry":{"type":"Point","coordinates":[27.62756,38.75693]}},{"type":"Feature","properties":{"id":"n2631289661","mode":"tren","name":"Kayışlar","operator":"TCDD Taşımacılık"},"geometry":{"type":"Point","coordinates":[27.70286,38.85103]}},{"type":"Feature","properties":{"id":"n2631289794","mode":"tren","name":"Kapaklı","operator":"TCDD Taşımacılık"},"geometry":{"type":"Point","coordinates":[27.74412,38.87205]}},{"type":"Feature","properties":{"id":"n2631290520","mode":"tren","name":"Sünnetçiler","operator":"TCDD Taşımacılık"},"geometry":{"type":"Point","coordinates":[27.75667,38.97245]}},{"type":"Feature","properties":{"id":"n2631291504","mode":"tren","name":"Kırkağaç","operator":"TCDD Taşımacılık"},"geometry":{"type":"Point","coordinates":[27.68598,39.1155]}},{"type":"Feature","properties":{"id":"n2631293412","mode":"tren","name":"Bakir","operator":"TCDD Taşımacılık"},"geometry":{"type":"Point","coordinates":[27.74742,39.0414]}},{"type":"Feature","properties":{"id":"n2631293916","mode":"tren","name":"Soma","operator":"TCDD Taşımacılık"},"geometry":{"type":"Point","coordinates":[27.62418,39.19872]}},{"type":"Feature","properties":{"id":"n2631296012","mode":"tren","name":"Çalıköy","operator":"TCDD Taşımacılık"},"geometry":{"type":"Point","coordinates":[27.63975,39.43938]}},{"type":"Feature","properties":{"id":"n2631297461","mode":"tren","name":"Çukurhüseyin","operator":"TCDD Taşımacılık"},"geometry":{"type":"Point","coordinates":[27.7586,39.5729]}},{"type":"Feature","properties":{"id":"n2632405048","mode":"tren","name":"Çeltek","operator":"TCDD"},"geometry":{"type":"Point","coordinates":[35.64136,40.90661]}},{"type":"Feature","properties":{"id":"n2632406619","mode":"tren","name":"Çeltek Kömür İşl.","operator":""},"geometry":{"type":"Point","coordinates":[35.63516,40.87232]}},{"type":"Feature","properties":{"id":"n2632409106","mode":"tren","name":"Cevizdibi","operator":"TR-railway"},"geometry":{"type":"Point","coordinates":[35.63316,40.86113]}},{"type":"Feature","properties":{"id":"n2632411744","mode":"tren","name":"Saluca","operator":""},"geometry":{"type":"Point","coordinates":[35.68843,40.78801]}},{"type":"Feature","properties":{"id":"n2632411788","mode":"tren","name":"Kurnaz","operator":"TR-railway"},"geometry":{"type":"Point","coordinates":[35.69793,40.77363]}},{"type":"Feature","properties":{"id":"n2632415023","mode":"tren","name":"Harmanağılı","operator":"TR-railway"},"geometry":{"type":"Point","coordinates":[35.7395,40.75367]}},{"type":"Feature","properties":{"id":"n2632415134","mode":"tren","name":"Uzunoba","operator":"TR-railway"},"geometry":{"type":"Point","coordinates":[35.72872,40.75677]}},{"type":"Feature","properties":{"id":"n2632430068","mode":"tren","name":"Ladik","operator":"TCDD Taşımacılık"},"geometry":{"type":"Point","coordinates":[35.87199,41.01927]}},{"type":"Feature","properties":{"id":"n2632431401","mode":"tren","name":"Germiyan","operator":""},"geometry":{"type":"Point","coordinates":[36.10922,41.05805]}},{"type":"Feature","properties":{"id":"n2632433427","mode":"tren","name":"Çelikalan","operator":""},"geometry":{"type":"Point","coordinates":[36.20424,41.15751]}},{"type":"Feature","properties":{"id":"n2632443677","mode":"tren","name":"Meşelidüz","operator":"TCDD Taşımacılık"},"geometry":{"type":"Point","coordinates":[36.21158,41.19338]}},{"type":"Feature","properties":{"id":"n2632458725","mode":"tren","name":"Eriç","operator":"TCDD Taşımacılık"},"geometry":{"type":"Point","coordinates":[38.86854,39.57209]}},{"type":"Feature","properties":{"id":"n2632461402","mode":"tren","name":"Adatepe","operator":"TCDD Taşımacılık"},"geometry":{"type":"Point","coordinates":[38.38253,39.40082]}},{"type":"Feature","properties":{"id":"n2632465907","mode":"tren","name":"Dutluk","operator":""},"geometry":{"type":"Point","coordinates":[38.26347,39.34821]}},{"type":"Feature","properties":{"id":"n2633427377","mode":"tren","name":"Kayapınar","operator":""},"geometry":{"type":"Point","coordinates":[37.16522,39.40238]}},{"type":"Feature","properties":{"id":"n2633427933","mode":"tren","name":"Bozarmut","operator":"TCDD Taşımacılık"},"geometry":{"type":"Point","coordinates":[37.39203,39.32601]}},{"type":"Feature","properties":{"id":"n2633436374","mode":"tren","name":"Karasar","operator":"TCDD Taşımacılık"},"geometry":{"type":"Point","coordinates":[37.19163,39.41268]}},{"type":"Feature","properties":{"id":"n2633437752","mode":"tren","name":"Eskiköy","operator":"TCDD Taşımacılık"},"geometry":{"type":"Point","coordinates":[37.28812,39.43462]}},{"type":"Feature","properties":{"id":"n2633458528","mode":"tren","name":"Taşlıdere","operator":"TCDD Taşımacılık"},"geometry":{"type":"Point","coordinates":[37.01313,39.63121]}},{"type":"Feature","properties":{"id":"n2635328399","mode":"tren","name":"Kurt","operator":"TCDD Taşımacılık"},"geometry":{"type":"Point","coordinates":[41.2704,38.83471]}},{"type":"Feature","properties":{"id":"n2635340741","mode":"tren","name":"Yurt","operator":"TCDD Taşımacılık"},"geometry":{"type":"Point","coordinates":[39.35672,38.63628]}},{"type":"Feature","properties":{"id":"n2639593297","mode":"tren","name":"Çöltepe","operator":"TCDD Taşımacılık"},"geometry":{"type":"Point","coordinates":[40.80267,37.84837]}},{"type":"Feature","properties":{"id":"n2639595245","mode":"tren","name":"Soğuksu","operator":""},"geometry":{"type":"Point","coordinates":[41.02207,37.83402]}},{"type":"Feature","properties":{"id":"n2639597696","mode":"tren","name":"Sinan","operator":""},"geometry":{"type":"Point","coordinates":[40.97615,37.82918]}},{"type":"Feature","properties":{"id":"n2639599881","mode":"tren","name":"Uğur","operator":""},"geometry":{"type":"Point","coordinates":[40.34802,37.83359]}},{"type":"Feature","properties":{"id":"n2639601783","mode":"tren","name":"Kervanpınar","operator":""},"geometry":{"type":"Point","coordinates":[40.40377,37.82646]}},{"type":"Feature","properties":{"id":"n2639602235","mode":"tren","name":"Arzuoğlu","operator":""},"geometry":{"type":"Point","coordinates":[40.43635,37.82913]}},{"type":"Feature","properties":{"id":"n2639607450","mode":"tren","name":"Karacailyas","operator":""},"geometry":{"type":"Point","coordinates":[34.70881,36.84598]}},{"type":"Feature","properties":{"id":"n2639608173","mode":"tren","name":"Tırmıl","operator":"TCDD Taşımacılık"},"geometry":{"type":"Point","coordinates":[34.68838,36.83775]}},{"type":"Feature","properties":{"id":"n2639613936","mode":"tren","name":"Taşkent","operator":"TCDD Taşımacılık"},"geometry":{"type":"Point","coordinates":[34.77383,36.86497]}},{"type":"Feature","properties":{"id":"n2639614199","mode":"tren","name":"Huzurkent","operator":""},"geometry":{"type":"Point","coordinates":[34.82,36.88449]}},{"type":"Feature","properties":{"id":"n2639614349","mode":"tren","name":"Tarsus","operator":"TCDD Taşımacılık"},"geometry":{"type":"Point","coordinates":[34.88564,36.92071]}},{"type":"Feature","properties":{"id":"n2639614523","mode":"tren","name":"Yenice","operator":"TCDD Taşımacılık"},"geometry":{"type":"Point","coordinates":[35.05541,36.97478]}},{"type":"Feature","properties":{"id":"n2639617180","mode":"tren","name":"Şehitlik","operator":"TCDD Taşımacılık"},"geometry":{"type":"Point","coordinates":[35.24404,36.99794]}},{"type":"Feature","properties":{"id":"n2639617804","mode":"tren","name":"Şakirpaşa","operator":"TCDD Taşımacılık"},"geometry":{"type":"Point","coordinates":[35.28898,36.99617]}},{"type":"Feature","properties":{"id":"n2643792763","mode":"tren","name":"Ereğli","operator":"TCDD Taşımacılık"},"geometry":{"type":"Point","coordinates":[34.057,37.50581]}},{"type":"Feature","properties":{"id":"n2643801218","mode":"tren","name":"Sudurağı","operator":"TCDD Taşımacılık"},"geometry":{"type":"Point","coordinates":[33.3751,37.27165]}},{"type":"Feature","properties":{"id":"n2643812281","mode":"tren","name":"Kaşınhan","operator":"TCDD Taşımacılık"},"geometry":{"type":"Point","coordinates":[32.56846,37.7032]}},{"type":"Feature","properties":{"id":"n2643847111","mode":"tren","name":"Türkbahçe","operator":""},"geometry":{"type":"Point","coordinates":[36.61766,37.07347]}},{"type":"Feature","properties":{"id":"n2652104153","mode":"tren","name":"Payas Şehi̇r","operator":"TR-railway"},"geometry":{"type":"Point","coordinates":[36.20926,36.75557]}},{"type":"Feature","properties":{"id":"n2654287366","mode":"tren","name":"Keçiborlu","operator":"TCDD Taşımacılık"},"geometry":{"type":"Point","coordinates":[30.30704,37.94773]}},{"type":"Feature","properties":{"id":"n2671847082","mode":"tren","name":"Ibrıcak","operator":""},"geometry":{"type":"Point","coordinates":[32.26688,41.21451]}},{"type":"Feature","properties":{"id":"n2676982620","mode":"tren","name":"Yenikangal","operator":"TCDD Taşımacılık"},"geometry":{"type":"Point","coordinates":[37.38951,39.24477]}},{"type":"Feature","properties":{"id":"n2678998489","mode":"tren","name":"Yunusemre","operator":"TCDD Taşımacılık"},"geometry":{"type":"Point","coordinates":[31.47844,39.70067]}},{"type":"Feature","properties":{"id":"n2679002922","mode":"tren","name":"Sazak","operator":"TCDD Taşımacılık"},"geometry":{"type":"Point","coordinates":[31.5893,39.74901]}},{"type":"Feature","properties":{"id":"n2679004379","mode":"tren","name":"Biçer","operator":"TCDD Taşımacılık"},"geometry":{"type":"Point","coordinates":[31.69651,39.69448]}},{"type":"Feature","properties":{"id":"n2679015583","mode":"tren","name":"Caferli","operator":"TCDD Taşımacılık"},"geometry":{"type":"Point","coordinates":[34.69804,39.54955]}},{"type":"Feature","properties":{"id":"n2679015726","mode":"tren","name":"Karaosman","operator":"TCDD Taşımacılık"},"geometry":{"type":"Point","coordinates":[34.57943,39.5757]}},{"type":"Feature","properties":{"id":"n2679016606","mode":"tren","name":"Karasenir","operator":"TCDD Taşımacılık"},"geometry":{"type":"Point","coordinates":[34.84782,39.28792]}},{"type":"Feature","properties":{"id":"n2679016922","mode":"tren","name":"Kanlıca","operator":"TCDD Taşımacılık"},"geometry":{"type":"Point","coordinates":[34.88254,39.28318]}},{"type":"Feature","properties":{"id":"n2679017576","mode":"tren","name":"Yenifakılı","operator":"TCDD Taşımacılık"},"geometry":{"type":"Point","coordinates":[35.00244,39.21277]}},{"type":"Feature","properties":{"id":"n2679020381","mode":"tren","name":"Kalkancık","operator":"TCDD Taşımacılık"},"geometry":{"type":"Point","coordinates":[35.14171,38.8847]}},{"type":"Feature","properties":{"id":"n2679025074","mode":"tren","name":"Karaözü","operator":"TCDD Taşımacılık"},"geometry":{"type":"Point","coordinates":[35.95411,39.18209]}},{"type":"Feature","properties":{"id":"n2679027156","mode":"tren","name":"Tuzhisar","operator":"TCDD Taşımacılık"},"geometry":{"type":"Point","coordinates":[35.84662,38.943]}},{"type":"Feature","properties":{"id":"n2679028082","mode":"tren","name":"Tuzla (Kayseri)","operator":"TCDD Taşımacılık"},"geometry":{"type":"Point","coordinates":[35.89884,39.00175]}},{"type":"Feature","properties":{"id":"n2679028128","mode":"tren","name":"Sarımsaklı","operator":"TCDD Taşımacılık"},"geometry":{"type":"Point","coordinates":[35.71591,38.89436]}},{"type":"Feature","properties":{"id":"n2679029399","mode":"tren","name":"Gücük","operator":""},"geometry":{"type":"Point","coordinates":[36.56004,39.42882]}},{"type":"Feature","properties":{"id":"n2683727915","mode":"tren","name":"KM199+510","operator":"TR-railway"},"geometry":{"type":"Point","coordinates":[28.76598,38.3545]}},{"type":"Feature","properties":{"id":"n2683736626","mode":"tren","name":"Dilek","operator":"TCDD Taşımacılık"},"geometry":{"type":"Point","coordinates":[38.25821,38.44496]}},{"type":"Feature","properties":{"id":"n2683739237","mode":"tren","name":"Akgedik","operator":"TCDD Taşımacılık"},"geometry":{"type":"Point","coordinates":[37.71737,39.04946]}},{"type":"Feature","properties":{"id":"n2686656046","mode":"tren","name":"Kemaliyeçaltı","operator":"TCDD Taşımacılık"},"geometry":{"type":"Point","coordinates":[38.34705,39.36788]}},{"type":"Feature","properties":{"id":"n2691613017","mode":"tren","name":"Demirkapı","operator":"TCDD Taşımacılık"},"geometry":{"type":"Point","coordinates":[40.16282,39.57902]}},{"type":"Feature","properties":{"id":"n2691621936","mode":"tren","name":"Erbaş","operator":"TCDD Taşımacılık"},"geometry":{"type":"Point","coordinates":[40.20382,39.915]}},{"type":"Feature","properties":{"id":"n2691626332","mode":"tren","name":"Kandilli","operator":"TCDD Taşımacılık"},"geometry":{"type":"Point","coordinates":[40.84027,39.9107]}},{"type":"Feature","properties":{"id":"n2691629710","mode":"tren","name":"Köprüköy","operator":"TCDD Taşımacılık"},"geometry":{"type":"Point","coordinates":[41.86819,39.96847]}},{"type":"Feature","properties":{"id":"n2691631732","mode":"tren","name":"Hasankale","operator":"TCDD Taşımacılık"},"geometry":{"type":"Point","coordinates":[41.68127,39.97679]}},{"type":"Feature","properties":{"id":"n2691634203","mode":"tren","name":"Horasan","operator":"TCDD Taşımacılık"},"geometry":{"type":"Point","coordinates":[42.16245,40.0408]}},{"type":"Feature","properties":{"id":"n2691635589","mode":"tren","name":"Süngütaşı","operator":"TCDD Taşımacılık"},"geometry":{"type":"Point","coordinates":[42.25054,40.21489]}},{"type":"Feature","properties":{"id":"n2691654097","mode":"tren","name":"Duraklı","operator":""},"geometry":{"type":"Point","coordinates":[43.50628,40.7268]}},{"type":"Feature","properties":{"id":"n2691661812","mode":"tren","name":"Mezra","operator":""},"geometry":{"type":"Point","coordinates":[43.23362,40.67763]}},{"type":"Feature","properties":{"id":"n2691671071","mode":"tren","name":"Peldirvan","operator":""},"geometry":{"type":"Point","coordinates":[43.46088,40.71519]}},{"type":"Feature","properties":{"id":"n2692357799","mode":"tren","name":"Köseköy","operator":"TCDD Taşımacılık"},"geometry":{"type":"Point","coordinates":[30.00621,40.7489]}},{"type":"Feature","properties":{"id":"n2694271807","mode":"tren","name":"Sapanca","operator":"TCDD Taşımacılık"},"geometry":{"type":"Point","coordinates":[30.27342,40.69306]}},{"type":"Feature","properties":{"id":"n2698765850","mode":"tren","name":"Alifuatpaşa","operator":"TCDD Taşımacılık"},"geometry":{"type":"Point","coordinates":[30.29325,40.53487]}},{"type":"Feature","properties":{"id":"n2700434686","mode":"tren","name":"Kayabaşı","operator":"TCDD Taşımacılık"},"geometry":{"type":"Point","coordinates":[35.7563,40.57244]}},{"type":"Feature","properties":{"id":"n2700436659","mode":"tren","name":"Ovasaray","operator":"TCDD Taşımacılık"},"geometry":{"type":"Point","coordinates":[35.74292,40.53603]}},{"type":"Feature","properties":{"id":"n2700438701","mode":"tren","name":"Samurçay","operator":"TCDD Taşımacılık"},"geometry":{"type":"Point","coordinates":[36.02237,40.46367]}},{"type":"Feature","properties":{"id":"n2700446830","mode":"tren","name":"Gümüşyurt","operator":"TCDD Taşımacılık"},"geometry":{"type":"Point","coordinates":[36.17144,40.15367]}},{"type":"Feature","properties":{"id":"n2700447532","mode":"tren","name":"Yenice","operator":"TCDD Taşımacılık"},"geometry":{"type":"Point","coordinates":[36.24863,40.15972]}},{"type":"Feature","properties":{"id":"n2700448886","mode":"tren","name":"Kunduz","operator":"TCDD Taşımacılık"},"geometry":{"type":"Point","coordinates":[36.29426,40.04141]}},{"type":"Feature","properties":{"id":"n2700453308","mode":"tren","name":"Topulyurdu Durağı","operator":"TR-railway"},"geometry":{"type":"Point","coordinates":[36.27215,39.9514]}},{"type":"Feature","properties":{"id":"n2700453612","mode":"tren","name":"Sandal","operator":"TCDD Taşımacılık"},"geometry":{"type":"Point","coordinates":[36.431,39.86713]}},{"type":"Feature","properties":{"id":"n2700454296","mode":"tren","name":"Çizözü","operator":"TCDD Taşımacılık"},"geometry":{"type":"Point","coordinates":[36.40003,39.95059]}},{"type":"Feature","properties":{"id":"n2700458150","mode":"tren","name":"Kozdere","operator":"TCDD"},"geometry":{"type":"Point","coordinates":[36.6651,37.12943]}},{"type":"Feature","properties":{"id":"n2700464615","mode":"tren","name":"Söğütlü","operator":"TCDD"},"geometry":{"type":"Point","coordinates":[37.45766,37.65799]}},{"type":"Feature","properties":{"id":"n2704620183","mode":"tren","name":"Yayla","operator":"TCDD Taşımacılık"},"geometry":{"type":"Point","coordinates":[30.01446,40.06937]}},{"type":"Feature","properties":{"id":"n2704811021","mode":"tren","name":"Ayvalı","operator":"TCDD Taşımacılık"},"geometry":{"type":"Point","coordinates":[29.97989,39.93723]}},{"type":"Feature","properties":{"id":"n2705895896","mode":"tren","name":"Kapıdere","operator":"TCDD Taşımacılık"},"geometry":{"type":"Point","coordinates":[37.67077,37.97112]}},{"type":"Feature","properties":{"id":"n2705902010","mode":"tren","name":"Elmali","operator":"TCDD Taşımacılık"},"geometry":{"type":"Point","coordinates":[37.73219,38.0173]}},{"type":"Feature","properties":{"id":"n2705905300","mode":"tren","name":"Kadili","operator":"TCDD Taşımacılık"},"geometry":{"type":"Point","coordinates":[37.8062,38.02382]}},{"type":"Feature","properties":{"id":"n2705906507","mode":"tren","name":"Madensuyu","operator":"TCDD Taşımacılık"},"geometry":{"type":"Point","coordinates":[37.83493,38.03649]}},{"type":"Feature","properties":{"id":"n2705917179","mode":"tren","name":"Battalgazi","operator":"TCDD Taşımacılık"},"geometry":{"type":"Point","coordinates":[38.36989,38.4335]}},{"type":"Feature","properties":{"id":"n2705922832","mode":"tren","name":"Gemici","operator":"TCDD Taşımacılık"},"geometry":{"type":"Point","coordinates":[38.60075,38.45769]}},{"type":"Feature","properties":{"id":"n2705954244","mode":"tren","name":"Kürk","operator":"TCDD Taşımacılık"},"geometry":{"type":"Point","coordinates":[39.27428,38.461]}},{"type":"Feature","properties":{"id":"n2705954495","mode":"tren","name":"Gölcük","operator":"TCDD Taşımacılık"},"geometry":{"type":"Point","coordinates":[39.39128,38.46209]}},{"type":"Feature","properties":{"id":"n2705972173","mode":"tren","name":"Demirlikuyu","operator":""},"geometry":{"type":"Point","coordinates":[41.50678,37.96274]}},{"type":"Feature","properties":{"id":"n2706780621","mode":"tren","name":"İnönü","operator":"TCDD Taşımacılık"},"geometry":{"type":"Point","coordinates":[30.1412,39.8438]}},{"type":"Feature","properties":{"id":"n2707000941","mode":"tren","name":"Çukurhisar","operator":"TCDD Taşımacılık"},"geometry":{"type":"Point","coordinates":[30.30494,39.82363]}},{"type":"Feature","properties":{"id":"n2707110470","mode":"tren","name":"Kızılinler","operator":"TCDD Taşımacılık"},"geometry":{"type":"Point","coordinates":[30.41688,39.70411]}},{"type":"Feature","properties":{"id":"n2707315513","mode":"tren","name":"Eskişehir","operator":"TCDD Taşımacılık"},"geometry":{"type":"Point","coordinates":[30.50497,39.77962]}},{"type":"Feature","properties":{"id":"n2711219111","mode":"tren","name":"Çakmak","operator":"TCDD Taşımacılık"},"geometry":{"type":"Point","coordinates":[34.28806,37.62379]}},{"type":"Feature","properties":{"id":"n2711318024","mode":"tren","name":"Eskipazar","operator":"TCDD Taşımacılık"},"geometry":{"type":"Point","coordinates":[32.5335,40.95676]}},{"type":"Feature","properties":{"id":"n2711401351","mode":"tren","name":"Gökçekısık","operator":"TCDD Taşımacılık"},"geometry":{"type":"Point","coordinates":[30.38712,39.65377]}},{"type":"Feature","properties":{"id":"n2711412140","mode":"tren","name":"Porsuk","operator":"TCDD Taşımacılık"},"geometry":{"type":"Point","coordinates":[30.27675,39.59867]}},{"type":"Feature","properties":{"id":"n2712964634","mode":"tren","name":"Sabuncupınar","operator":"TCDD Taşımacılık"},"geometry":{"type":"Point","coordinates":[30.19087,39.56312]}},{"type":"Feature","properties":{"id":"n2712964885","mode":"tren","name":"Uluköy","operator":"TCDD Taşımacılık"},"geometry":{"type":"Point","coordinates":[30.15648,39.48535]}},{"type":"Feature","properties":{"id":"n2713003987","mode":"tren","name":"Değirmenözü","operator":"TCDD Taşımacılık"},"geometry":{"type":"Point","coordinates":[30.29404,39.20641]}},{"type":"Feature","properties":{"id":"n2713005920","mode":"tren","name":"Demirözü","operator":"TR-railway"},"geometry":{"type":"Point","coordinates":[30.33599,39.19601]}},{"type":"Feature","properties":{"id":"n2713010662","mode":"tren","name":"İhsaniye","operator":"TCDD Taşımacılık"},"geometry":{"type":"Point","coordinates":[30.4032,39.01349]}},{"type":"Feature","properties":{"id":"n2713013256","mode":"tren","name":"Gazlıgöl","operator":"TCDD Taşımacılık"},"geometry":{"type":"Point","coordinates":[30.5007,38.93193]}},{"type":"Feature","properties":{"id":"n2715588436","mode":"metro","name":"Ümitköy","operator":""},"geometry":{"type":"Point","coordinates":[32.70787,39.90535]}},{"type":"Feature","properties":{"id":"n2715588449","mode":"metro","name":"Bilkent","operator":""},"geometry":{"type":"Point","coordinates":[32.7654,39.90755]}},{"type":"Feature","properties":{"id":"n2715588455","mode":"metro","name":"Beytepe","operator":""},"geometry":{"type":"Point","coordinates":[32.73327,39.90622]}},{"type":"Feature","properties":{"id":"n2715588472","mode":"metro","name":"MTA","operator":""},"geometry":{"type":"Point","coordinates":[32.79633,39.9089]}},{"type":"Feature","properties":{"id":"n2715588478","mode":"metro","name":"Koru","operator":""},"geometry":{"type":"Point","coordinates":[32.68631,39.88684]}},{"type":"Feature","properties":{"id":"n2715588508","mode":"metro","name":"ODTÜ","operator":""},"geometry":{"type":"Point","coordinates":[32.78457,39.90836]}},{"type":"Feature","properties":{"id":"n2715588517","mode":"metro","name":"Tarım Bakanlığı-Danıştay","operator":""},"geometry":{"type":"Point","coordinates":[32.75008,39.90694]}},{"type":"Feature","properties":{"id":"n2716065683","mode":"tren","name":"İncesu","operator":"TCDD Taşımacılık"},"geometry":{"type":"Point","coordinates":[35.19649,38.62881]}},{"type":"Feature","properties":{"id":"n2718797605","mode":"tren","name":"Bor","operator":"TCDD Taşımacılık"},"geometry":{"type":"Point","coordinates":[34.5625,37.88761]}},{"type":"Feature","properties":{"id":"n2718931904","mode":"tren","name":"Ulukışla","operator":"TCDD Taşımacılık"},"geometry":{"type":"Point","coordinates":[34.48036,37.54571]}},{"type":"Feature","properties":{"id":"n2719418720","mode":"tren","name":"Gümüş","operator":"TCDD Taşımacılık"},"geometry":{"type":"Point","coordinates":[34.62112,37.51479]}},{"type":"Feature","properties":{"id":"n2719449995","mode":"tren","name":"Çiftehan","operator":"TCDD Taşımacılık"},"geometry":{"type":"Point","coordinates":[34.77368,37.51167]}},{"type":"Feature","properties":{"id":"n2719965350","mode":"tren","name":"Pozantı","operator":"TCDD Taşımacılık"},"geometry":{"type":"Point","coordinates":[34.87317,37.42291]}},{"type":"Feature","properties":{"id":"n2722447843","mode":"metro","name":"Dikimevi","operator":"EGO Genel Müdürlüğü"},"geometry":{"type":"Point","coordinates":[32.87802,39.93259]}},{"type":"Feature","properties":{"id":"n2722447845","mode":"metro","name":"Kurtuluş","operator":""},"geometry":{"type":"Point","coordinates":[32.86844,39.92831]}},{"type":"Feature","properties":{"id":"n2722494903","mode":"metro","name":"AŞTİ","operator":""},"geometry":{"type":"Point","coordinates":[32.81437,39.91825]}},{"type":"Feature","properties":{"id":"n2726063373","mode":"tren","name":"Adana","operator":"TCDD Taşımacılık"},"geometry":{"type":"Point","coordinates":[35.31898,37.00404]}},{"type":"Feature","properties":{"id":"n2726740663","mode":"tren","name":"Güneş","operator":"TCDD Taşımacılık"},"geometry":{"type":"Point","coordinates":[37.86138,39.37391]}},{"type":"Feature","properties":{"id":"n2732425626","mode":"tren","name":"Türkyurdu","operator":"TCDD Taşımacılık"},"geometry":{"type":"Point","coordinates":[37.6419,37.01201]}},{"type":"Feature","properties":{"id":"n2732614877","mode":"tren","name":"Nizip","operator":"TCDD Taşımacılık"},"geometry":{"type":"Point","coordinates":[37.78903,37.00118]}},{"type":"Feature","properties":{"id":"n2733353000","mode":"tren","name":"Yakapınar","operator":"TCDD Taşımacılık"},"geometry":{"type":"Point","coordinates":[35.61247,36.96767]}},{"type":"Feature","properties":{"id":"n2733584895","mode":"tren","name":"Sağlık","operator":"TCDD Taşımacılık"},"geometry":{"type":"Point","coordinates":[27.40049,38.08509]}},{"type":"Feature","properties":{"id":"n2755862129","mode":"tren","name":"Cürek","operator":"TCDD Taşımacılık"},"geometry":{"type":"Point","coordinates":[38.03558,39.44469]}},{"type":"Feature","properties":{"id":"n2755862130","mode":"tren","name":"Demirdağ","operator":"TCDD Taşımacılık"},"geometry":{"type":"Point","coordinates":[38.1078,39.40802]}},{"type":"Feature","properties":{"id":"n2770813024","mode":"tren","name":"Taşoluk","operator":"TCDD Taşımacılık"},"geometry":{"type":"Point","coordinates":[36.48098,37.178]}},{"type":"Feature","properties":{"id":"n2775053914","mode":"tren","name":"Bahçe","operator":"TCDD Taşımacılık"},"geometry":{"type":"Point","coordinates":[36.55891,37.18707]}},{"type":"Feature","properties":{"id":"n2779545007","mode":"tren","name":"Uluova","operator":"TCDD Taşımacılık"},"geometry":{"type":"Point","coordinates":[39.20046,38.49245]}},{"type":"Feature","properties":{"id":"n2779902461","mode":"tren","name":"Türkoğlu","operator":"TCDD Taşımacılık"},"geometry":{"type":"Point","coordinates":[36.86197,37.37542]}},{"type":"Feature","properties":{"id":"n2784067271","mode":"tren","name":"Leylek","operator":"TCDD Taşımacılık"},"geometry":{"type":"Point","coordinates":[40.0829,38.0219]}},{"type":"Feature","properties":{"id":"n2784864445","mode":"tren","name":"Selim","operator":"TCDD Taşımacılık"},"geometry":{"type":"Point","coordinates":[42.80411,40.43357]}},{"type":"Feature","properties":{"id":"n2784870836","mode":"tren","name":"Palandöken","operator":"TCDD Taşımacılık"},"geometry":{"type":"Point","coordinates":[41.17148,39.93189]}},{"type":"Feature","properties":{"id":"n2784873940","mode":"tren","name":"Altunkent","operator":""},"geometry":{"type":"Point","coordinates":[40.19673,39.66875]}},{"type":"Feature","properties":{"id":"n2784878392","mode":"tren","name":"Kalkım","operator":"TCDD Taşımacılık"},"geometry":{"type":"Point","coordinates":[37.62998,39.20892]}},{"type":"Feature","properties":{"id":"n2784882168","mode":"tren","name":"Kesikköprü","operator":"TCDD Taşımacılık"},"geometry":{"type":"Point","coordinates":[38.01115,38.7116]}},{"type":"Feature","properties":{"id":"n2785467907","mode":"tren","name":"Narlı","operator":"TCDD Taşımacılık"},"geometry":{"type":"Point","coordinates":[37.13953,37.39586]}},{"type":"Feature","properties":{"id":"n2785542663","mode":"tren","name":"Şehitrarif","operator":"TCDD Taşımacılık"},"geometry":{"type":"Point","coordinates":[37.26139,37.21237]}},{"type":"Feature","properties":{"id":"n2785730097","mode":"tren","name":"Karaurgan","operator":"TCDD Taşımacılık"},"geometry":{"type":"Point","coordinates":[42.27835,40.25092]}},{"type":"Feature","properties":{"id":"n2786232391","mode":"tren","name":"Hamzalar","operator":"TR-railway"},"geometry":{"type":"Point","coordinates":[37.68334,37.91626]}},{"type":"Feature","properties":{"id":"n2790047428","mode":"tren","name":"Temürün","operator":"TCDD Taşımacılık"},"geometry":{"type":"Point","coordinates":[37.52559,39.27116]}},{"type":"Feature","properties":{"id":"n2834285349","mode":"tren","name":"Çiğiltepe","operator":"TCDD Taşımacılık"},"geometry":{"type":"Point","coordinates":[30.26685,38.59758]}},{"type":"Feature","properties":{"id":"n2839342782","mode":"tren","name":"Karabasamak","operator":"TCDD Taşımacılık"},"geometry":{"type":"Point","coordinates":[36.14209,36.8803]}},{"type":"Feature","properties":{"id":"n2852454543","mode":"tren","name":"Ambar","operator":""},"geometry":{"type":"Point","coordinates":[40.5228,37.85835]}},{"type":"Feature","properties":{"id":"n2852454546","mode":"tren","name":"Seyithasan","operator":""},"geometry":{"type":"Point","coordinates":[40.58799,37.86878]}},{"type":"Feature","properties":{"id":"n2857536506","mode":"tren","name":"Bilecik","operator":"TCDD Taşımacılık"},"geometry":{"type":"Point","coordinates":[30.00054,40.11539]}},{"type":"Feature","properties":{"id":"n2857538264","mode":"tren","name":"Bozüyük YHT","operator":"TCDD Taşımacılık"},"geometry":{"type":"Point","coordinates":[30.04267,39.88053]}},{"type":"Feature","properties":{"id":"n2909589816","mode":"tren","name":"Cebesoy","operator":""},"geometry":{"type":"Point","coordinates":[39.34931,39.64524]}},{"type":"Feature","properties":{"id":"n2925922183","mode":"tren","name":"Yazlak","operator":"TCDD Taşımacılık"},"geometry":{"type":"Point","coordinates":[38.17624,38.33073]}},{"type":"Feature","properties":{"id":"n3043451548","mode":"tren","name":"Çaybağı","operator":""},"geometry":{"type":"Point","coordinates":[44.1683,38.51734]}},{"type":"Feature","properties":{"id":"n3050696577","mode":"tren","name":"Soğucak","operator":"TCDD Taşımacılık"},"geometry":{"type":"Point","coordinates":[27.67267,39.51396]}},{"type":"Feature","properties":{"id":"n3050697993","mode":"tren","name":"Ayvacık","operator":"TCDD Taşımacılık"},"geometry":{"type":"Point","coordinates":[27.21192,38.63589]}},{"type":"Feature","properties":{"id":"n3050719115","mode":"tren","name":"Kelebek","operator":"TCDD Taşımacılık"},"geometry":{"type":"Point","coordinates":[34.97615,37.15445]}},{"type":"Feature","properties":{"id":"n3050755938","mode":"tren","name":"Karakol","operator":"TR-railway"},"geometry":{"type":"Point","coordinates":[38.56499,38.4476]}},{"type":"Feature","properties":{"id":"n3051784418","mode":"tren","name":"Karalar","operator":"TCDD Taşımacılık"},"geometry":{"type":"Point","coordinates":[34.48418,37.63397]}},{"type":"Feature","properties":{"id":"n3058081123","mode":"tren","name":"Göçenli","operator":""},"geometry":{"type":"Point","coordinates":[36.07161,40.15301]}},{"type":"Feature","properties":{"id":"n3058109590","mode":"tren","name":"Çiftlik","operator":""},"geometry":{"type":"Point","coordinates":[36.161,41.10557]}},{"type":"Feature","properties":{"id":"n3063493588","mode":"tren","name":"Sarsap","operator":"TCDD Taşımacılık"},"geometry":{"type":"Point","coordinates":[38.13481,38.66829]}},{"type":"Feature","properties":{"id":"n3063500757","mode":"tren","name":"Hasançelebi","operator":"TCDD Taşımacılık"},"geometry":{"type":"Point","coordinates":[37.88039,38.9279]}},{"type":"Feature","properties":{"id":"n3063506337","mode":"tren","name":"Aşağı Güneş","operator":""},"geometry":{"type":"Point","coordinates":[37.88282,39.3873]}},{"type":"Feature","properties":{"id":"n3063529081","mode":"tren","name":"Bağıştaş","operator":"TCDD Taşımacılık"},"geometry":{"type":"Point","coordinates":[38.46715,39.44048]}},{"type":"Feature","properties":{"id":"n3063572644","mode":"tren","name":"İliç","operator":"TCDD Taşımacılık"},"geometry":{"type":"Point","coordinates":[38.55653,39.47217]}},{"type":"Feature","properties":{"id":"n3208558101","mode":"metro","name":"Olimpiyat","operator":"İstanbul Metrosu"},"geometry":{"type":"Point","coordinates":[28.76724,41.07957]}},{"type":"Feature","properties":{"id":"n3219831111","mode":"metro","name":"Ziya Gökalp","operator":"İstanbul Metrosu"},"geometry":{"type":"Point","coordinates":[28.78645,41.07455]}},{"type":"Feature","properties":{"id":"n3219831127","mode":"metro","name":"İSTOÇ","operator":"Metro İstanbul"},"geometry":{"type":"Point","coordinates":[28.82604,41.06499]}},{"type":"Feature","properties":{"id":"n3219831134","mode":"metro","name":"Mahmutbey","operator":"Metro İstanbul"},"geometry":{"type":"Point","coordinates":[28.83063,41.05511]}},{"type":"Feature","properties":{"id":"n3243585071","mode":"metro","name":"Başak Konutları","operator":"Metro İstanbul"},"geometry":{"type":"Point","coordinates":[28.79135,41.09781]}},{"type":"Feature","properties":{"id":"n3243585072","mode":"metro","name":"Metrokent","operator":"Metro İstanbul"},"geometry":{"type":"Point","coordinates":[28.80149,41.10815]}},{"type":"Feature","properties":{"id":"n3243585073","mode":"metro","name":"İkitelli Sanayi","operator":"Metro İstanbul"},"geometry":{"type":"Point","coordinates":[28.8039,41.07113]}},{"type":"Feature","properties":{"id":"n3305442183","mode":"tren","name":"Kazlıçeşme","operator":""},"geometry":{"type":"Point","coordinates":[28.91689,40.99267]}},{"type":"Feature","properties":{"id":"n3309385594","mode":"tren","name":"Gaziemir","operator":"TCDD Taşımacılık"},"geometry":{"type":"Point","coordinates":[27.13997,38.32628]}},{"type":"Feature","properties":{"id":"n3544707833","mode":"tren","name":"Filyos","operator":"TCDD Taşımacılık"},"geometry":{"type":"Point","coordinates":[32.02117,41.55994]}},{"type":"Feature","properties":{"id":"n3556586658","mode":"tren","name":"Ekerek","operator":"TCDD Taşımacılık"},"geometry":{"type":"Point","coordinates":[40.28953,38.73649]}},{"type":"Feature","properties":{"id":"n3573965694","mode":"tren","name":"Bilecik YHT","operator":"TCDD Taşımacılık"},"geometry":{"type":"Point","coordinates":[30.00927,40.13551]}},{"type":"Feature","properties":{"id":"n3755456221","mode":"metro","name":"Levent","operator":"Metro İstanbul"},"geometry":{"type":"Point","coordinates":[29.01448,41.07584]}},{"type":"Feature","properties":{"id":"n3881605975","mode":"tren","name":"Atma","operator":""},"geometry":{"type":"Point","coordinates":[38.62666,39.49617]}},{"type":"Feature","properties":{"id":"n3892496903","mode":"metro","name":"Vezneciler-İstanbul Üniversitesi","operator":"Metro İstanbul"},"geometry":{"type":"Point","coordinates":[28.9597,41.01225]}},{"type":"Feature","properties":{"id":"n3937514080","mode":"metro","name":"Nispetiye","operator":"Metro İstanbul"},"geometry":{"type":"Point","coordinates":[29.024,41.07739]}},{"type":"Feature","properties":{"id":"n3937514082","mode":"metro","name":"Etiler","operator":"Metro İstanbul"},"geometry":{"type":"Point","coordinates":[29.0376,41.08246]}},{"type":"Feature","properties":{"id":"n4045268405","mode":"tren","name":"Gökköy","operator":"TCDD Taşımacılık"},"geometry":{"type":"Point","coordinates":[27.82605,39.59442]}},{"type":"Feature","properties":{"id":"n4213777340","mode":"metro","name":"Ünalan","operator":"Metro İstanbul"},"geometry":{"type":"Point","coordinates":[29.06003,40.99809]}},{"type":"Feature","properties":{"id":"n4213777682","mode":"metro","name":"Gayrettepe","operator":"TCDD Taşımacılık A.Ş."},"geometry":{"type":"Point","coordinates":[29.01148,41.06634]}},{"type":"Feature","properties":{"id":"n4304511881","mode":"metro","name":"Yeni Mahalle","operator":"Metro İstanbul"},"geometry":{"type":"Point","coordinates":[28.83599,41.0404]}},{"type":"Feature","properties":{"id":"n4304536080","mode":"metro","name":"Turgut Özal","operator":"Metro İstanbul"},"geometry":{"type":"Point","coordinates":[28.79754,41.0812]}},{"type":"Feature","properties":{"id":"n4304536085","mode":"metro","name":"Siteler","operator":"Metro İstanbul"},"geometry":{"type":"Point","coordinates":[28.79656,41.08823]}},{"type":"Feature","properties":{"id":"n4319545783","mode":"tren","name":"Karagözler","operator":"TCDD Taşımacılık"},"geometry":{"type":"Point","coordinates":[30.40111,39.78241]}},{"type":"Feature","properties":{"id":"n4319806492","mode":"tren","name":"Hasanbey","operator":"TCDD Taşımacılık"},"geometry":{"type":"Point","coordinates":[30.61125,39.79309]}},{"type":"Feature","properties":{"id":"n4347223415","mode":"metro","name":"Demirtepe","operator":""},"geometry":{"type":"Point","coordinates":[32.84769,39.92572]}},{"type":"Feature","properties":{"id":"n4394138502","mode":"tren","name":"Davutlar Köyü","operator":"TR-railway"},"geometry":{"type":"Point","coordinates":[28.81459,38.38384]}},{"type":"Feature","properties":{"id":"n4394446357","mode":"tren","name":"Demirli","operator":"TCDD Taşımacılık"},"geometry":{"type":"Point","coordinates":[29.30147,39.50308]}},{"type":"Feature","properties":{"id":"n4394446381","mode":"tren","name":"Değirmisaz","operator":"TCDD Taşımacılık"},"geometry":{"type":"Point","coordinates":[29.19764,39.48959]}},{"type":"Feature","properties":{"id":"n4394447169","mode":"tren","name":"Balıköy","operator":"TCDD Taşımacılık"},"geometry":{"type":"Point","coordinates":[29.0951,39.52407]}},{"type":"Feature","properties":{"id":"n4394451678","mode":"tren","name":"Gazellidere","operator":"TCDD Taşımacılık"},"geometry":{"type":"Point","coordinates":[28.46928,39.54494]}},{"type":"Feature","properties":{"id":"n4394452381","mode":"tren","name":"Alöve","operator":"TCDD Taşımacılık"},"geometry":{"type":"Point","coordinates":[29.00918,39.57896]}},{"type":"Feature","properties":{"id":"n4394454078","mode":"tren","name":"Sindirler","operator":"TCDD Taşımacılık"},"geometry":{"type":"Point","coordinates":[28.74745,39.61119]}},{"type":"Feature","properties":{"id":"n4394454340","mode":"tren","name":"Güneyköy","operator":"TR-railway"},"geometry":{"type":"Point","coordinates":[28.73271,39.66114]}},{"type":"Feature","properties":{"id":"n4394454686","mode":"tren","name":"Mazlumlar","operator":"TR-railway"},"geometry":{"type":"Point","coordinates":[28.77953,39.64595]}},{"type":"Feature","properties":{"id":"n4394454923","mode":"tren","name":"Selimağa","operator":"TCDD Taşımacılık"},"geometry":{"type":"Point","coordinates":[28.53479,39.54477]}},{"type":"Feature","properties":{"id":"n4394455302","mode":"tren","name":"Dada","operator":"TCDD Taşımacılık"},"geometry":{"type":"Point","coordinates":[28.37104,39.56804]}},{"type":"Feature","properties":{"id":"n4394455303","mode":"tren","name":"Kireç","operator":"TR-railway"},"geometry":{"type":"Point","coordinates":[28.36392,39.55314]}},{"type":"Feature","properties":{"id":"n4394456110","mode":"tren","name":"Sarfaklar","operator":"TCDD Taşımacılık"},"geometry":{"type":"Point","coordinates":[28.21816,39.57849]}},{"type":"Feature","properties":{"id":"n4394456238","mode":"tren","name":"Mezitler","operator":"TCDD Taşımacılık"},"geometry":{"type":"Point","coordinates":[28.30847,39.54931]}},{"type":"Feature","properties":{"id":"n4394457197","mode":"tren","name":"Nusrat","operator":"TCDD Taşımacılık"},"geometry":{"type":"Point","coordinates":[28.1626,39.61582]}},{"type":"Feature","properties":{"id":"n4394457456","mode":"tren","name":"Gündoğan","operator":"TR-railway"},"geometry":{"type":"Point","coordinates":[27.91323,39.64452]}},{"type":"Feature","properties":{"id":"n4439882732","mode":"metro","name":"Pendik","operator":"Metro İstanbul"},"geometry":{"type":"Point","coordinates":[29.23858,40.88865]}},{"type":"Feature","properties":{"id":"n4440049391","mode":"metro","name":"Tavşantepe","operator":"Metro İstanbul"},"geometry":{"type":"Point","coordinates":[29.24883,40.88216]}},{"type":"Feature","properties":{"id":"n4442132431","mode":"metro","name":"Yakacık—Adnan Kahveci","operator":"Metro İstanbul"},"geometry":{"type":"Point","coordinates":[29.22713,40.89663]}},{"type":"Feature","properties":{"id":"n4443353789","mode":"tren","name":"Ova Köy","operator":"TR-railway"},"geometry":{"type":"Point","coordinates":[29.34033,38.54576]}},{"type":"Feature","properties":{"id":"n4540821444","mode":"metro","name":"Kolej","operator":"Ankara Büyükşehir Belediyesi"},"geometry":{"type":"Point","coordinates":[32.86144,39.92342]}},{"type":"Feature","properties":{"id":"n4544835059","mode":"metro","name":"Maltepe","operator":""},"geometry":{"type":"Point","coordinates":[32.84267,39.93239]}},{"type":"Feature","properties":{"id":"n4556769263","mode":"tren","name":"Nergiz","operator":"izban"},"geometry":{"type":"Point","coordinates":[27.10467,38.45959]}},{"type":"Feature","properties":{"id":"n4556769264","mode":"tren","name":"Egekent","operator":"TCDD Taşımacılık"},"geometry":{"type":"Point","coordinates":[27.04598,38.50734]}},{"type":"Feature","properties":{"id":"n4556804484","mode":"tren","name":"Aliağa","operator":"TCDD Taşımacılık"},"geometry":{"type":"Point","coordinates":[26.96728,38.78879]}},{"type":"Feature","properties":{"id":"n4904128641","mode":"tren","name":"Gümüşçayı","operator":"TR-railway"},"geometry":{"type":"Point","coordinates":[28.16321,38.47852]}},{"type":"Feature","properties":{"id":"n4929219587","mode":"tren","name":"Ayrancı","operator":"TCDD Taşımacılık"},"geometry":{"type":"Point","coordinates":[33.66626,37.37106]}},{"type":"Feature","properties":{"id":"n4934435244","mode":"tren","name":"Büyük Derbent","operator":"TCDD Taşımacılık"},"geometry":{"type":"Point","coordinates":[30.11034,40.71023]}},{"type":"Feature","properties":{"id":"n4934449662","mode":"tren","name":"Sapanca YHT","operator":"TCDD Taşımacılık"},"geometry":{"type":"Point","coordinates":[30.24451,40.69929]}},{"type":"Feature","properties":{"id":"n4934464260","mode":"tren","name":"Uzunkum","operator":""},"geometry":{"type":"Point","coordinates":[30.30914,40.70201]}},{"type":"Feature","properties":{"id":"n4935284080","mode":"tren","name":"Mekece","operator":"TCDD Taşımacılık"},"geometry":{"type":"Point","coordinates":[30.05195,40.45069]}},{"type":"Feature","properties":{"id":"n5014804022","mode":"tren","name":"Konya","operator":"TCDD Taşımacılık"},"geometry":{"type":"Point","coordinates":[32.4759,37.86534]}},{"type":"Feature","properties":{"id":"n5084106192","mode":"tren","name":"Tersane","operator":"TCDD Taşımacılık"},"geometry":{"type":"Point","coordinates":[29.27329,40.86116]}},{"type":"Feature","properties":{"id":"n5084119890","mode":"tren","name":"Güzelyalı","operator":"TCDD Taşımacılık"},"geometry":{"type":"Point","coordinates":[29.28361,40.85683]}},{"type":"Feature","properties":{"id":"n5084128493","mode":"tren","name":"Aydıntepe","operator":"TCDD Taşımacılık"},"geometry":{"type":"Point","coordinates":[29.2932,40.85229]}},{"type":"Feature","properties":{"id":"n5084138614","mode":"tren","name":"İçmeler","operator":"TCDD Taşımacılık"},"geometry":{"type":"Point","coordinates":[29.30004,40.84569]}},{"type":"Feature","properties":{"id":"n5084154170","mode":"tren","name":"Tuzla","operator":"TCDD Taşımacılık"},"geometry":{"type":"Point","coordinates":[29.32243,40.82995]}},{"type":"Feature","properties":{"id":"n5085864847","mode":"tren","name":"Çayırova","operator":""},"geometry":{"type":"Point","coordinates":[29.34737,40.81053]}},{"type":"Feature","properties":{"id":"n5085864850","mode":"tren","name":"GTÜ-Fatih","operator":""},"geometry":{"type":"Point","coordinates":[29.36402,40.8076]}},{"type":"Feature","properties":{"id":"n5085891619","mode":"tren","name":"Osmangazi","operator":""},"geometry":{"type":"Point","coordinates":[29.38012,40.79924]}},{"type":"Feature","properties":{"id":"n5085899451","mode":"tren","name":"Darıca","operator":""},"geometry":{"type":"Point","coordinates":[29.39191,40.7914]}},{"type":"Feature","properties":{"id":"n5201470368","mode":"tren","name":"Porsuklu","operator":"TCDD"},"geometry":{"type":"Point","coordinates":[43.19824,40.7786]}},{"type":"Feature","properties":{"id":"n5218796192","mode":"metro","name":"Levent","operator":"Metro İstanbul"},"geometry":{"type":"Point","coordinates":[29.01379,41.07689]}},{"type":"Feature","properties":{"id":"n5272471218","mode":"tren","name":"Bostancı","operator":"TCDD Taşımacılık"},"geometry":{"type":"Point","coordinates":[29.0949,40.95393]}},{"type":"Feature","properties":{"id":"n5286349755","mode":"metro","name":"Yamanevler","operator":"Metro İstanbul"},"geometry":{"type":"Point","coordinates":[29.10875,41.0242]}},{"type":"Feature","properties":{"id":"n5286349759","mode":"metro","name":"Kısıklı","operator":"Metro İstanbul"},"geometry":{"type":"Point","coordinates":[29.06208,41.02219]}},{"type":"Feature","properties":{"id":"n5286349760","mode":"metro","name":"Altunizade","operator":"Metro İstanbul"},"geometry":{"type":"Point","coordinates":[29.04831,41.02191]}},{"type":"Feature","properties":{"id":"n5286349761","mode":"metro","name":"Bağlarbaşı","operator":"Metro İstanbul"},"geometry":{"type":"Point","coordinates":[29.03687,41.02146]}},{"type":"Feature","properties":{"id":"n5298185983","mode":"tren","name":"Suadiye","operator":"TCDD Taşımacılık"},"geometry":{"type":"Point","coordinates":[29.08441,40.96048]}},{"type":"Feature","properties":{"id":"n5303110219","mode":"metro","name":"İstiklal Gazileri","operator":"Adana Büyükşehir Belediyesi"},"geometry":{"type":"Point","coordinates":[35.31825,36.99243]}},{"type":"Feature","properties":{"id":"n5303110220","mode":"metro","name":"Vilayet","operator":"Adana Büyükşehir Belediyesi"},"geometry":{"type":"Point","coordinates":[35.31339,37.00205]}},{"type":"Feature","properties":{"id":"n5303110841","mode":"metro","name":"Kocavezir","operator":"Adana Büyükşehir Belediyesi"},"geometry":{"type":"Point","coordinates":[35.31954,36.98457]}},{"type":"Feature","properties":{"id":"n5303110862","mode":"metro","name":"Hürriyet","operator":"Adana Büyükşehir Belediyesi"},"geometry":{"type":"Point","coordinates":[35.32593,36.97892]}},{"type":"Feature","properties":{"id":"n5303110883","mode":"metro","name":"Cumhuriyet","operator":"Adana Büyükşehir Belediyesi"},"geometry":{"type":"Point","coordinates":[35.33753,36.98099]}},{"type":"Feature","properties":{"id":"n5303110898","mode":"metro","name":"Akıncılar","operator":"Adana Büyükşehir Belediyesi"},"geometry":{"type":"Point","coordinates":[35.34411,36.98881]}},{"type":"Feature","properties":{"id":"n5303116331","mode":"metro","name":"Yeşilyurt","operator":"Adana Büyükşehir Belediyesi"},"geometry":{"type":"Point","coordinates":[35.30259,37.02033]}},{"type":"Feature","properties":{"id":"n5303116352","mode":"metro","name":"Fatih","operator":"Adana Büyükşehir Belediyesi"},"geometry":{"type":"Point","coordinates":[35.30443,37.01229]}},{"type":"Feature","properties":{"id":"n5303118157","mode":"metro","name":"Yurt","operator":"Adana Büyükşehir Belediyesi"},"geometry":{"type":"Point","coordinates":[35.29647,37.02704]}},{"type":"Feature","properties":{"id":"n5303130955","mode":"metro","name":"Huzurevi","operator":"Adana Büyükşehir Belediyesi"},"geometry":{"type":"Point","coordinates":[35.2846,37.04086]}},{"type":"Feature","properties":{"id":"n5303130960","mode":"metro","name":"Mavi Bulvar","operator":"Adana Büyükşehir Belediyesi"},"geometry":{"type":"Point","coordinates":[35.2879,37.03553]}},{"type":"Feature","properties":{"id":"n5303136066","mode":"metro","name":"Kurttepe - Anadolu Lisesi","operator":"Adana Büyükşehir Belediyesi"},"geometry":{"type":"Point","coordinates":[35.2801,37.0478]}},{"type":"Feature","properties":{"id":"n5303145331","mode":"metro","name":"Hastane","operator":"Adana Büyükşehir Belediyesi"},"geometry":{"type":"Point","coordinates":[35.26292,37.05061]}},{"type":"Feature","properties":{"id":"n5315407482","mode":"metro","name":"Bursa Teknik Üniversitesi / Mimar Sinan","operator":"Bursa Ulaşım Toplu Taşıma İşletmeciliği"},"geometry":{"type":"Point","coordinates":[29.13227,40.19156]}},{"type":"Feature","properties":{"id":"n5315407491","mode":"metro","name":"Hacivat / Esenevler","operator":"Bursa Ulaşım Toplu Taşıma İşletmeciliği"},"geometry":{"type":"Point","coordinates":[29.14164,40.19219]}},{"type":"Feature","properties":{"id":"n5315407499","mode":"metro","name":"Şirinevler","operator":"Bursa Ulaşım Toplu Taşıma İşletmeciliği"},"geometry":{"type":"Point","coordinates":[29.15501,40.19457]}},{"type":"Feature","properties":{"id":"n5315407514","mode":"metro","name":"Otosansit","operator":"Bursa Ulaşım Toplu Taşıma İşletmeciliği"},"geometry":{"type":"Point","coordinates":[29.16741,40.19672]}},{"type":"Feature","properties":{"id":"n5315410731","mode":"metro","name":"Cumalıkızık / Değirmenönü","operator":"Bursa Ulaşım Toplu Taşıma İşletmeciliği"},"geometry":{"type":"Point","coordinates":[29.17495,40.19789]}},{"type":"Feature","properties":{"id":"n5315410742","mode":"metro","name":"Gürsu","operator":"Bursa Ulaşım Toplu Taşıma İşletmeciliği"},"geometry":{"type":"Point","coordinates":[29.19042,40.19924]}},{"type":"Feature","properties":{"id":"n5315410781","mode":"metro","name":"Kestel","operator":"Bursa Ulaşım Toplu Taşıma İşletmeciliği"},"geometry":{"type":"Point","coordinates":[29.20696,40.20263]}},{"type":"Feature","properties":{"id":"n5315425255","mode":"metro","name":"Arabayatağı / Yavuz Selim","operator":"Bursa Ulaşım Toplu Taşıma İşletmeciliği"},"geometry":{"type":"Point","coordinates":[29.11691,40.19154]}},{"type":"Feature","properties":{"id":"n5315432299","mode":"metro","name":"152 Evler","operator":"Bursa Ulaşım Toplu Taşıma İşletmeciliği"},"geometry":{"type":"Point","coordinates":[29.10644,40.19154]}},{"type":"Feature","properties":{"id":"n5315444458","mode":"metro","name":"Yıldırım / Davutdede","operator":"Bursa Ulaşım Toplu Taşıma İşletmeciliği"},"geometry":{"type":"Point","coordinates":[29.08746,40.19162]}},{"type":"Feature","properties":{"id":"n5315446884","mode":"metro","name":"Gökdere","operator":"Bursa Ulaşım Toplu Taşıma İşletmeciliği"},"geometry":{"type":"Point","coordinates":[29.0786,40.1886]}},{"type":"Feature","properties":{"id":"n5315476895","mode":"metro","name":"Merinos","operator":"Bursa Ulaşım Toplu Taşıma İşletmeciliği"},"geometry":{"type":"Point","coordinates":[29.04937,40.19771]}},{"type":"Feature","properties":{"id":"n5315476918","mode":"metro","name":"Osmangazi","operator":"Bursa Ulaşım Toplu Taşıma İşletmeciliği"},"geometry":{"type":"Point","coordinates":[29.05651,40.19607]}},{"type":"Feature","properties":{"id":"n5315476920","mode":"metro","name":"Şehreküstü","operator":"Bursa Ulaşım Toplu Taşıma İşletmeciliği"},"geometry":{"type":"Point","coordinates":[29.06297,40.18847]}},{"type":"Feature","properties":{"id":"n5315478129","mode":"metro","name":"Demirtaşpaşa / Abdal","operator":"Bursa Ulaşım Toplu Taşıma İşletmeciliği"},"geometry":{"type":"Point","coordinates":[29.06909,40.18734]}},{"type":"Feature","properties":{"id":"n5315484816","mode":"metro","name":"Kültürpark","operator":"Bursa Ulaşım Toplu Taşıma İşletmeciliği"},"geometry":{"type":"Point","coordinates":[29.04065,40.20031]}},{"type":"Feature","properties":{"id":"n5315511268","mode":"metro","name":"Bursaspor/Acemler","operator":"Bursa Ulaşım Toplu Taşıma İşletmeciliği"},"geometry":{"type":"Point","coordinates":[29.01513,40.21302]}},{"type":"Feature","properties":{"id":"n5315511279","mode":"metro","name":"Paşa Çiftliği","operator":"Bursa Ulaşım Toplu Taşıma İşletmeciliği"},"geometry":{"type":"Point","coordinates":[29.02518,40.20951]}},{"type":"Feature","properties":{"id":"n5315511285","mode":"metro","name":"Sırameşeler / Kükürtlü","operator":"Bursa Ulaşım Toplu Taşıma İşletmeciliği"},"geometry":{"type":"Point","coordinates":[29.02978,40.20527]}},{"type":"Feature","properties":{"id":"n5316422506","mode":"metro","name":"Karaman / Hürriyet","operator":"Bursa Ulaşım Toplu Taşıma İşletmeciliği"},"geometry":{"type":"Point","coordinates":[29.00059,40.21657]}},{"type":"Feature","properties":{"id":"n5316433984","mode":"metro","name":"Korupark","operator":"Bursa Ulaşım Toplu Taşıma İşletmeciliği"},"geometry":{"type":"Point","coordinates":[28.9572,40.25071]}},{"type":"Feature","properties":{"id":"n5316433997","mode":"metro","name":"Emek","operator":"Bursa Ulaşım Toplu Taşıma İşletmeciliği"},"geometry":{"type":"Point","coordinates":[28.95256,40.25704]}},{"type":"Feature","properties":{"id":"n5316437013","mode":"metro","name":"Bursa Organize Sanayi Bölgesi / Akpınar","operator":"Bursa Ulaşım Toplu Taşıma İşletmeciliği"},"geometry":{"type":"Point","coordinates":[28.967,40.24342]}},{"type":"Feature","properties":{"id":"n5316451309","mode":"metro","name":"Hamitler / Fethiye","operator":"Bursa Ulaşım Toplu Taşıma İşletmeciliği"},"geometry":{"type":"Point","coordinates":[28.97554,40.23695]}},{"type":"Feature","properties":{"id":"n5316452957","mode":"metro","name":"İhsaniye","operator":"Bursa Ulaşım Toplu Taşıma İşletmeciliği"},"geometry":{"type":"Point","coordinates":[28.9939,40.22308]}},{"type":"Feature","properties":{"id":"n5316452966","mode":"metro","name":"Bağlarbaşı / Esentepe","operator":"Bursa Ulaşım Toplu Taşıma İşletmeciliği"},"geometry":{"type":"Point","coordinates":[28.98652,40.22917]}},{"type":"Feature","properties":{"id":"n5316997726","mode":"metro","name":"Beşevler / Barış","operator":"Bursa Ulaşım Toplu Taşıma İşletmeciliği"},"geometry":{"type":"Point","coordinates":[28.96615,40.21302]}},{"type":"Feature","properties":{"id":"n5316997737","mode":"metro","name":"Fatih Sultan Mehmet","operator":"Bursa Ulaşım Toplu Taşıma İşletmeciliği"},"geometry":{"type":"Point","coordinates":[28.9755,40.21152]}},{"type":"Feature","properties":{"id":"n5316997750","mode":"metro","name":"Nilüfer","operator":"Bursa Ulaşım Toplu Taşıma İşletmeciliği"},"geometry":{"type":"Point","coordinates":[28.98813,40.21188]}},{"type":"Feature","properties":{"id":"n5317020135","mode":"metro","name":"Yüzüncüyıl","operator":"Bursa Ulaşım Toplu Taşıma İşletmeciliği"},"geometry":{"type":"Point","coordinates":[28.89987,40.22021]}},{"type":"Feature","properties":{"id":"n5317020148","mode":"metro","name":"Batıkent / 19 Mayıs","operator":"Bursa Ulaşım Toplu Taşıma İşletmeciliği"},"geometry":{"type":"Point","coordinates":[28.89117,40.22047]}},{"type":"Feature","properties":{"id":"n5317020169","mode":"metro","name":"Uludağ Üniversitesi","operator":"Bursa Ulaşım Toplu Taşıma İşletmeciliği"},"geometry":{"type":"Point","coordinates":[28.87005,40.21815]}},{"type":"Feature","properties":{"id":"n5317023689","mode":"metro","name":"Özlüce / 29 Ekim","operator":"Bursa Ulaşım Toplu Taşıma İşletmeciliği"},"geometry":{"type":"Point","coordinates":[28.91129,40.2199]}},{"type":"Feature","properties":{"id":"n5317028674","mode":"metro","name":"Ertuğrul / Dörtçelik Çocuk Hastanesi","operator":"Bursa Ulaşım Toplu Taşıma İşletmeciliği"},"geometry":{"type":"Point","coordinates":[28.92193,40.2194]}},{"type":"Feature","properties":{"id":"n5317033353","mode":"metro","name":"Altınşehir","operator":"Bursa Ulaşım Toplu Taşıma İşletmeciliği"},"geometry":{"type":"Point","coordinates":[28.93408,40.21481]}},{"type":"Feature","properties":{"id":"n5317041669","mode":"metro","name":"Ataevler / 23 Nisan","operator":"Bursa Ulaşım Toplu Taşıma İşletmeciliği"},"geometry":{"type":"Point","coordinates":[28.94993,40.21256]}},{"type":"Feature","properties":{"id":"n5317041681","mode":"metro","name":"Küçük Sanayi","operator":"Bursa Ulaşım Toplu Taşıma İşletmeciliği"},"geometry":{"type":"Point","coordinates":[28.94159,40.21202]}},{"type":"Feature","properties":{"id":"n5322442817","mode":"metro","name":"Mesa","operator":""},"geometry":{"type":"Point","coordinates":[32.70308,39.97169]}},{"type":"Feature","properties":{"id":"n5377335269","mode":"metro","name":"Fatih","operator":""},"geometry":{"type":"Point","coordinates":[32.5853,39.98407]}},{"type":"Feature","properties":{"id":"n5377342267","mode":"metro","name":"GOP","operator":""},"geometry":{"type":"Point","coordinates":[32.57434,39.98555]}},{"type":"Feature","properties":{"id":"n5377342886","mode":"metro","name":"OSB-Törekent","operator":""},"geometry":{"type":"Point","coordinates":[32.5587,39.98767]}},{"type":"Feature","properties":{"id":"n5388472385","mode":"metro","name":"Poligon","operator":""},"geometry":{"type":"Point","coordinates":[27.08483,38.39326]}},{"type":"Feature","properties":{"id":"n5388472386","mode":"metro","name":"Göztepe","operator":""},"geometry":{"type":"Point","coordinates":[27.09446,38.39599]}},{"type":"Feature","properties":{"id":"n5388472387","mode":"metro","name":"Hatay","operator":""},"geometry":{"type":"Point","coordinates":[27.10282,38.40153]}},{"type":"Feature","properties":{"id":"n5388472388","mode":"metro","name":"İzmirspor","operator":""},"geometry":{"type":"Point","coordinates":[27.11043,38.40174]}},{"type":"Feature","properties":{"id":"n5388472389","mode":"metro","name":"Üçyol","operator":""},"geometry":{"type":"Point","coordinates":[27.12054,38.40552]}},{"type":"Feature","properties":{"id":"n5388472390","mode":"metro","name":"Konak","operator":""},"geometry":{"type":"Point","coordinates":[27.12806,38.41703]}},{"type":"Feature","properties":{"id":"n5388472391","mode":"metro","name":"Çankaya","operator":""},"geometry":{"type":"Point","coordinates":[27.136,38.42249]}},{"type":"Feature","properties":{"id":"n5388472393","mode":"metro","name":"Hilal","operator":"İzmir Metro"},"geometry":{"type":"Point","coordinates":[27.15511,38.42694]}},{"type":"Feature","properties":{"id":"n5388472394","mode":"tramvay","name":"Halkapınar","operator":""},"geometry":{"type":"Point","coordinates":[27.16887,38.43483]}},{"type":"Feature","properties":{"id":"n5388472395","mode":"metro","name":"Stadyum","operator":""},"geometry":{"type":"Point","coordinates":[27.18068,38.44239]}},{"type":"Feature","properties":{"id":"n5388472396","mode":"metro","name":"Sanayi","operator":""},"geometry":{"type":"Point","coordinates":[27.19039,38.4483]}},{"type":"Feature","properties":{"id":"n5388472397","mode":"metro","name":"Bölge","operator":""},"geometry":{"type":"Point","coordinates":[27.20135,38.45496]}},{"type":"Feature","properties":{"id":"n5388472400","mode":"metro","name":"Evka 3","operator":""},"geometry":{"type":"Point","coordinates":[27.22859,38.46514]}},{"type":"Feature","properties":{"id":"n5388669628","mode":"metro","name":"Batıkent","operator":""},"geometry":{"type":"Point","coordinates":[32.72674,39.96817]}},{"type":"Feature","properties":{"id":"n5442551070","mode":"tren","name":"Üsküdar","operator":"TCDD Taşımacılık"},"geometry":{"type":"Point","coordinates":[29.01315,41.02564]}},{"type":"Feature","properties":{"id":"n5728099937","mode":"metro","name":"100. Yıl Cumhuriyet Şehitlik","operator":""},"geometry":{"type":"Point","coordinates":[27.00054,38.39587]}},{"type":"Feature","properties":{"id":"n5874170070","mode":"tren","name":"Pehlivanköy","operator":""},"geometry":{"type":"Point","coordinates":[26.91816,41.34602]}},{"type":"Feature","properties":{"id":"n5885475439","mode":"tren","name":"Bakırköy","operator":"TCDD Taşımacılık"},"geometry":{"type":"Point","coordinates":[28.87243,40.98036]}},{"type":"Feature","properties":{"id":"n6004548605","mode":"metro","name":"Çekmeköy","operator":"Metro İstanbul"},"geometry":{"type":"Point","coordinates":[29.18951,41.01453]}},{"type":"Feature","properties":{"id":"n6004548606","mode":"metro","name":"Necip Fazıl","operator":"Metro İstanbul"},"geometry":{"type":"Point","coordinates":[29.17943,41.01601]}},{"type":"Feature","properties":{"id":"n6004548607","mode":"metro","name":"Dudullu","operator":"Metro İstanbul"},"geometry":{"type":"Point","coordinates":[29.16319,41.01537]}},{"type":"Feature","properties":{"id":"n6004548608","mode":"metro","name":"İmam Hatip Lisesi","operator":"Metro İstanbul"},"geometry":{"type":"Point","coordinates":[29.15174,41.01605]}},{"type":"Feature","properties":{"id":"n6004548609","mode":"metro","name":"Altınşehir","operator":"Metro İstanbul"},"geometry":{"type":"Point","coordinates":[29.14003,41.01667]}},{"type":"Feature","properties":{"id":"n6004548610","mode":"metro","name":"Ihlamurkuyu","operator":"Metro İstanbul"},"geometry":{"type":"Point","coordinates":[29.13063,41.01978]}},{"type":"Feature","properties":{"id":"n6004548611","mode":"metro","name":"Çakmak","operator":"Metro İstanbul"},"geometry":{"type":"Point","coordinates":[29.11863,41.0216]}},{"type":"Feature","properties":{"id":"n6067508752","mode":"tren","name":"Başgedik","operator":""},"geometry":{"type":"Point","coordinates":[43.42921,40.70587]}},{"type":"Feature","properties":{"id":"n6080817083","mode":"tren","name":"Gazi","operator":"TCDD Taşımacılık"},"geometry":{"type":"Point","coordinates":[32.79631,39.94031]}},{"type":"Feature","properties":{"id":"n6128179234","mode":"tren","name":"Diyarbakır","operator":"TCDD Taşımacılık"},"geometry":{"type":"Point","coordinates":[40.21574,37.91365]}},{"type":"Feature","properties":{"id":"n6251280785","mode":"hafif_rayli","name":"Vadi İstanbul","operator":""},"geometry":{"type":"Point","coordinates":[28.98843,41.10756]}},{"type":"Feature","properties":{"id":"n6312448729","mode":"metro","name":"Fevzi Çakmak - Hastane","operator":"Metro İstanbul"},"geometry":{"type":"Point","coordinates":[29.26245,40.8888]}},{"type":"Feature","properties":{"id":"n6312448730","mode":"metro","name":"Yayalar-Şeyhli","operator":"Metro İstanbul"},"geometry":{"type":"Point","coordinates":[29.27571,40.90402]}},{"type":"Feature","properties":{"id":"n6312448731","mode":"metro","name":"Sabiha Gökçen Havalimanı","operator":"Metro İstanbul"},"geometry":{"type":"Point","coordinates":[29.31146,40.90657]}},{"type":"Feature","properties":{"id":"n6321654790","mode":"tren","name":"Söğütlüçeşme","operator":"TCDD Taşımacılık"},"geometry":{"type":"Point","coordinates":[29.03791,40.99065]}},{"type":"Feature","properties":{"id":"n6325698566","mode":"tren","name":"Ataköy","operator":"TCDD Taşımacılık"},"geometry":{"type":"Point","coordinates":[28.85623,40.98023]}},{"type":"Feature","properties":{"id":"n6328169449","mode":"tren","name":"Florya Akvaryum","operator":""},"geometry":{"type":"Point","coordinates":[28.79699,40.96782]}},{"type":"Feature","properties":{"id":"n6328169450","mode":"tren","name":"Mustafa Kemal","operator":""},"geometry":{"type":"Point","coordinates":[28.77389,41.00617]}},{"type":"Feature","properties":{"id":"n6328169451","mode":"tren","name":"Küçükçekmece","operator":""},"geometry":{"type":"Point","coordinates":[28.77296,40.98854]}},{"type":"Feature","properties":{"id":"n6328169452","mode":"tren","name":"Feneryolu","operator":"TCDD Taşımacılık"},"geometry":{"type":"Point","coordinates":[29.04883,40.9788]}},{"type":"Feature","properties":{"id":"n6328169453","mode":"tren","name":"Başak","operator":"TCDD Taşımacılık"},"geometry":{"type":"Point","coordinates":[29.1775,40.89026]}},{"type":"Feature","properties":{"id":"n6364525813","mode":"metro","name":"Kurtköy","operator":"Metro İstanbul"},"geometry":{"type":"Point","coordinates":[29.29673,40.90989]}},{"type":"Feature","properties":{"id":"n6395978813","mode":"tren","name":"Sirkeci","operator":"TCDD Taşımacılık"},"geometry":{"type":"Point","coordinates":[28.97714,41.01361]}},{"type":"Feature","properties":{"id":"n6398327971","mode":"hafif_rayli","name":"Seyrantepe","operator":""},"geometry":{"type":"Point","coordinates":[28.99451,41.10317]}},{"type":"Feature","properties":{"id":"n6507293770","mode":"metro","name":"Yıldız","operator":"Metro İstanbul"},"geometry":{"type":"Point","coordinates":[29.00967,41.05407]}},{"type":"Feature","properties":{"id":"n6507303852","mode":"metro","name":"Nurtepe","operator":"Metro İstanbul"},"geometry":{"type":"Point","coordinates":[28.96348,41.07986]}},{"type":"Feature","properties":{"id":"n6507303853","mode":"metro","name":"Alibeyköy","operator":"Metro İstanbul"},"geometry":{"type":"Point","coordinates":[28.94958,41.07914]}},{"type":"Feature","properties":{"id":"n6507303868","mode":"metro","name":"Kağıthane","operator":"Metro İstanbul"},"geometry":{"type":"Point","coordinates":[28.97312,41.07965]}},{"type":"Feature","properties":{"id":"n6507303869","mode":"metro","name":"Fulya","operator":"Metro İstanbul"},"geometry":{"type":"Point","coordinates":[29.00698,41.06231]}},{"type":"Feature","properties":{"id":"n6507323101","mode":"metro","name":"Giyimkent-Tekstilkent","operator":"Metro İstanbul"},"geometry":{"type":"Point","coordinates":[28.86678,41.07129]}},{"type":"Feature","properties":{"id":"n6507323102","mode":"metro","name":"Karadeniz Mahallesi","operator":"Metro İstanbul"},"geometry":{"type":"Point","coordinates":[28.8751,41.08125]}},{"type":"Feature","properties":{"id":"n6507323105","mode":"metro","name":"Çırçır","operator":"Metro İstanbul"},"geometry":{"type":"Point","coordinates":[28.9363,41.08013]}},{"type":"Feature","properties":{"id":"n6507323106","mode":"metro","name":"Veysel Karani-Akşemsettin","operator":"Metro İstanbul"},"geometry":{"type":"Point","coordinates":[28.92813,41.07958]}},{"type":"Feature","properties":{"id":"n6507323107","mode":"metro","name":"Yeşilpınar","operator":"Metro İstanbul"},"geometry":{"type":"Point","coordinates":[28.91829,41.08229]}},{"type":"Feature","properties":{"id":"n6507323108","mode":"metro","name":"Kâzım Karabekir","operator":"Metro İstanbul"},"geometry":{"type":"Point","coordinates":[28.90853,41.08533]}},{"type":"Feature","properties":{"id":"n6507323109","mode":"metro","name":"Yenimahalle","operator":"Metro İstanbul"},"geometry":{"type":"Point","coordinates":[28.89276,41.08389]}},{"type":"Feature","properties":{"id":"n6507340892","mode":"metro","name":"Çağlayan","operator":"Metro İstanbul"},"geometry":{"type":"Point","coordinates":[28.98051,41.07071]}},{"type":"Feature","properties":{"id":"n6513129437","mode":"metro","name":"Parseller","operator":"Metro İstanbul"},"geometry":{"type":"Point","coordinates":[29.15273,41.0312]}},{"type":"Feature","properties":{"id":"n6513129456","mode":"metro","name":"Huzur","operator":"Metro İstanbul"},"geometry":{"type":"Point","coordinates":[29.15959,41.0226]}},{"type":"Feature","properties":{"id":"n6554580491","mode":"metro","name":"15 Temmuz Kızılay Millî İrade","operator":""},"geometry":{"type":"Point","coordinates":[32.85395,39.92054]}},{"type":"Feature","properties":{"id":"n6690847579","mode":"tren","name":"Göztepe","operator":"TCDD Taşımacılık"},"geometry":{"type":"Point","coordinates":[29.06263,40.97921]}},{"type":"Feature","properties":{"id":"n6763426868","mode":"metro","name":"Kirazlı","operator":"Metro İstanbul"},"geometry":{"type":"Point","coordinates":[28.84229,41.03182]}},{"type":"Feature","properties":{"id":"n6763426869","mode":"metro","name":"Davutpaşa - YTÜ","operator":"İBB"},"geometry":{"type":"Point","coordinates":[28.90038,41.02022]}},{"type":"Feature","properties":{"id":"n6763426870","mode":"metro","name":"Bakırköy-İncirli","operator":"İstanbul Metrosu"},"geometry":{"type":"Point","coordinates":[28.87536,40.99662]}},{"type":"Feature","properties":{"id":"n6764109168","mode":"tren","name":"Gebze","operator":"TCDD Taşımacılık"},"geometry":{"type":"Point","coordinates":[29.41078,40.78387]}},{"type":"Feature","properties":{"id":"n6917432727","mode":"metro","name":"Onurkent","operator":"Metro İstanbul"},"geometry":{"type":"Point","coordinates":[28.7905,41.1134]}},{"type":"Feature","properties":{"id":"n6917432760","mode":"metro","name":"Toplu Konutlar","operator":"Metro İstanbul"},"geometry":{"type":"Point","coordinates":[28.76786,41.10769]}},{"type":"Feature","properties":{"id":"n6917888494","mode":"metro","name":"Kayaşehir Merkez","operator":"Metro İstanbul"},"geometry":{"type":"Point","coordinates":[28.76634,41.11908]}},{"type":"Feature","properties":{"id":"n6931519895","mode":"metro","name":"Sancaktepe Şehir Hastanesi","operator":"Metro İstanbul"},"geometry":{"type":"Point","coordinates":[29.21752,41.00097]}},{"type":"Feature","properties":{"id":"n6932303042","mode":"metro","name":"Sultanbeyli","operator":"Metro İstanbul"},"geometry":{"type":"Point","coordinates":[29.27256,40.96594]}},{"type":"Feature","properties":{"id":"n6932303048","mode":"metro","name":"Hasanpaşa","operator":"Metro İstanbul"},"geometry":{"type":"Point","coordinates":[29.25515,40.96871]}},{"type":"Feature","properties":{"id":"n6932303056","mode":"metro","name":"Veysel Karani","operator":"Metro İstanbul"},"geometry":{"type":"Point","coordinates":[29.24,40.96897]}},{"type":"Feature","properties":{"id":"n6932303066","mode":"metro","name":"Samandıra Merkez","operator":"Metro İstanbul"},"geometry":{"type":"Point","coordinates":[29.23141,40.98368]}},{"type":"Feature","properties":{"id":"n6932303073","mode":"metro","name":"Sancaktepe","operator":"Metro İstanbul"},"geometry":{"type":"Point","coordinates":[29.22901,40.99206]}},{"type":"Feature","properties":{"id":"n6932313803","mode":"metro","name":"Meclis","operator":"Metro İstanbul"},"geometry":{"type":"Point","coordinates":[29.19888,41.00966]}},{"type":"Feature","properties":{"id":"n6932388157","mode":"metro","name":"MODOKO-KEYAP","operator":"Metro İstanbul"},"geometry":{"type":"Point","coordinates":[29.16201,41.0074]}},{"type":"Feature","properties":{"id":"n6932388169","mode":"metro","name":"İMES","operator":"Metro İstanbul"},"geometry":{"type":"Point","coordinates":[29.15599,41.00023]}},{"type":"Feature","properties":{"id":"n6932388177","mode":"metro","name":"Mevlana","operator":"Metro İstanbul"},"geometry":{"type":"Point","coordinates":[29.15338,40.99216]}},{"type":"Feature","properties":{"id":"n6932391790","mode":"metro","name":"Kayışdağı","operator":"Metro İstanbul"},"geometry":{"type":"Point","coordinates":[29.13774,40.98469]}},{"type":"Feature","properties":{"id":"n6932391800","mode":"metro","name":"İçerenköy","operator":"Metro İstanbul"},"geometry":{"type":"Point","coordinates":[29.12621,40.97896]}},{"type":"Feature","properties":{"id":"n6932391829","mode":"metro","name":"Küçükbakkalköy","operator":"Metro İstanbul"},"geometry":{"type":"Point","coordinates":[29.11187,40.97893]}},{"type":"Feature","properties":{"id":"n6934009752","mode":"metro","name":"Ayşekadın","operator":"Metro İstanbul"},"geometry":{"type":"Point","coordinates":[29.08678,40.96681]}},{"type":"Feature","properties":{"id":"n6934009766","mode":"metro","name":"Emin Ali Paşa","operator":"Metro İstanbul"},"geometry":{"type":"Point","coordinates":[29.09355,40.96069]}},{"type":"Feature","properties":{"id":"n6940170594","mode":"tren","name":"Çiğli","operator":"TCDD Taşımacılık"},"geometry":{"type":"Point","coordinates":[27.06343,38.49166]}},{"type":"Feature","properties":{"id":"n6942688137","mode":"tren","name":"Yenişehir","operator":"TCDD Taşımacılık"},"geometry":{"type":"Point","coordinates":[32.85785,39.92911]}},{"type":"Feature","properties":{"id":"n6942688138","mode":"tren","name":"Kurtuluş","operator":"TCDD Taşımacılık"},"geometry":{"type":"Point","coordinates":[32.86789,39.92882]}},{"type":"Feature","properties":{"id":"n6942688149","mode":"tren","name":"Cebeci","operator":"TCDD Taşımacılık"},"geometry":{"type":"Point","coordinates":[32.87597,39.93327]}},{"type":"Feature","properties":{"id":"n6942688150","mode":"tren","name":"Demirlibahçe","operator":"TCDD Taşımacılık"},"geometry":{"type":"Point","coordinates":[32.88319,39.94007]}},{"type":"Feature","properties":{"id":"n6942688151","mode":"tren","name":"Saimekadın","operator":"TCDD Taşımacılık"},"geometry":{"type":"Point","coordinates":[32.89479,39.93756]}},{"type":"Feature","properties":{"id":"n6942688152","mode":"tren","name":"Mamak","operator":"TCDD Taşımacılık"},"geometry":{"type":"Point","coordinates":[32.91161,39.9314]}},{"type":"Feature","properties":{"id":"n6942688153","mode":"tren","name":"Bağderesi","operator":"TCDD Taşımacılık"},"geometry":{"type":"Point","coordinates":[32.92299,39.926]}},{"type":"Feature","properties":{"id":"n6942688154","mode":"tren","name":"Üreğil","operator":"TCDD Taşımacılık"},"geometry":{"type":"Point","coordinates":[32.93217,39.9225]}},{"type":"Feature","properties":{"id":"n6942688155","mode":"tren","name":"Köstence","operator":"TCDD Taşımacılık"},"geometry":{"type":"Point","coordinates":[32.95006,39.91685]}},{"type":"Feature","properties":{"id":"n6981627649","mode":"tren","name":"Gazi Mahallesi","operator":"TCDD Taşımacılık"},"geometry":{"type":"Point","coordinates":[32.81254,39.94402]}},{"type":"Feature","properties":{"id":"n6981627650","mode":"tren","name":"Motor","operator":"TCDD Taşımacılık"},"geometry":{"type":"Point","coordinates":[32.77847,39.93421]}},{"type":"Feature","properties":{"id":"n6981627652","mode":"tren","name":"Behiçbey","operator":"TCDD Taşımacılık"},"geometry":{"type":"Point","coordinates":[32.75013,39.9315]}},{"type":"Feature","properties":{"id":"n6981627663","mode":"tren","name":"Yıldırım","operator":"TCDD Taşımacılık"},"geometry":{"type":"Point","coordinates":[32.70459,39.93235]}},{"type":"Feature","properties":{"id":"n6981627664","mode":"tren","name":"Hava","operator":"TCDD Taşımacılık"},"geometry":{"type":"Point","coordinates":[32.68832,39.94209]}},{"type":"Feature","properties":{"id":"n6982425707","mode":"tren","name":"Eryaman","operator":"TCDD Taşımacılık"},"geometry":{"type":"Point","coordinates":[32.63029,39.95576]}},{"type":"Feature","properties":{"id":"n6992407049","mode":"metro","name":"Kemerburgaz","operator":"TCDD Taşımacılık A.Ş."},"geometry":{"type":"Point","coordinates":[28.91024,41.15916]}},{"type":"Feature","properties":{"id":"n7246055799","mode":"metro","name":"İstanbul Havalimanı","operator":"TCDD Taşımacılık A.Ş."},"geometry":{"type":"Point","coordinates":[28.74256,41.25593]}},{"type":"Feature","properties":{"id":"n7481815085","mode":"metro","name":"Çayyolu","operator":"Ankara Büyükşehir Belediyesi"},"geometry":{"type":"Point","coordinates":[32.69107,39.89783]}},{"type":"Feature","properties":{"id":"n7528826155","mode":"tren","name":"Hipodrom","operator":"TCDD Taşımacılık"},"geometry":{"type":"Point","coordinates":[32.826,39.945]}},{"type":"Feature","properties":{"id":"n7563017056","mode":"metro","name":"Kozyatağı","operator":"Metro İstanbul"},"geometry":{"type":"Point","coordinates":[29.09968,40.97539]}},{"type":"Feature","properties":{"id":"n7592073076","mode":"metro","name":"Ümraniye","operator":"Metro İstanbul"},"geometry":{"type":"Point","coordinates":[29.0848,41.02461]}},{"type":"Feature","properties":{"id":"n7592762370","mode":"metro","name":"Çarşı","operator":"Metro İstanbul"},"geometry":{"type":"Point","coordinates":[29.09739,41.02594]}},{"type":"Feature","properties":{"id":"n7597279541","mode":"metro","name":"Yenikapı","operator":"Metro İstanbul"},"geometry":{"type":"Point","coordinates":[28.95149,41.00565]}},{"type":"Feature","properties":{"id":"n7673925409","mode":"metro","name":"Kirazlı","operator":"Metro İstanbul"},"geometry":{"type":"Point","coordinates":[28.84298,41.03199]}},{"type":"Feature","properties":{"id":"n7680399992","mode":"metro","name":"Üsküdar","operator":"Metro İstanbul"},"geometry":{"type":"Point","coordinates":[29.01276,41.02534]}},{"type":"Feature","properties":{"id":"n7700053726","mode":"tren","name":"Adapazarı","operator":"TCDD Taşımacılık"},"geometry":{"type":"Point","coordinates":[30.40031,40.77491]}},{"type":"Feature","properties":{"id":"n7713018888","mode":"metro","name":"Hastane Adliye","operator":"Metro İstanbul"},"geometry":{"type":"Point","coordinates":[29.1783,40.91639]}},{"type":"Feature","properties":{"id":"n7721147946","mode":"metro","name":"Haliç","operator":"Metro İstanbul"},"geometry":{"type":"Point","coordinates":[28.96668,41.02269]}},{"type":"Feature","properties":{"id":"n7721147948","mode":"metro","name":"Şişhane","operator":"Metro İstanbul"},"geometry":{"type":"Point","coordinates":[28.97272,41.02827]}},{"type":"Feature","properties":{"id":"n7721147949","mode":"metro","name":"Taksim","operator":"Metro İstanbul"},"geometry":{"type":"Point","coordinates":[28.98555,41.03805]}},{"type":"Feature","properties":{"id":"n7721147951","mode":"metro","name":"Osmanbey","operator":"Metro İstanbul"},"geometry":{"type":"Point","coordinates":[28.9874,41.05278]}},{"type":"Feature","properties":{"id":"n7721147954","mode":"metro","name":"Şişli-Mecidiyeköy","operator":"Metro İstanbul"},"geometry":{"type":"Point","coordinates":[28.99277,41.06451]}},{"type":"Feature","properties":{"id":"n7722103243","mode":"metro","name":"Bağcılar Meydan","operator":"Metro İstanbul"},"geometry":{"type":"Point","coordinates":[28.85664,41.03468]}},{"type":"Feature","properties":{"id":"n7722103244","mode":"metro","name":"Üçyüzlü","operator":"Metro İstanbul"},"geometry":{"type":"Point","coordinates":[28.8707,41.0367]}},{"type":"Feature","properties":{"id":"n7722103245","mode":"metro","name":"Menderes","operator":"Metro İstanbul"},"geometry":{"type":"Point","coordinates":[28.8785,41.04274]}},{"type":"Feature","properties":{"id":"n7722103246","mode":"metro","name":"Esenler","operator":"İstanbul Metrosu"},"geometry":{"type":"Point","coordinates":[28.88859,41.03757]}},{"type":"Feature","properties":{"id":"n7722103247","mode":"metro","name":"Otogar","operator":"Metro İstanbul"},"geometry":{"type":"Point","coordinates":[28.8946,41.04022]}},{"type":"Feature","properties":{"id":"n7722103248","mode":"metro","name":"Kocatepe","operator":"Metro İstanbul"},"geometry":{"type":"Point","coordinates":[28.89549,41.04844]}},{"type":"Feature","properties":{"id":"n7722103249","mode":"metro","name":"Sağmalcılar","operator":"Metro İstanbul"},"geometry":{"type":"Point","coordinates":[28.90722,41.04086]}},{"type":"Feature","properties":{"id":"n7722103250","mode":"metro","name":"Bayrampaşa-Maltepe","operator":"İstanbul Metrosu"},"geometry":{"type":"Point","coordinates":[28.92026,41.03411]}},{"type":"Feature","properties":{"id":"n7722103251","mode":"metro","name":"Topkapı Ulubatlı","operator":"Metro İstanbul"},"geometry":{"type":"Point","coordinates":[28.93056,41.02391]}},{"type":"Feature","properties":{"id":"n7722103254","mode":"metro","name":"Aksaray","operator":"İstanbul Metrosu"},"geometry":{"type":"Point","coordinates":[28.94814,41.012]}},{"type":"Feature","properties":{"id":"n7722103255","mode":"metro","name":"Yenikapı","operator":"Metro İstanbul"},"geometry":{"type":"Point","coordinates":[28.95052,41.00578]}},{"type":"Feature","properties":{"id":"n7722103256","mode":"metro","name":"Terazidere","operator":"Metro İstanbul"},"geometry":{"type":"Point","coordinates":[28.89787,41.03046]}},{"type":"Feature","properties":{"id":"n7722103257","mode":"metro","name":"Zeytinburnu","operator":"Metro İstanbul"},"geometry":{"type":"Point","coordinates":[28.88997,41.00172]}},{"type":"Feature","properties":{"id":"n7722103258","mode":"metro","name":"Merter","operator":"Metro İstanbul"},"geometry":{"type":"Point","coordinates":[28.89618,41.00762]}},{"type":"Feature","properties":{"id":"n7722103259","mode":"metro","name":"Bahçelievler","operator":"Metro İstanbul"},"geometry":{"type":"Point","coordinates":[28.86331,40.99548]}},{"type":"Feature","properties":{"id":"n7722103260","mode":"metro","name":"Ataköy-Şirinevler","operator":"Metro İstanbul"},"geometry":{"type":"Point","coordinates":[28.84577,40.99138]}},{"type":"Feature","properties":{"id":"n7722103261","mode":"metro","name":"Yenibosna","operator":"Metro İstanbul"},"geometry":{"type":"Point","coordinates":[28.83682,40.9894]}},{"type":"Feature","properties":{"id":"n7722103262","mode":"metro","name":"DTM-İstanbul Fuar Merkezi","operator":"Metro İstanbul"},"geometry":{"type":"Point","coordinates":[28.82847,40.9866]}},{"type":"Feature","properties":{"id":"n7722103263","mode":"metro","name":"Atatürk Havalimanı","operator":"İstanbul Metrosu"},"geometry":{"type":"Point","coordinates":[28.82113,40.97975]}},{"type":"Feature","properties":{"id":"n7723416062","mode":"metro","name":"Boğaziçi Üniversitesi/Hisarüstü","operator":"Metro İstanbul"},"geometry":{"type":"Point","coordinates":[29.04564,41.08513]}},{"type":"Feature","properties":{"id":"n7725394063","mode":"metro","name":"4. Levent","operator":"Metro İstanbul"},"geometry":{"type":"Point","coordinates":[29.00717,41.08611]}},{"type":"Feature","properties":{"id":"n7725394066","mode":"metro","name":"İTÜ-Ayazağa","operator":"Metro İstanbul"},"geometry":{"type":"Point","coordinates":[29.02097,41.10807]}},{"type":"Feature","properties":{"id":"n7725394070","mode":"metro","name":"Darüşşafaka","operator":"Metro İstanbul"},"geometry":{"type":"Point","coordinates":[29.02508,41.12928]}},{"type":"Feature","properties":{"id":"n7725394072","mode":"metro","name":"Hacıosman","operator":"Metro İstanbul"},"geometry":{"type":"Point","coordinates":[29.03045,41.13976]}},{"type":"Feature","properties":{"id":"n7726391260","mode":"metro","name":"Duaçınarı","operator":"Bursa Ulaşım Toplu Taşıma İşletmeciliği"},"geometry":{"type":"Point","coordinates":[29.09923,40.19156]}},{"type":"Feature","properties":{"id":"n7726686090","mode":"metro","name":"Oruç Reis","operator":"Metro İstanbul"},"geometry":{"type":"Point","coordinates":[28.85545,41.06279]}},{"type":"Feature","properties":{"id":"n7726686093","mode":"metro","name":"Göztepe","operator":"Metro İstanbul"},"geometry":{"type":"Point","coordinates":[28.84798,41.05683]}},{"type":"Feature","properties":{"id":"n7729209122","mode":"metro","name":"Bornova","operator":""},"geometry":{"type":"Point","coordinates":[27.2126,38.45839]}},{"type":"Feature","properties":{"id":"n7729209135","mode":"metro","name":"Ege Üniversitesi","operator":""},"geometry":{"type":"Point","coordinates":[27.22882,38.45969]}},{"type":"Feature","properties":{"id":"n7729209165","mode":"metro","name":"Basmane","operator":""},"geometry":{"type":"Point","coordinates":[27.14484,38.42282]}},{"type":"Feature","properties":{"id":"n7736966921","mode":"metro","name":"Huzurevi","operator":"Metro İstanbul"},"geometry":{"type":"Point","coordinates":[29.14681,40.92995]}},{"type":"Feature","properties":{"id":"n7736966922","mode":"metro","name":"Gülsuyu","operator":"Metro İstanbul"},"geometry":{"type":"Point","coordinates":[29.15471,40.92387]}},{"type":"Feature","properties":{"id":"n7736966924","mode":"metro","name":"Esenkent","operator":"Metro İstanbul"},"geometry":{"type":"Point","coordinates":[29.16641,40.92084]}},{"type":"Feature","properties":{"id":"n7736966926","mode":"metro","name":"Soğanlık","operator":"Metro İstanbul"},"geometry":{"type":"Point","coordinates":[29.19243,40.91322]}},{"type":"Feature","properties":{"id":"n7812056961","mode":"funikuler","name":"Kabataş","operator":"Metro İstanbul"},"geometry":{"type":"Point","coordinates":[28.99226,41.03394]}},{"type":"Feature","properties":{"id":"n7933809115","mode":"tren","name":"Kalın","operator":"TCDD Taşımacılık"},"geometry":{"type":"Point","coordinates":[36.75856,39.6914]}},{"type":"Feature","properties":{"id":"n7933918564","mode":"tren","name":"Irmak","operator":"TCDD Taşımacılık"},"geometry":{"type":"Point","coordinates":[33.39329,39.9347]}},{"type":"Feature","properties":{"id":"n7974014818","mode":"metro","name":"Şehir Hastanesi","operator":"Metro İstanbul"},"geometry":{"type":"Point","coordinates":[28.77723,41.10323]}},{"type":"Feature","properties":{"id":"n7974014819","mode":"metro","name":"Molla Gürani","operator":"Metro İstanbul"},"geometry":{"type":"Point","coordinates":[28.84796,41.02594]}},{"type":"Feature","properties":{"id":"n7974014820","mode":"metro","name":"Yıldıztepe","operator":"Metro İstanbul"},"geometry":{"type":"Point","coordinates":[28.85775,41.01942]}},{"type":"Feature","properties":{"id":"n7974014821","mode":"metro","name":"İlkyuva","operator":"Metro İstanbul"},"geometry":{"type":"Point","coordinates":[28.86556,41.01164]}},{"type":"Feature","properties":{"id":"n7974014822","mode":"metro","name":"Haznedar","operator":"Metro İstanbul"},"geometry":{"type":"Point","coordinates":[28.87168,41.00462]}},{"type":"Feature","properties":{"id":"n7974014823","mode":"metro","name":"İncirli","operator":"Metro İstanbul"},"geometry":{"type":"Point","coordinates":[28.87506,40.99763]}},{"type":"Feature","properties":{"id":"n7974014824","mode":"metro","name":"Özgürlük Meydanı","operator":"Metro İstanbul"},"geometry":{"type":"Point","coordinates":[28.87405,40.98163]}},{"type":"Feature","properties":{"id":"n7974014825","mode":"metro","name":"Bakırköy Sahil","operator":"Metro İstanbul"},"geometry":{"type":"Point","coordinates":[28.86803,40.97365]}},{"type":"Feature","properties":{"id":"n7994602524","mode":"metro","name":"Kozyatağı","operator":"Metro İstanbul"},"geometry":{"type":"Point","coordinates":[29.09989,40.97749]}},{"type":"Feature","properties":{"id":"n8004018090","mode":"tren","name":"Sincan","operator":"TCDD Taşımacılık"},"geometry":{"type":"Point","coordinates":[32.58399,39.96454]}},{"type":"Feature","properties":{"id":"n8004018093","mode":"tren","name":"Lale","operator":"TCDD Taşımacılık"},"geometry":{"type":"Point","coordinates":[32.5987,39.96146]}},{"type":"Feature","properties":{"id":"n8004018096","mode":"tren","name":"Elvankent","operator":"TCDD Taşımacılık"},"geometry":{"type":"Point","coordinates":[32.61219,39.95856]}},{"type":"Feature","properties":{"id":"n8016975985","mode":"tren","name":"Koşu","operator":""},"geometry":{"type":"Point","coordinates":[27.14743,38.38335]}},{"type":"Feature","properties":{"id":"n8021899044","mode":"metro","name":"Fahrettin Altay","operator":""},"geometry":{"type":"Point","coordinates":[27.06994,38.39698]}},{"type":"Feature","properties":{"id":"n8050455173","mode":"metro","name":"Mecidiyeköy","operator":"Metro İstanbul"},"geometry":{"type":"Point","coordinates":[28.99552,41.06518]}},{"type":"Feature","properties":{"id":"n8050924818","mode":"tren","name":"Şirinyer","operator":""},"geometry":{"type":"Point","coordinates":[27.14725,38.39195]}},{"type":"Feature","properties":{"id":"n8050994350","mode":"tren","name":"Sarnıç","operator":""},"geometry":{"type":"Point","coordinates":[27.14462,38.31207]}},{"type":"Feature","properties":{"id":"n8062356443","mode":"tren","name":"ESBAŞ","operator":""},"geometry":{"type":"Point","coordinates":[27.13647,38.33694]}},{"type":"Feature","properties":{"id":"n8071796885","mode":"tren","name":"Kemer","operator":"İZBAN"},"geometry":{"type":"Point","coordinates":[27.15627,38.4218]}},{"type":"Feature","properties":{"id":"n8072437221","mode":"tren","name":"Basmane","operator":"TCDD Taşımacılık"},"geometry":{"type":"Point","coordinates":[27.1439,38.42245]}},{"type":"Feature","properties":{"id":"n8077616543","mode":"tren","name":"İnkılap","operator":"İZBAN"},"geometry":{"type":"Point","coordinates":[27.14152,38.36887]}},{"type":"Feature","properties":{"id":"n8078673975","mode":"tren","name":"Semt Garajı","operator":"İZBAN"},"geometry":{"type":"Point","coordinates":[27.13663,38.357]}},{"type":"Feature","properties":{"id":"n8078790237","mode":"tren","name":"Hilal","operator":"İZBAN"},"geometry":{"type":"Point","coordinates":[27.15436,38.42605]}},{"type":"Feature","properties":{"id":"n8087609727","mode":"tren","name":"Tekeli","operator":"TCDD Taşımacılık"},"geometry":{"type":"Point","coordinates":[27.18567,38.18102]}},{"type":"Feature","properties":{"id":"n8094704070","mode":"tren","name":"Develi","operator":"TCDD Taşımacılık"},"geometry":{"type":"Point","coordinates":[27.16668,38.20331]}},{"type":"Feature","properties":{"id":"n8100473444","mode":"metro","name":"Harikalar Diyarı","operator":""},"geometry":{"type":"Point","coordinates":[32.59841,39.98226]}},{"type":"Feature","properties":{"id":"n8100504872","mode":"metro","name":"Devlet Mahallesi/1910 Ankaragücü","operator":""},"geometry":{"type":"Point","coordinates":[32.61325,39.98153]}},{"type":"Feature","properties":{"id":"n8100531118","mode":"metro","name":"Eryaman 1-2","operator":""},"geometry":{"type":"Point","coordinates":[32.64781,39.9805]}},{"type":"Feature","properties":{"id":"n8112924909","mode":"tren","name":"Kelleş","operator":"TCDD"},"geometry":{"type":"Point","coordinates":[37.29463,37.35475]}},{"type":"Feature","properties":{"id":"n8112924910","mode":"tren","name":"Salmanlı","operator":"TCDD Taşımacılık"},"geometry":{"type":"Point","coordinates":[37.26192,37.39787]}},{"type":"Feature","properties":{"id":"n8119505127","mode":"metro","name":"Hasanağa Bahçesi","operator":"İzmir Metro"},"geometry":{"type":"Point","coordinates":[27.17911,38.38002]}},{"type":"Feature","properties":{"id":"n8119505128","mode":"metro","name":"Dokuz Eylül Üniversitesi  Tınaztepe Kampüsü","operator":"İzmir Metro"},"geometry":{"type":"Point","coordinates":[27.1917,38.37623]}},{"type":"Feature","properties":{"id":"n8119505129","mode":"metro","name":"Buca Koop.","operator":"İzmir Metro"},"geometry":{"type":"Point","coordinates":[27.18253,38.37086]}},{"type":"Feature","properties":{"id":"n8119505130","mode":"metro","name":"Çamlıkule","operator":"İzmir Metro"},"geometry":{"type":"Point","coordinates":[27.16717,38.37084]}},{"type":"Feature","properties":{"id":"n8119562132","mode":"metro","name":"Şirinyer","operator":"İzmir Metro"},"geometry":{"type":"Point","coordinates":[27.14935,38.3914]}},{"type":"Feature","properties":{"id":"n8120942750","mode":"metro","name":"Buca Belediyesi","operator":"İzmir Metro"},"geometry":{"type":"Point","coordinates":[27.16176,38.3877]}},{"type":"Feature","properties":{"id":"n8180647241","mode":"tren","name":"Hatundere","operator":"İZBAN"},"geometry":{"type":"Point","coordinates":[27.01756,38.69001]}},{"type":"Feature","properties":{"id":"n8188450834","mode":"tren","name":"Turhal","operator":"TCDD Taşımacılık"},"geometry":{"type":"Point","coordinates":[36.07804,40.38959]}},{"type":"Feature","properties":{"id":"n8231524673","mode":"metro","name":"Necatibey","operator":"Sincan-Çayyolu Metro Line (Former M2)"},"geometry":{"type":"Point","coordinates":[32.84439,39.9151]}},{"type":"Feature","properties":{"id":"n8231524677","mode":"metro","name":"Millî Kütüphane","operator":"Sincan-Çayyolu Metro Line (Former M2)"},"geometry":{"type":"Point","coordinates":[32.82722,39.91523]}},{"type":"Feature","properties":{"id":"n8231524680","mode":"metro","name":"Söğütözü","operator":"Sincan-Çayyolu Metro Line (Former M2)"},"geometry":{"type":"Point","coordinates":[32.80812,39.91064]}},{"type":"Feature","properties":{"id":"n8425813600","mode":"tren","name":"Kuşçuburun","operator":"TCDD Taşımacılık"},"geometry":{"type":"Point","coordinates":[27.30934,38.20914]}},{"type":"Feature","properties":{"id":"n8428053111","mode":"tren","name":"Alaybey","operator":"İZBAN"},"geometry":{"type":"Point","coordinates":[27.12146,38.46063]}},{"type":"Feature","properties":{"id":"n8428053114","mode":"tren","name":"Karşıyaka","operator":"İZBAN"},"geometry":{"type":"Point","coordinates":[27.11513,38.4579]}},{"type":"Feature","properties":{"id":"n8440806257","mode":"tren","name":"Belevi","operator":"TCDD Taşımacılık"},"geometry":{"type":"Point","coordinates":[27.43316,38.03079]}},{"type":"Feature","properties":{"id":"n8634566619","mode":"tren","name":"Havza","operator":"TCDD Taşımacılık"},"geometry":{"type":"Point","coordinates":[35.6671,40.96571]}},{"type":"Feature","properties":{"id":"n8765021384","mode":"tren","name":"Akhisar","operator":"TCDD Taşımacılık"},"geometry":{"type":"Point","coordinates":[27.79053,38.90806]}},{"type":"Feature","properties":{"id":"n8768427075","mode":"metro","name":"Atatürk Mahallesi","operator":""},"geometry":{"type":"Point","coordinates":[28.79873,41.05222]}},{"type":"Feature","properties":{"id":"n8768427076","mode":"metro","name":"Bahariye","operator":"Metro İstanbul"},"geometry":{"type":"Point","coordinates":[28.7993,41.05847]}},{"type":"Feature","properties":{"id":"n8768427077","mode":"metro","name":"MASKO","operator":"Metro İstanbul"},"geometry":{"type":"Point","coordinates":[28.80414,41.06411]}},{"type":"Feature","properties":{"id":"n8768427078","mode":"metro","name":"Halkalı Caddesi","operator":"Metro İstanbul"},"geometry":{"type":"Point","coordinates":[28.80651,41.04501]}},{"type":"Feature","properties":{"id":"n8768427079","mode":"metro","name":"15 Temmuz","operator":""},"geometry":{"type":"Point","coordinates":[28.814,41.03689]}},{"type":"Feature","properties":{"id":"n8768427080","mode":"metro","name":"Mimar Sinan","operator":""},"geometry":{"type":"Point","coordinates":[28.81658,41.02509]}},{"type":"Feature","properties":{"id":"n8768427081","mode":"metro","name":"Doğu Sanayi","operator":""},"geometry":{"type":"Point","coordinates":[28.81792,41.01494]}},{"type":"Feature","properties":{"id":"n8768427082","mode":"metro","name":"29 Ekim Cumhuriyet","operator":""},"geometry":{"type":"Point","coordinates":[28.81861,41.00617]}},{"type":"Feature","properties":{"id":"n8768427083","mode":"metro","name":"Çobançeşme","operator":""},"geometry":{"type":"Point","coordinates":[28.82261,40.99974]}},{"type":"Feature","properties":{"id":"n8768427084","mode":"metro","name":"Yenibosna","operator":""},"geometry":{"type":"Point","coordinates":[28.83792,40.98944]}},{"type":"Feature","properties":{"id":"n8768427085","mode":"metro","name":"Ataköy","operator":""},"geometry":{"type":"Point","coordinates":[28.85628,40.97993]}},{"type":"Feature","properties":{"id":"n8853285393","mode":"metro","name":"Kağıthane","operator":"TCDD Taşımacılık A.Ş."},"geometry":{"type":"Point","coordinates":[28.97656,41.08009]}},{"type":"Feature","properties":{"id":"n8853285986","mode":"metro","name":"Hasdal","operator":"TCDD Taşımacılık A.Ş."},"geometry":{"type":"Point","coordinates":[28.94684,41.12122]}},{"type":"Feature","properties":{"id":"n8853491811","mode":"metro","name":"Göktürk","operator":"TCDD Taşımacılık A.Ş."},"geometry":{"type":"Point","coordinates":[28.88366,41.17701]}},{"type":"Feature","properties":{"id":"n8872506293","mode":"metro","name":"İhsaniye","operator":"TCDD Taşımacılık A.Ş."},"geometry":{"type":"Point","coordinates":[28.80894,41.2429]}},{"type":"Feature","properties":{"id":"n8872578520","mode":"metro","name":"Kargo Terminali","operator":"TCDD Taşımacılık A.Ş."},"geometry":{"type":"Point","coordinates":[28.7127,41.25543]}},{"type":"Feature","properties":{"id":"n8930677540","mode":"tren","name":"Arifiye","operator":"TCDD Taşımacılık"},"geometry":{"type":"Point","coordinates":[30.35584,40.71314]}},{"type":"Feature","properties":{"id":"n8952215875","mode":"metro","name":"Çevik Bir Meydanı","operator":"İzmir Metro"},"geometry":{"type":"Point","coordinates":[27.17079,38.38303]}},{"type":"Feature","properties":{"id":"n9016710169","mode":"metro","name":"Bostancı","operator":"Metro İstanbul"},"geometry":{"type":"Point","coordinates":[29.09672,40.95171]}},{"type":"Feature","properties":{"id":"n9048288995","mode":"tren","name":"Akdağmadeni YHT","operator":"TCDD Taşımacılık"},"geometry":{"type":"Point","coordinates":[35.89209,39.78215]}},{"type":"Feature","properties":{"id":"n9093354809","mode":"tren","name":"Yerköy YHT","operator":"TCDD Taşımacılık"},"geometry":{"type":"Point","coordinates":[34.46574,39.6871]}},{"type":"Feature","properties":{"id":"n9125877667","mode":"tren","name":"Konak","operator":"TCDD Taşımacılık"},"geometry":{"type":"Point","coordinates":[39.56648,38.63427]}},{"type":"Feature","properties":{"id":"n9132118601","mode":"metro","name":"Odunluk","operator":"Bursa Ulaşım Toplu Taşıma İşletmeciliği"},"geometry":{"type":"Point","coordinates":[28.99876,40.21209]}},{"type":"Feature","properties":{"id":"n9144161088","mode":"tren","name":"Oymapınar","operator":"TCDD Taşımacılık"},"geometry":{"type":"Point","coordinates":[40.9672,38.86347]}},{"type":"Feature","properties":{"id":"n9164730780","mode":"funikuler","name":"Taksim","operator":"Metro İstanbul"},"geometry":{"type":"Point","coordinates":[28.98663,41.03678]}},{"type":"Feature","properties":{"id":"n9196517648","mode":"tren","name":"Sığırcı","operator":"TCDD Taşımacılık"},"geometry":{"type":"Point","coordinates":[28.05154,40.26995]}},{"type":"Feature","properties":{"id":"n9261381509","mode":"metro","name":"Şehitler","operator":"M4"},"geometry":{"type":"Point","coordinates":[32.861,39.99622]}},{"type":"Feature","properties":{"id":"n9261381510","mode":"metro","name":"ASKİ","operator":"Ankara Metrosu"},"geometry":{"type":"Point","coordinates":[32.85048,39.9478]}},{"type":"Feature","properties":{"id":"n9261381511","mode":"metro","name":"Dışkapı","operator":"M4"},"geometry":{"type":"Point","coordinates":[32.85868,39.95546]}},{"type":"Feature","properties":{"id":"n9261381512","mode":"metro","name":"Meteoroloji","operator":"M4"},"geometry":{"type":"Point","coordinates":[32.86392,39.9664]}},{"type":"Feature","properties":{"id":"n9261381513","mode":"metro","name":"Belediye","operator":"M4"},"geometry":{"type":"Point","coordinates":[32.8682,39.978]}},{"type":"Feature","properties":{"id":"n9261381514","mode":"metro","name":"Mecidiye","operator":"M4"},"geometry":{"type":"Point","coordinates":[32.8753,39.98375]}},{"type":"Feature","properties":{"id":"n9261381515","mode":"metro","name":"Kuyubaşı","operator":"M4"},"geometry":{"type":"Point","coordinates":[32.87535,39.99036]}},{"type":"Feature","properties":{"id":"n9261381516","mode":"metro","name":"Dutluk","operator":"EGO"},"geometry":{"type":"Point","coordinates":[32.87035,39.99973]}},{"type":"Feature","properties":{"id":"n9665946456","mode":"tren","name":"Bahçeşehir","operator":"TCDD Taşımacılık"},"geometry":{"type":"Point","coordinates":[28.67882,41.08441]}},{"type":"Feature","properties":{"id":"n9665946458","mode":"tren","name":"Ispartakule","operator":"TCDD Taşımacılık"},"geometry":{"type":"Point","coordinates":[28.69939,41.06296]}},{"type":"Feature","properties":{"id":"n9747501490","mode":"tren","name":"Ankara","operator":"TCDD Taşımacılık"},"geometry":{"type":"Point","coordinates":[32.84342,39.93596]}},{"type":"Feature","properties":{"id":"n9836027180","mode":"metro","name":"Gar","operator":"Ankara Metrosu"},"geometry":{"type":"Point","coordinates":[32.84258,39.93395]}},{"type":"Feature","properties":{"id":"n9836027181","mode":"metro","name":"Adliye","operator":"Ankara Metrosu"},"geometry":{"type":"Point","coordinates":[32.85039,39.93056]}},{"type":"Feature","properties":{"id":"n9952947108","mode":"tren","name":"Yarbaşı","operator":"TCDD Taşımacılık"},"geometry":{"type":"Point","coordinates":[36.42497,37.1896]}},{"type":"Feature","properties":{"id":"n10060861945","mode":"metro","name":"Bulgurlu","operator":"Metro İstanbul"},"geometry":{"type":"Point","coordinates":[29.07626,41.01629]}},{"type":"Feature","properties":{"id":"n10132990392","mode":"funikuler","name":"Boğaziçi Üniversitesi/Hisarüstü","operator":"İstanbul Metrosu"},"geometry":{"type":"Point","coordinates":[29.04587,41.08509]}},{"type":"Feature","properties":{"id":"n10132990395","mode":"funikuler","name":"Aşiyan","operator":"Metro İstanbul"},"geometry":{"type":"Point","coordinates":[29.055,41.08138]}},{"type":"Feature","properties":{"id":"n10134127154","mode":"tren","name":"Polatlı YHT","operator":"TCDD Taşımacılık"},"geometry":{"type":"Point","coordinates":[32.18148,39.58016]}},{"type":"Feature","properties":{"id":"n10159892609","mode":"tren","name":"Başpınar","operator":"TCDD Taşımacılık"},"geometry":{"type":"Point","coordinates":[37.33452,37.16687]}},{"type":"Feature","properties":{"id":"n10159892612","mode":"tren","name":"OSB-3","operator":"TCDD"},"geometry":{"type":"Point","coordinates":[37.34186,37.16406]}},{"type":"Feature","properties":{"id":"n10159892615","mode":"tren","name":"OSB-4","operator":"TCDD"},"geometry":{"type":"Point","coordinates":[37.35224,37.16381]}},{"type":"Feature","properties":{"id":"n10159892616","mode":"tren","name":"Dülük","operator":"TCDD"},"geometry":{"type":"Point","coordinates":[37.3637,37.14977]}},{"type":"Feature","properties":{"id":"n10159892635","mode":"tren","name":"Beylerbeyi","operator":"TCDD Taşımacılık"},"geometry":{"type":"Point","coordinates":[37.38476,37.11988]}},{"type":"Feature","properties":{"id":"n10159892642","mode":"tren","name":"Fıstıklık","operator":"TCDD Taşımacılık"},"geometry":{"type":"Point","coordinates":[37.38074,37.11212]}},{"type":"Feature","properties":{"id":"n10160022330","mode":"tren","name":"Selimiye","operator":"TCDD Taşımacılık"},"geometry":{"type":"Point","coordinates":[37.37246,37.09931]}},{"type":"Feature","properties":{"id":"n10160022336","mode":"tren","name":"Adliye","operator":"TCDD Taşımacılık"},"geometry":{"type":"Point","coordinates":[37.35866,37.08784]}},{"type":"Feature","properties":{"id":"n10160022337","mode":"tren","name":"Topraklık","operator":"TCDD Taşımacılık"},"geometry":{"type":"Point","coordinates":[37.36148,37.07621]}},{"type":"Feature","properties":{"id":"n10160022342","mode":"tren","name":"Mücahitler","operator":"TCDD Taşımacılık"},"geometry":{"type":"Point","coordinates":[37.3707,37.07441]}},{"type":"Feature","properties":{"id":"n10160022343","mode":"tren","name":"Gaziantep","operator":"TCDD Taşımacılık"},"geometry":{"type":"Point","coordinates":[37.38284,37.07346]}},{"type":"Feature","properties":{"id":"n10160022350","mode":"tren","name":"Göllüce","operator":"TCDD Taşımacılık"},"geometry":{"type":"Point","coordinates":[37.40542,37.0743]}},{"type":"Feature","properties":{"id":"n10160022352","mode":"tren","name":"Seyrantepe","operator":"TCDD Taşımacılık"},"geometry":{"type":"Point","coordinates":[37.42482,37.0762]}},{"type":"Feature","properties":{"id":"n10160022355","mode":"tren","name":"Mustafa Yavuz","operator":"TCDD Taşımacılık"},"geometry":{"type":"Point","coordinates":[37.4308,37.07094]}},{"type":"Feature","properties":{"id":"n10160022362","mode":"tren","name":"Taşlıca","operator":"TCDD Taşımacılık"},"geometry":{"type":"Point","coordinates":[37.44901,37.05835]}},{"type":"Feature","properties":{"id":"n10167187177","mode":"tren","name":"Stadyum","operator":"TCDD Taşımacılık"},"geometry":{"type":"Point","coordinates":[37.38175,37.12685]}},{"type":"Feature","properties":{"id":"n10242044766","mode":"tren","name":"Benliahmet","operator":""},"geometry":{"type":"Point","coordinates":[42.92074,40.46124]}},{"type":"Feature","properties":{"id":"n10576917342","mode":"tren","name":"Bandırma Şehir","operator":"TCDD Taşımacılık"},"geometry":{"type":"Point","coordinates":[27.96548,40.35213]}},{"type":"Feature","properties":{"id":"n10702895853","mode":"metro","name":"Taşoluk","operator":"TCDD Taşımacılık A.Ş."},"geometry":{"type":"Point","coordinates":[28.71589,41.20707]}},{"type":"Feature","properties":{"id":"n10702895854","mode":"metro","name":"Arnavutköy Hastane","operator":"TCDD Taşımacılık A.Ş."},"geometry":{"type":"Point","coordinates":[28.74768,41.1791]}},{"type":"Feature","properties":{"id":"n10702895855","mode":"metro","name":"İbn Haldun Üniversitesi","operator":"TCDD Taşımacılık A.Ş."},"geometry":{"type":"Point","coordinates":[28.7938,41.13956]}},{"type":"Feature","properties":{"id":"n10702895856","mode":"metro","name":"Kayaşehir","operator":"TCDD Taşımacılık A.Ş."},"geometry":{"type":"Point","coordinates":[28.76571,41.11733]}},{"type":"Feature","properties":{"id":"n10702895857","mode":"metro","name":"Olimpiyatköy","operator":"TCDD Taşımacılık A.Ş."},"geometry":{"type":"Point","coordinates":[28.76974,41.07801]}},{"type":"Feature","properties":{"id":"n10702895858","mode":"metro","name":"Halkalı Stadı","operator":"TCDD Taşımacılık A.Ş."},"geometry":{"type":"Point","coordinates":[28.77471,41.05657]}},{"type":"Feature","properties":{"id":"n10702895859","mode":"metro","name":"Halkalı","operator":"TCDD Taşımacılık A.Ş."},"geometry":{"type":"Point","coordinates":[28.76815,41.0199]}},{"type":"Feature","properties":{"id":"n10715896199","mode":"tren","name":"Kayseri YHT","operator":"TCDD Taşımacılık"},"geometry":{"type":"Point","coordinates":[35.42934,38.78096]}},{"type":"Feature","properties":{"id":"n10820058344","mode":"tren","name":"Yozgat YHT","operator":"TCDD Taşımacılık"},"geometry":{"type":"Point","coordinates":[34.84011,39.7582]}},{"type":"Feature","properties":{"id":"n10820061374","mode":"tren","name":"Sorgun YHT","operator":"TCDD Taşımacılık"},"geometry":{"type":"Point","coordinates":[35.15859,39.82669]}},{"type":"Feature","properties":{"id":"n10820137957","mode":"tren","name":"Sivas","operator":"TCDD Taşımacılık"},"geometry":{"type":"Point","coordinates":[37.007,39.73921]}},{"type":"Feature","properties":{"id":"n10820574849","mode":"tren","name":"Derince","operator":"TCDD"},"geometry":{"type":"Point","coordinates":[29.83433,40.75434]}},{"type":"Feature","properties":{"id":"n10856605757","mode":"tren","name":"Kırıkkale YHT","operator":"TCDD Taşımacılık"},"geometry":{"type":"Point","coordinates":[33.53591,39.86763]}},{"type":"Feature","properties":{"id":"n10858007732","mode":"tren","name":"Yıldızeli YHT","operator":"TCDD Taşımacılık"},"geometry":{"type":"Point","coordinates":[36.56232,39.85892]}},{"type":"Feature","properties":{"id":"n11034131794","mode":"tren","name":"Selçuklu YHT","operator":"TCDD Taşımacılık"},"geometry":{"type":"Point","coordinates":[32.49815,37.89824]}},{"type":"Feature","properties":{"id":"n11056845809","mode":"tren","name":"Ankara YHT","operator":"TCDD Taşımacılık"},"geometry":{"type":"Point","coordinates":[32.84335,39.93493]}},{"type":"Feature","properties":{"id":"n11056845810","mode":"tren","name":"Elmadağ YHT","operator":"TCDD Taşımacılık"},"geometry":{"type":"Point","coordinates":[33.20422,39.94845]}},{"type":"Feature","properties":{"id":"n11065364597","mode":"tren","name":"İzmit","operator":"TCDD Taşımacılık"},"geometry":{"type":"Point","coordinates":[29.9177,40.76139]}},{"type":"Feature","properties":{"id":"n11082593542","mode":"tren","name":"Kırkikievler","operator":""},"geometry":{"type":"Point","coordinates":[29.94552,40.76202]}},{"type":"Feature","properties":{"id":"n11082593543","mode":"tren","name":"Kırkikievler","operator":""},"geometry":{"type":"Point","coordinates":[29.94551,40.76205]}},{"type":"Feature","properties":{"id":"n11132878356","mode":"tren","name":"Kapıkule","operator":"TCDD Taşımacılık"},"geometry":{"type":"Point","coordinates":[26.36179,41.71937]}},{"type":"Feature","properties":{"id":"n11132878357","mode":"tren","name":"Edirne","operator":""},"geometry":{"type":"Point","coordinates":[26.58051,41.65521]}},{"type":"Feature","properties":{"id":"n11132878358","mode":"tren","name":"Alpullu","operator":"TCDD Taşımacılık"},"geometry":{"type":"Point","coordinates":[27.14271,41.3662]}},{"type":"Feature","properties":{"id":"n11228793732","mode":"tren","name":"Cankurtaran","operator":"TCDD Taşımacılık"},"geometry":{"type":"Point","coordinates":[28.98301,41.00554]}},{"type":"Feature","properties":{"id":"n11242318472","mode":"tren","name":"Horozköy","operator":"TCDD Taşımacılık"},"geometry":{"type":"Point","coordinates":[27.40318,38.62669]}},{"type":"Feature","properties":{"id":"n11309220597","mode":"tren","name":"Yeniyapan","operator":"TCDD Taşımacılık"},"geometry":{"type":"Point","coordinates":[34.09251,39.81743]}},{"type":"Feature","properties":{"id":"n11309220598","mode":"tren","name":"Genç","operator":"TCDD Taşımacılık"},"geometry":{"type":"Point","coordinates":[40.55764,38.75185]}},{"type":"Feature","properties":{"id":"n11309220599","mode":"tren","name":"Kırıkkale","operator":"TCDD Taşımacılık"},"geometry":{"type":"Point","coordinates":[33.50328,39.83715]}},{"type":"Feature","properties":{"id":"n11309220631","mode":"tren","name":"Şarkışla","operator":"TCDD Taşımacılık"},"geometry":{"type":"Point","coordinates":[36.40316,39.36409]}},{"type":"Feature","properties":{"id":"n11309220632","mode":"tren","name":"Malatya","operator":"TCDD Taşımacılık"},"geometry":{"type":"Point","coordinates":[38.28325,38.35252]}},{"type":"Feature","properties":{"id":"n11309220660","mode":"tren","name":"Elmadağ","operator":"TCDD Taşımacılık"},"geometry":{"type":"Point","coordinates":[33.22771,39.92411]}},{"type":"Feature","properties":{"id":"n11309230921","mode":"tren","name":"Kayseri","operator":"TCDD Taşımacılık"},"geometry":{"type":"Point","coordinates":[35.47772,38.73068]}},{"type":"Feature","properties":{"id":"n11470587868","mode":"metro","name":"General Asım Gündüz","operator":"İzmir Metro"},"geometry":{"type":"Point","coordinates":[27.13193,38.39717]}},{"type":"Feature","properties":{"id":"n11470597369","mode":"metro","name":"Zafertepe","operator":"İzmir Metro"},"geometry":{"type":"Point","coordinates":[27.12975,38.40231]}},{"type":"Feature","properties":{"id":"n11470597370","mode":"metro","name":"Üçyol","operator":"İzmir Metro"},"geometry":{"type":"Point","coordinates":[27.1222,38.40622]}},{"type":"Feature","properties":{"id":"n11475911509","mode":"metro","name":"Balçova","operator":""},"geometry":{"type":"Point","coordinates":[27.05694,38.39572]}},{"type":"Feature","properties":{"id":"n11475911510","mode":"metro","name":"Çağdaş","operator":""},"geometry":{"type":"Point","coordinates":[27.04543,38.39454]}},{"type":"Feature","properties":{"id":"n11475911511","mode":"metro","name":"Dokuz Eylül Üniversitesi Hastanesi","operator":""},"geometry":{"type":"Point","coordinates":[27.03821,38.39417]}},{"type":"Feature","properties":{"id":"n11475911512","mode":"metro","name":"Güzel Sanatlar Fakültesi","operator":""},"geometry":{"type":"Point","coordinates":[27.02349,38.3925]}},{"type":"Feature","properties":{"id":"n11475911513","mode":"metro","name":"Narlıdere İtfaiye","operator":""},"geometry":{"type":"Point","coordinates":[27.01498,38.39373]}},{"type":"Feature","properties":{"id":"n11475911514","mode":"metro","name":"Narlıdere Kaymakamlık","operator":""},"geometry":{"type":"Point","coordinates":[26.99109,38.39498]}},{"type":"Feature","properties":{"id":"n11492185746","mode":"metro","name":"Sarıgazi","operator":"Metro İstanbul"},"geometry":{"type":"Point","coordinates":[29.21268,41.01003]}},{"type":"Feature","properties":{"id":"n11513940881","mode":"tren","name":"Gündüzlü","operator":"TCDD Taşımacılık"},"geometry":{"type":"Point","coordinates":[27.48043,41.0725]}},{"type":"Feature","properties":{"id":"n11549112483","mode":"tren","name":"Karapınar","operator":"TCDD Taşımacılık"},"geometry":{"type":"Point","coordinates":[32.18334,39.61276]}},{"type":"Feature","properties":{"id":"n11553493315","mode":"tren","name":"Okçugöl","operator":"TCDD Taşımacılık"},"geometry":{"type":"Point","coordinates":[28.16149,40.06248]}},{"type":"Feature","properties":{"id":"n11591633641","mode":"metro","name":"Darıca Sahil","operator":""},"geometry":{"type":"Point","coordinates":[29.37633,40.75733]}},{"type":"Feature","properties":{"id":"n11591633642","mode":"metro","name":"Darıca Cumhuriyet Meydanı","operator":""},"geometry":{"type":"Point","coordinates":[29.38847,40.76126]}},{"type":"Feature","properties":{"id":"n11591633643","mode":"metro","name":"Farabi Devlet Hastanesi","operator":""},"geometry":{"type":"Point","coordinates":[29.40357,40.77424]}},{"type":"Feature","properties":{"id":"n11591633644","mode":"metro","name":"Gebze Gar","operator":""},"geometry":{"type":"Point","coordinates":[29.41078,40.78304]}},{"type":"Feature","properties":{"id":"n11591633645","mode":"metro","name":"Fatih Devlet Hastanesi","operator":""},"geometry":{"type":"Point","coordinates":[29.42167,40.79041]}},{"type":"Feature","properties":{"id":"n11591633646","mode":"metro","name":"Gebze Kent Meydanı","operator":""},"geometry":{"type":"Point","coordinates":[29.43228,40.79801]}},{"type":"Feature","properties":{"id":"n11591633647","mode":"metro","name":"Gebze Stadyum","operator":""},"geometry":{"type":"Point","coordinates":[29.43883,40.80445]}},{"type":"Feature","properties":{"id":"n11591633648","mode":"metro","name":"Akse Sapağı","operator":""},"geometry":{"type":"Point","coordinates":[29.4314,40.80791]}},{"type":"Feature","properties":{"id":"n11591633649","mode":"metro","name":"Adliye","operator":""},"geometry":{"type":"Point","coordinates":[29.41844,40.81422]}},{"type":"Feature","properties":{"id":"n11591633650","mode":"metro","name":"Mutlukent","operator":""},"geometry":{"type":"Point","coordinates":[29.41739,40.82719]}},{"type":"Feature","properties":{"id":"n11591633651","mode":"metro","name":"OSB","operator":""},"geometry":{"type":"Point","coordinates":[29.43167,40.83905]}},{"type":"Feature","properties":{"id":"n11632512029","mode":"tren","name":"Kemalpaşa","operator":"TCDD Taşımacılık"},"geometry":{"type":"Point","coordinates":[27.40021,38.46946]}},{"type":"Feature","properties":{"id":"n11675949249","mode":"tren","name":"Pancar","operator":"TCDD Taşımacılık"},"geometry":{"type":"Point","coordinates":[27.23957,38.1975]}},{"type":"Feature","properties":{"id":"n11675949250","mode":"tren","name":"Adnan Menderes Havalimanı","operator":"TCDD Taşımacılık"},"geometry":{"type":"Point","coordinates":[27.14787,38.2913]}},{"type":"Feature","properties":{"id":"n11675949251","mode":"tren","name":"Cumaovası","operator":"TCDD Taşımacılık"},"geometry":{"type":"Point","coordinates":[27.16299,38.26405]}},{"type":"Feature","properties":{"id":"n11675949253","mode":"tren","name":"Alsancak","operator":"TCDD Taşımacılık"},"geometry":{"type":"Point","coordinates":[27.14812,38.43863]}},{"type":"Feature","properties":{"id":"n11773405295","mode":"metro","name":"Geçit/Balat","operator":"Bursa Ulaşım Toplu Taşıma İşletmeciliği"},"geometry":{"type":"Point","coordinates":[28.94826,40.26738]}},{"type":"Feature","properties":{"id":"n11931710022","mode":"tren","name":"Bergama Otogar","operator":""},"geometry":{"type":"Point","coordinates":[27.12299,39.08374]}},{"type":"Feature","properties":{"id":"n11931710023","mode":"tren","name":"Bergama","operator":""},"geometry":{"type":"Point","coordinates":[27.20243,39.10136]}},{"type":"Feature","properties":{"id":"n11931710026","mode":"tren","name":"Bozköy","operator":""},"geometry":{"type":"Point","coordinates":[27.1093,39.051]}},{"type":"Feature","properties":{"id":"n11932766836","mode":"tren","name":"Yenikent","operator":""},"geometry":{"type":"Point","coordinates":[27.07044,39.01036]}},{"type":"Feature","properties":{"id":"n11932795670","mode":"tren","name":"Yenişakran","operator":""},"geometry":{"type":"Point","coordinates":[27.08521,38.8837]}},{"type":"Feature","properties":{"id":"n11932795680","mode":"tren","name":"Aliağa OSB","operator":""},"geometry":{"type":"Point","coordinates":[27.01903,38.8273]}},{"type":"Feature","properties":{"id":"n11953547054","mode":"tren","name":"Gürsu","operator":"TCDD Taşımacılık"},"geometry":{"type":"Point","coordinates":[29.20098,40.25636]}},{"type":"Feature","properties":{"id":"n11953552077","mode":"tren","name":"Yenişehir YHT","operator":"TCDD Taşımacılık"},"geometry":{"type":"Point","coordinates":[29.66138,40.24932]}},{"type":"Feature","properties":{"id":"n11953552080","mode":"tren","name":"Osmaneli Hızlı Tren İstasyonu","operator":"TCDD Taşımacılık"},"geometry":{"type":"Point","coordinates":[29.95941,40.37273]}},{"type":"Feature","properties":{"id":"n12012657166","mode":"tren","name":"Lalabel","operator":"TCDD Taşımacılık"},"geometry":{"type":"Point","coordinates":[33.18742,39.95794]}},{"type":"Feature","properties":{"id":"n12065100846","mode":"metro","name":"Şehir Hastanesi","operator":"BursaRay"},"geometry":{"type":"Point","coordinates":[28.91241,40.26798]}},{"type":"Feature","properties":{"id":"n12112984240","mode":"tren","name":"Lüleburgaz YHT","operator":"TCDD Taşımacılık"},"geometry":{"type":"Point","coordinates":[27.34739,41.36633]}},{"type":"Feature","properties":{"id":"n12144121424","mode":"tren","name":"Azot","operator":"TCDD Taşımacılık"},"geometry":{"type":"Point","coordinates":[30.02045,39.45324]}},{"type":"Feature","properties":{"id":"n12163032631","mode":"tren","name":"Mazıdağı Çöp","operator":"TCDD Taşımacılık"},"geometry":{"type":"Point","coordinates":[40.36603,37.50466]}},{"type":"Feature","properties":{"id":"n12228171642","mode":"tren","name":"Şerbettar","operator":""},"geometry":{"type":"Point","coordinates":[26.76315,41.47098]}},{"type":"Feature","properties":{"id":"n12228171643","mode":"tren","name":"Kırcasalih","operator":""},"geometry":{"type":"Point","coordinates":[26.8144,41.42116]}},{"type":"Feature","properties":{"id":"n12228171644","mode":"tren","name":"Bahçıvanova","operator":""},"geometry":{"type":"Point","coordinates":[26.82256,41.41214]}},{"type":"Feature","properties":{"id":"n12228171645","mode":"tren","name":"Sazlımalkoç","operator":""},"geometry":{"type":"Point","coordinates":[26.88113,41.35885]}},{"type":"Feature","properties":{"id":"n12285428116","mode":"tren","name":"Kurtalan","operator":"TCDD Taşımacılık"},"geometry":{"type":"Point","coordinates":[41.69736,37.92842]}},{"type":"Feature","properties":{"id":"n12344626530","mode":"tren","name":"Menemen","operator":"TCDD Taşımacılık"},"geometry":{"type":"Point","coordinates":[27.07672,38.60317]}},{"type":"Feature","properties":{"id":"n12347968178","mode":"tren","name":"Kavaklıdere","operator":"TCDD Taşımacılık"},"geometry":{"type":"Point","coordinates":[28.35889,38.42865]}},{"type":"Feature","properties":{"id":"n12347968181","mode":"tren","name":"Sultandağı","operator":"TCDD Taşımacılık"},"geometry":{"type":"Point","coordinates":[31.26824,38.54793]}},{"type":"Feature","properties":{"id":"n12367201824","mode":"tren","name":"Susurluk","operator":"TCDD Taşımacılık"},"geometry":{"type":"Point","coordinates":[28.15289,39.92561]}},{"type":"Feature","properties":{"id":"n12387684325","mode":"tren","name":"Bahçetepe","operator":"TCDD Taşımacılık"},"geometry":{"type":"Point","coordinates":[42.01486,38.68243]}},{"type":"Feature","properties":{"id":"n12387684326","mode":"tren","name":"Çizmeburun","operator":"TCDD Taşımacılık"},"geometry":{"type":"Point","coordinates":[41.62598,38.71895]}},{"type":"Feature","properties":{"id":"n12387720330","mode":"tren","name":"Asmakaya","operator":"TCDD Taşımacılık"},"geometry":{"type":"Point","coordinates":[41.08686,38.77902]}},{"type":"Feature","properties":{"id":"n12387720331","mode":"tren","name":"Bozkanat","operator":"TCDD Taşımacılık"},"geometry":{"type":"Point","coordinates":[40.8881,38.86655]}},{"type":"Feature","properties":{"id":"n12387720333","mode":"tren","name":"Uyanık","operator":"TCDD Taşımacılık"},"geometry":{"type":"Point","coordinates":[40.86666,38.86914]}},{"type":"Feature","properties":{"id":"n12387720478","mode":"tren","name":"Akbulut","operator":"TCDD Taşımacılık"},"geometry":{"type":"Point","coordinates":[40.21964,38.73173]}},{"type":"Feature","properties":{"id":"n12426226739","mode":"tren","name":"Yaylıca","operator":"TCDD Taşımacılık"},"geometry":{"type":"Point","coordinates":[41.23028,38.00834]}},{"type":"Feature","properties":{"id":"n12518048819","mode":"metro","name":"Dostluk Bulvarı","operator":""},"geometry":{"type":"Point","coordinates":[27.12736,38.37881]}},{"type":"Feature","properties":{"id":"n12518048854","mode":"metro","name":"Gaziemir Stadyum","operator":""},"geometry":{"type":"Point","coordinates":[27.13414,38.31492]}},{"type":"Feature","properties":{"id":"n12523026533","mode":"tren","name":"Bursa HYT","operator":"TCDD Taşımacılık"},"geometry":{"type":"Point","coordinates":[28.92334,40.27367]}},{"type":"Feature","properties":{"id":"n12538984421","mode":"tren","name":"Sungurlu","operator":"TCDD Taşımacılık"},"geometry":{"type":"Point","coordinates":[34.3529,40.14535]}},{"type":"Feature","properties":{"id":"n12576453388","mode":"tren","name":"Boğazköprü","operator":"TCDD Taşımacılık"},"geometry":{"type":"Point","coordinates":[35.32218,38.75524]}},{"type":"Feature","properties":{"id":"n12576453390","mode":"tren","name":"Yeşilhisar","operator":"TCDD Taşımacılık"},"geometry":{"type":"Point","coordinates":[35.08437,38.36531]}},{"type":"Feature","properties":{"id":"n12576453391","mode":"tren","name":"Niğde","operator":"TCDD Taşımacılık"},"geometry":{"type":"Point","coordinates":[34.685,37.96541]}},{"type":"Feature","properties":{"id":"n12621079984","mode":"tren","name":"Siirt","operator":"TCDD Taşımacılık"},"geometry":{"type":"Point","coordinates":[41.89648,37.91412]}},{"type":"Feature","properties":{"id":"n12621085718","mode":"tren","name":"Havaalanı/Üniversite","operator":"TCDD Taşımacılık"},"geometry":{"type":"Point","coordinates":[41.84555,37.97381]}},{"type":"Feature","properties":{"id":"n12660716153","mode":"tren","name":"Yedikule","operator":"TCDD Taşımacılık"},"geometry":{"type":"Point","coordinates":[28.92692,40.99353]}},{"type":"Feature","properties":{"id":"n12660716198","mode":"tren","name":"Kocamustafapaşa","operator":"TCDD Taşımacılık"},"geometry":{"type":"Point","coordinates":[28.93318,40.99993]}},{"type":"Feature","properties":{"id":"n12660718806","mode":"tren","name":"Cerrahpaşa","operator":"TCDD Taşımacılık"},"geometry":{"type":"Point","coordinates":[28.94024,41.00281]}},{"type":"Feature","properties":{"id":"n12660718807","mode":"tren","name":"Yenikapı","operator":"TCDD Taşımacılık"},"geometry":{"type":"Point","coordinates":[28.9524,41.00477]}},{"type":"Feature","properties":{"id":"n12660718808","mode":"tren","name":"Kumkapı","operator":"TCDD Taşımacılık"},"geometry":{"type":"Point","coordinates":[28.9629,41.00337]}},{"type":"Feature","properties":{"id":"n12660718814","mode":"tren","name":"Sirkeci","operator":"TCDD Taşımacılık"},"geometry":{"type":"Point","coordinates":[28.97796,41.01502]}},{"type":"Feature","properties":{"id":"n12692905025","mode":"tren","name":"Pazarcık","operator":"TCDD Taşımacılık"},"geometry":{"type":"Point","coordinates":[37.28997,37.49085]}},{"type":"Feature","properties":{"id":"n12736098197","mode":"tren","name":"Pamukova YHT","operator":"TCDD Taşımacılık"},"geometry":{"type":"Point","coordinates":[30.18689,40.49819]}},{"type":"Feature","properties":{"id":"n12887415750","mode":"tren","name":"Bayındır","operator":"TCDD Taşımacılık"},"geometry":{"type":"Point","coordinates":[27.64956,38.21282]}},{"type":"Feature","properties":{"id":"n12887415751","mode":"tren","name":"Tire","operator":"TCDD Taşımacılık"},"geometry":{"type":"Point","coordinates":[27.7278,38.09249]}},{"type":"Feature","properties":{"id":"n12887415752","mode":"tren","name":"Çatal","operator":"TCDD Taşımacılık"},"geometry":{"type":"Point","coordinates":[27.72083,38.17242]}},{"type":"Feature","properties":{"id":"n12887415753","mode":"tren","name":"Ödemiş","operator":"TCDD Taşımacılık"},"geometry":{"type":"Point","coordinates":[27.96557,38.22205]}},{"type":"Feature","properties":{"id":"n12887415754","mode":"tren","name":"Ödemiş Şehir","operator":"TCDD Taşımacılık"},"geometry":{"type":"Point","coordinates":[27.97715,38.22721]}},{"type":"Feature","properties":{"id":"n12999694104","mode":"tren","name":"Kocatepe","operator":"TCDD Taşımacılık"},"geometry":{"type":"Point","coordinates":[30.32338,38.67214]}},{"type":"Feature","properties":{"id":"n12999694156","mode":"tren","name":"Karakuyu","operator":"TCDD Taşımacılık"},"geometry":{"type":"Point","coordinates":[30.20888,38.07753]}},{"type":"Feature","properties":{"id":"n13011507239","mode":"tren","name":"Sungurlu","operator":"TCDD Taşımacılık"},"geometry":{"type":"Point","coordinates":[34.35291,40.14524]}},{"type":"Feature","properties":{"id":"n13031810330","mode":"tren","name":"Kurudere","operator":""},"geometry":{"type":"Point","coordinates":[43.52408,40.73658]}},{"type":"Feature","properties":{"id":"n13031810391","mode":"tren","name":"Şahnalar","operator":""},"geometry":{"type":"Point","coordinates":[43.55109,40.74897]}},{"type":"Feature","properties":{"id":"n13040894854","mode":"tren","name":"Derbent","operator":"TCDD Taşımacılık"},"geometry":{"type":"Point","coordinates":[29.64163,38.67067]}},{"type":"Feature","properties":{"id":"n13062345273","mode":"metro","name":"Fuar İzmir","operator":""},"geometry":{"type":"Point","coordinates":[27.12395,38.34765]}},{"type":"Feature","properties":{"id":"n13062345274","mode":"metro","name":"Gediz","operator":""},"geometry":{"type":"Point","coordinates":[27.14928,38.36055]}},{"type":"Feature","properties":{"id":"n13066965373","mode":"tren","name":"Bandırma","operator":"TCDD Taşımacılık"},"geometry":{"type":"Point","coordinates":[27.95937,40.35077]}},{"type":"Feature","properties":{"id":"n13092695117","mode":"tren","name":"Kurtalan YHT","operator":"TCDD Taşımacılık"},"geometry":{"type":"Point","coordinates":[41.70266,37.93918]}},{"type":"Feature","properties":{"id":"n13096455567","mode":"tren","name":"Gökçedağ","operator":"TCDD Taşımacılık"},"geometry":{"type":"Point","coordinates":[28.97971,39.61193]}},{"type":"Feature","properties":{"id":"n13096553867","mode":"tren","name":"Emirler","operator":"TCDD Taşımacılık"},"geometry":{"type":"Point","coordinates":[29.36235,39.49256]}},{"type":"Feature","properties":{"id":"n13125673028","mode":"tren","name":"Sarıdemir","operator":"TCDD Taşımacılık"},"geometry":{"type":"Point","coordinates":[36.82858,39.53064]}},{"type":"Feature","properties":{"id":"n13140863305","mode":"tren","name":"Çerkezköy","operator":"TCDD Taşımacılık"},"geometry":{"type":"Point","coordinates":[28.01049,41.27956]}},{"type":"Feature","properties":{"id":"n13140863306","mode":"tren","name":"Çorlu","operator":"TCDD Taşımacılık"},"geometry":{"type":"Point","coordinates":[27.77843,41.17772]}},{"type":"Feature","properties":{"id":"n13140866846","mode":"tren","name":"Ömerli","operator":""},"geometry":{"type":"Point","coordinates":[28.64141,41.11728]}},{"type":"Feature","properties":{"id":"n13142516199","mode":"tren","name":"Ceyhan","operator":"TCDD Taşımacılık"},"geometry":{"type":"Point","coordinates":[35.81728,37.01806]}},{"type":"Feature","properties":{"id":"n13142527107","mode":"tren","name":"Günyazı","operator":"TCDD Taşımacılık"},"geometry":{"type":"Point","coordinates":[35.95144,37.05741]}},{"type":"Feature","properties":{"id":"n13142562856","mode":"tren","name":"Toprakkale","operator":"TCDD Taşımacılık"},"geometry":{"type":"Point","coordinates":[36.1455,37.06661]}},{"type":"Feature","properties":{"id":"n13142574206","mode":"tren","name":"Erzin","operator":"TCDD Taşımacılık"},"geometry":{"type":"Point","coordinates":[36.13024,36.9746]}},{"type":"Feature","properties":{"id":"n13147171949","mode":"tren","name":"Dörtyol","operator":"TCDD Taşımacılık"},"geometry":{"type":"Point","coordinates":[36.19561,36.82398]}},{"type":"Feature","properties":{"id":"n13147533958","mode":"tren","name":"Payas","operator":"TCDD Taşımacılık"},"geometry":{"type":"Point","coordinates":[36.20935,36.76693]}},{"type":"Feature","properties":{"id":"n13147602619","mode":"tren","name":"İsdemir","operator":"TCDD Taşımacılık"},"geometry":{"type":"Point","coordinates":[36.21358,36.72392]}},{"type":"Feature","properties":{"id":"n13149530362","mode":"tren","name":"Sarıseki","operator":"TCDD Taşımacılık"},"geometry":{"type":"Point","coordinates":[36.21366,36.66869]}},{"type":"Feature","properties":{"id":"n13149734633","mode":"tren","name":"İskenderun","operator":"TCDD Taşımacılık"},"geometry":{"type":"Point","coordinates":[36.18132,36.58727]}},{"type":"Feature","properties":{"id":"n13150054609","mode":"tren","name":"Kahramanmaraş","operator":"TCDD Taşımacılık"},"geometry":{"type":"Point","coordinates":[36.93072,37.564]}},{"type":"Feature","properties":{"id":"n13150129314","mode":"tren","name":"Köprüağzı","operator":"TCDD Taşımacılık"},"geometry":{"type":"Point","coordinates":[37.00033,37.36137]}},{"type":"Feature","properties":{"id":"n13154813552","mode":"tren","name":"Pınarbaşı","operator":"TCDD Taşımacılık"},"geometry":{"type":"Point","coordinates":[32.60492,38.03723]}},{"type":"Feature","properties":{"id":"n13154916640","mode":"tren","name":"Haydarlı","operator":"TCDD Taşımacılık"},"geometry":{"type":"Point","coordinates":[37.45418,37.57952]}},{"type":"Feature","properties":{"id":"n13171455282","mode":"tren","name":"Bozdemir","operator":"TCDD Taşımacılık"},"geometry":{"type":"Point","coordinates":[40.3089,37.8363]}},{"type":"Feature","properties":{"id":"n13180360334","mode":"tren","name":"Koçkale","operator":"TCDD Taşımacılık"},"geometry":{"type":"Point","coordinates":[39.48426,38.6012]}},{"type":"Feature","properties":{"id":"n13180535524","mode":"tren","name":"Yeni Suveren","operator":"TCDD Taşımacılık"},"geometry":{"type":"Point","coordinates":[40.32701,38.71923]}},{"type":"Feature","properties":{"id":"n13183502188","mode":"tren","name":"Özden","operator":"TCDD Taşımacılık"},"geometry":{"type":"Point","coordinates":[41.80566,38.70837]}},{"type":"Feature","properties":{"id":"n13183864609","mode":"tren","name":"Erçek","operator":"TCDD Taşımacılık"},"geometry":{"type":"Point","coordinates":[43.65726,38.65933]}},{"type":"Feature","properties":{"id":"n13183865200","mode":"tren","name":"Çeken","operator":"TCDD Taşımacılık"},"geometry":{"type":"Point","coordinates":[43.45629,38.56281]}},{"type":"Feature","properties":{"id":"n13184388993","mode":"tren","name":"Kapıköy","operator":"TCDD Taşımacılık"},"geometry":{"type":"Point","coordinates":[44.29519,38.51013]}},{"type":"Feature","properties":{"id":"n13185553849","mode":"tren","name":"Özalp","operator":"TCDD Taşımacılık"},"geometry":{"type":"Point","coordinates":[43.98973,38.65335]}},{"type":"Feature","properties":{"id":"n13192229548","mode":"tren","name":"Van","operator":"TCDD Taşımacılık"},"geometry":{"type":"Point","coordinates":[43.38317,38.52168]}},{"type":"Feature","properties":{"id":"n13206521717","mode":"tren","name":"Tayakadın","operator":"TCDD Taşımacılık"},"geometry":{"type":"Point","coordinates":[26.65358,41.59682]}},{"type":"Feature","properties":{"id":"n13233090414","mode":"tren","name":"Alp","operator":"TCDD Taşımacılık"},"geometry":{"type":"Point","coordinates":[39.19292,39.61732]}},{"type":"Feature","properties":{"id":"n13236383449","mode":"tren","name":"Saptıran","operator":""},"geometry":{"type":"Point","coordinates":[40.53341,39.95227]}},{"type":"Feature","properties":{"id":"n13236848823","mode":"tren","name":"Ilıca (Aziziye)","operator":"TCDD Taşımacılık"},"geometry":{"type":"Point","coordinates":[41.10333,39.95105]}},{"type":"Feature","properties":{"id":"n13239613528","mode":"tren","name":"Erzurum","operator":"TCDD Taşımacılık"},"geometry":{"type":"Point","coordinates":[41.26853,39.91562]}},{"type":"Feature","properties":{"id":"n13247813127","mode":"tren","name":"Akyaka","operator":"TCDD Taşımacılık"},"geometry":{"type":"Point","coordinates":[43.62341,40.73985]}},{"type":"Feature","properties":{"id":"n13249471308","mode":"tren","name":"Güvercin","operator":"TCDD Taşımacılık"},"geometry":{"type":"Point","coordinates":[43.25462,40.82891]}},{"type":"Feature","properties":{"id":"n13249471379","mode":"tren","name":"Canbaz","operator":"TCDD Taşımacılık"},"geometry":{"type":"Point","coordinates":[43.30473,40.96718]}},{"type":"Feature","properties":{"id":"n13249471514","mode":"tren","name":"Canbazlar","operator":"TCDD Taşımacılık"},"geometry":{"type":"Point","coordinates":[43.30117,41.13016]}},{"type":"Feature","properties":{"id":"n13261185143","mode":"tren","name":"Candoğan","operator":"TCDD Taşımacılık"},"geometry":{"type":"Point","coordinates":[37.23892,39.32185]}},{"type":"Feature","properties":{"id":"n13270281101","mode":"tren","name":"Çamlıbel","operator":"TCDD Taşımacılık"},"geometry":{"type":"Point","coordinates":[36.39436,39.94196]}},{"type":"Feature","properties":{"id":"n13270281157","mode":"tren","name":"Özdere","operator":"TCDD Taşımacılık"},"geometry":{"type":"Point","coordinates":[36.30193,39.95614]}},{"type":"Feature","properties":{"id":"n13270950263","mode":"tren","name":"Saraycık","operator":"TCDD Taşımacılık"},"geometry":{"type":"Point","coordinates":[35.29055,38.736]}},{"type":"Feature","properties":{"id":"n13270950264","mode":"tren","name":"Örenşehir","operator":"TCDD Taşımacılık"},"geometry":{"type":"Point","coordinates":[35.24866,38.69612]}},{"type":"Feature","properties":{"id":"n13270950265","mode":"tren","name":"Bahçesaray","operator":"TCDD Taşımacılık"},"geometry":{"type":"Point","coordinates":[35.20186,38.63707]}},{"type":"Feature","properties":{"id":"n13270950266","mode":"tren","name":"İncesu OSB","operator":"TCDD Taşımacılık"},"geometry":{"type":"Point","coordinates":[35.18845,38.56455]}},{"type":"Feature","properties":{"id":"n13270950267","mode":"tren","name":"Terminal","operator":"TCDD Taşımacılık"},"geometry":{"type":"Point","coordinates":[35.40467,38.751]}},{"type":"Feature","properties":{"id":"n13270950268","mode":"tren","name":"Ziya Gökalp (Yeni Sanayi)","operator":"TCDD Taşımacılık"},"geometry":{"type":"Point","coordinates":[35.43378,38.7394]}},{"type":"Feature","properties":{"id":"n13275189754","mode":"metro","name":"Semt Garajı","operator":""},"geometry":{"type":"Point","coordinates":[27.13707,38.35454]}},{"type":"Feature","properties":{"id":"n13275224599","mode":"metro","name":"Çamlıpınar","operator":""},"geometry":{"type":"Point","coordinates":[27.15736,38.36637]}},{"type":"Feature","properties":{"id":"n13285012546","mode":"tren","name":"Eryatağı","operator":"TCDD Taşımacılık"},"geometry":{"type":"Point","coordinates":[35.7949,40.60731]}},{"type":"Feature","properties":{"id":"n13285269717","mode":"tren","name":"Suluova","operator":"TCDD Taşımacılık"},"geometry":{"type":"Point","coordinates":[35.65851,40.815]}},{"type":"Feature","properties":{"id":"n13297057668","mode":"tren","name":"Hanlı","operator":"TCDD Taşımacılık"},"geometry":{"type":"Point","coordinates":[36.63054,39.4556]}},{"type":"Feature","properties":{"id":"n13297068806","mode":"tren","name":"Karalıköy","operator":"TCDD Taşımacılık"},"geometry":{"type":"Point","coordinates":[36.6437,39.67523]}},{"type":"Feature","properties":{"id":"n13316501828","mode":"tren","name":"Demirciköy","operator":"TCDD Taşımacılık"},"geometry":{"type":"Point","coordinates":[36.26426,41.23214]}},{"type":"Feature","properties":{"id":"n13338125400","mode":"tren","name":"Gömeç","operator":"TCDD Taşımacılık"},"geometry":{"type":"Point","coordinates":[35.64716,38.83553]}},{"type":"Feature","properties":{"id":"n13345351413","mode":"tren","name":"Başköy","operator":"TCDD Taşımacılık"},"geometry":{"type":"Point","coordinates":[35.15044,38.48453]}},{"type":"Feature","properties":{"id":"n13347970342","mode":"tren","name":"Km 110+920","operator":"TCDD Taşımacılık"},"geometry":{"type":"Point","coordinates":[35.03984,38.29359]}},{"type":"Feature","properties":{"id":"n13347970371","mode":"tren","name":"Araplı","operator":"TCDD Taşımacılık"},"geometry":{"type":"Point","coordinates":[35.04719,38.24028]}},{"type":"Feature","properties":{"id":"n13348039398","mode":"tren","name":"Ovacık","operator":"TCDD Taşımacılık"},"geometry":{"type":"Point","coordinates":[34.76695,38.05571]}},{"type":"Feature","properties":{"id":"n13351322432","mode":"tren","name":"Bereket","operator":"TCDD Taşımacılık"},"geometry":{"type":"Point","coordinates":[34.52921,37.75707]}},{"type":"Feature","properties":{"id":"n13353304195","mode":"tren","name":"Paşalı","operator":"TCDD Taşımacılık"},"geometry":{"type":"Point","coordinates":[35.03662,39.06199]}},{"type":"Feature","properties":{"id":"n13353340109","mode":"tren","name":"Fehimli","operator":"TCDD Taşımacılık"},"geometry":{"type":"Point","coordinates":[35.02131,39.13209]}},{"type":"Feature","properties":{"id":"n13360210320","mode":"tren","name":"Yenişehir HYT","operator":""},"geometry":{"type":"Point","coordinates":[29.54962,40.26267]}},{"type":"Feature","properties":{"id":"n13361758030","mode":"tren","name":"Goncalı Müselles","operator":"TCDD Taşımacılık"},"geometry":{"type":"Point","coordinates":[29.11914,37.84259]}},{"type":"Feature","properties":{"id":"n13361763989","mode":"tren","name":"Göltaş","operator":"TCDD Taşımacılık"},"geometry":{"type":"Point","coordinates":[30.49456,37.89948]}},{"type":"Feature","properties":{"id":"n13361855300","mode":"tren","name":"Aliköy","operator":"TCDD Taşımacılık"},"geometry":{"type":"Point","coordinates":[29.67364,39.48695]}},{"type":"Feature","properties":{"id":"n13361875601","mode":"tren","name":"Güzelyurt","operator":"TCDD Taşımacılık"},"geometry":{"type":"Point","coordinates":[29.65197,39.48435]}},{"type":"Feature","properties":{"id":"n13362326355","mode":"tren","name":"Konaklar","operator":"TCDD Taşımacılık"},"geometry":{"type":"Point","coordinates":[28.71105,38.35703]}},{"type":"Feature","properties":{"id":"n13362534707","mode":"tren","name":"Pelitözü","operator":"TCDD Taşımacılık"},"geometry":{"type":"Point","coordinates":[30.01436,40.19449]}},{"type":"Feature","properties":{"id":"n13365924590","mode":"tren","name":"Enveriye","operator":"TCDD Taşımacılık"},"geometry":{"type":"Point","coordinates":[30.48482,39.77352]}},{"type":"Feature","properties":{"id":"n13369738280","mode":"tren","name":"İzzettin","operator":"TCDD Taşımacılık"},"geometry":{"type":"Point","coordinates":[33.83875,39.91036]}},{"type":"Feature","properties":{"id":"n13370346104","mode":"tren","name":"Tatbekirli","operator":"TCDD Taşımacılık"},"geometry":{"type":"Point","coordinates":[34.40178,39.68621]}},{"type":"Feature","properties":{"id":"n13371788246","mode":"tren","name":"Sazılar","operator":"TCDD Taşımacılık"},"geometry":{"type":"Point","coordinates":[31.88828,39.66594]}},{"type":"Feature","properties":{"id":"n13371825857","mode":"tren","name":"Nenek","operator":"TCDD Taşımacılık"},"geometry":{"type":"Point","coordinates":[33.0305,39.94243]}},{"type":"Feature","properties":{"id":"n13371861687","mode":"tren","name":"Kurbağalı","operator":"TCDD Taşımacılık"},"geometry":{"type":"Point","coordinates":[33.29522,39.94191]}},{"type":"Feature","properties":{"id":"n13371885220","mode":"tren","name":"Yağlı","operator":"TCDD Taşımacılık"},"geometry":{"type":"Point","coordinates":[33.89224,39.90415]}},{"type":"Feature","properties":{"id":"n13371950404","mode":"tren","name":"Keykubat","operator":"TCDD Taşımacılık"},"geometry":{"type":"Point","coordinates":[35.39574,38.75491]}},{"type":"Feature","properties":{"id":"n13372021672","mode":"tren","name":"Hanköy","operator":"TCDD Taşımacılık"},"geometry":{"type":"Point","coordinates":[32.6227,41.00418]}},{"type":"Feature","properties":{"id":"n13372031491","mode":"tren","name":"Arındık","operator":""},"geometry":{"type":"Point","coordinates":[40.18825,38.7339]}},{"type":"Feature","properties":{"id":"n13372393312","mode":"tren","name":"Ömerköy","operator":"TCDD Taşımacılık"},"geometry":{"type":"Point","coordinates":[28.07496,39.84184]}},{"type":"Feature","properties":{"id":"n13372514394","mode":"tren","name":"Süleymanlı","operator":"TCDD Taşımacılık"},"geometry":{"type":"Point","coordinates":[27.77993,38.96296]}},{"type":"Feature","properties":{"id":"n13373760390","mode":"tren","name":"Torbalı","operator":"TCDD Taşımacılık"},"geometry":{"type":"Point","coordinates":[27.34734,38.17012]}},{"type":"Feature","properties":{"id":"n13376850652","mode":"tren","name":"Mandıra","operator":"TCDD Taşımacılık"},"geometry":{"type":"Point","coordinates":[27.07977,41.35848]}},{"type":"Feature","properties":{"id":"n13378050813","mode":"tren","name":"Sirkeliköy","operator":"TCDD Taşımacılık"},"geometry":{"type":"Point","coordinates":[35.74308,37.00168]}},{"type":"Feature","properties":{"id":"n13378087230","mode":"tren","name":"İncirlik","operator":"TCDD Taşımacılık"},"geometry":{"type":"Point","coordinates":[35.43516,36.98389]}},{"type":"Feature","properties":{"id":"n13378256121","mode":"tren","name":"Sarmaşık","operator":"TCDD Taşımacılık"},"geometry":{"type":"Point","coordinates":[30.07905,40.3084]}},{"type":"Feature","properties":{"id":"n13381634256","mode":"tren","name":"Mamure","operator":"TCDD Taşımacılık"},"geometry":{"type":"Point","coordinates":[36.31797,37.13697]}},{"type":"Feature","properties":{"id":"n13381649733","mode":"tren","name":"Ayran","operator":"TCDD Taşımacılık"},"geometry":{"type":"Point","coordinates":[36.61948,37.1834]}},{"type":"Feature","properties":{"id":"n13381681917","mode":"tren","name":"İslahiye","operator":"TCDD Taşımacılık"},"geometry":{"type":"Point","coordinates":[36.63666,37.03068]}},{"type":"Feature","properties":{"id":"n13381689125","mode":"tren","name":"Nurdağ","operator":"TCDD Taşımacılık"},"geometry":{"type":"Point","coordinates":[36.74999,37.17553]}},{"type":"Feature","properties":{"id":"n13381705350","mode":"tren","name":"Hodan","operator":"TCDD"},"geometry":{"type":"Point","coordinates":[40.38509,38.7169]}},{"type":"Feature","properties":{"id":"n13381705406","mode":"tren","name":"Beyoğlu","operator":"TCDD Taşımacılık"},"geometry":{"type":"Point","coordinates":[36.79177,37.28867]}},{"type":"Feature","properties":{"id":"n13381770534","mode":"tren","name":"Akçagöze","operator":"TCDD Taşımacılık"},"geometry":{"type":"Point","coordinates":[37.28602,37.26684]}},{"type":"Feature","properties":{"id":"n13382347659","mode":"tren","name":"Doğukapı","operator":"TCDD Taşımacılık"},"geometry":{"type":"Point","coordinates":[43.73367,40.72957]}},{"type":"Feature","properties":{"id":"n13385821717","mode":"tren","name":"Yamanlar","operator":"TCDD"},"geometry":{"type":"Point","coordinates":[41.13109,38.75572]}},{"type":"Feature","properties":{"id":"n13385844816","mode":"tren","name":"Yeniköşk","operator":""},"geometry":{"type":"Point","coordinates":[41.21564,38.8216]}},{"type":"Feature","properties":{"id":"n13385848989","mode":"tren","name":"Ulukaya","operator":""},"geometry":{"type":"Point","coordinates":[41.18507,38.78818]}},{"type":"Feature","properties":{"id":"n13386119588","mode":"tren","name":"Tatvan Iskele","operator":"TCDD Taşımacılık"},"geometry":{"type":"Point","coordinates":[42.29704,38.51438]}},{"type":"Feature","properties":{"id":"n13390705917","mode":"tren","name":"Sülün","operator":"TCDD Taşımacılık"},"geometry":{"type":"Point","coordinates":[30.62773,38.71176]}},{"type":"Feature","properties":{"id":"n13390864021","mode":"tren","name":"Tunçbilek","operator":"TCDD Taşımacılık"},"geometry":{"type":"Point","coordinates":[29.47249,39.63513]}},{"type":"Feature","properties":{"id":"n13391047355","mode":"tren","name":"Seyitömer","operator":"TCDD Taşımacılık"},"geometry":{"type":"Point","coordinates":[29.87309,39.57845]}},{"type":"Feature","properties":{"id":"n13397207694","mode":"tren","name":"Germece","operator":"TCDD Taşımacılık"},"geometry":{"type":"Point","coordinates":[33.70058,40.43811]}},{"type":"Feature","properties":{"id":"n13397730241","mode":"tren","name":"Kurşunlu","operator":"TCDD Taşımacılık"},"geometry":{"type":"Point","coordinates":[33.25011,40.846]}},{"type":"Feature","properties":{"id":"n13397771361","mode":"tren","name":"Havalimanı","operator":"TCDD"},"geometry":{"type":"Point","coordinates":[32.09037,41.502]}},{"type":"Feature","properties":{"id":"n13397853850","mode":"tren","name":"Borsa","operator":"TCDD Taşımacılık"},"geometry":{"type":"Point","coordinates":[35.63901,40.83694]}},{"type":"Feature","properties":{"id":"n13397853851","mode":"tren","name":"Ayaz","operator":"TCDD"},"geometry":{"type":"Point","coordinates":[35.64025,40.82574]}},{"type":"Feature","properties":{"id":"n13409598545","mode":"tren","name":"Denizciler","operator":"TCDD Taşımacılık"},"geometry":{"type":"Point","coordinates":[36.21299,36.64751]}},{"type":"Feature","properties":{"id":"n13414188676","mode":"tren","name":"Beyce","operator":"TCDD Taşımacılık"},"geometry":{"type":"Point","coordinates":[27.60767,39.28949]}},{"type":"Feature","properties":{"id":"n13437313623","mode":"tren","name":"Balıkısık","operator":"TCDD Taşımacılık"},"geometry":{"type":"Point","coordinates":[32.39118,41.19857]}},{"type":"Feature","properties":{"id":"n13480008012","mode":"tren","name":"Zonguldak","operator":"TCDD Taşımacılık"},"geometry":{"type":"Point","coordinates":[31.79416,41.44697]}},{"type":"Feature","properties":{"id":"n13495836091","mode":"tren","name":"Çardak","operator":""},"geometry":{"type":"Point","coordinates":[33.12598,40.81212]}},{"type":"Feature","properties":{"id":"n13495967625","mode":"tren","name":"Pirinçlik","operator":"TCDD Taşımacılık"},"geometry":{"type":"Point","coordinates":[32.54084,41.15434]}},{"type":"Feature","properties":{"id":"n13496014159","mode":"tren","name":"Balastocağı","operator":"TCDD Taşımacılık"},"geometry":{"type":"Point","coordinates":[32.16473,41.27382]}},{"type":"Feature","properties":{"id":"n13504212376","mode":"tren","name":"Yalınlı","operator":"TCDD Taşımacılık"},"geometry":{"type":"Point","coordinates":[31.34029,39.69529]}},{"type":"Feature","properties":{"id":"n13522088113","mode":"tren","name":"Doğançay","operator":"TCDD Taşımacılık"},"geometry":{"type":"Point","coordinates":[30.33231,40.62474]}},{"type":"Feature","properties":{"id":"n13526005984","mode":"tren","name":"Mithatpaşa","operator":""},"geometry":{"type":"Point","coordinates":[30.38008,40.7589]}},{"type":"Feature","properties":{"id":"n13528379825","mode":"tren","name":"Aziz Duran Parkı","operator":"TCDD Taşımacılık"},"geometry":{"type":"Point","coordinates":[30.39107,40.77103]}},{"type":"Feature","properties":{"id":"n13528379826","mode":"tren","name":"32 Evler","operator":""},"geometry":{"type":"Point","coordinates":[30.37653,40.7502]}},{"type":"Feature","properties":{"id":"n13528379827","mode":"tren","name":"Terminal","operator":"TCDD Taşımacılık"},"geometry":{"type":"Point","coordinates":[30.37624,40.72966]}},{"type":"Feature","properties":{"id":"n13528379828","mode":"tren","name":"Bahçelievler","operator":"TCDD Taşımacılık"},"geometry":{"type":"Point","coordinates":[30.36745,40.71782]}},{"type":"Feature","properties":{"id":"n13528524996","mode":"tren","name":"Tekirdağ","operator":"TCDD Taşımacılık"},"geometry":{"type":"Point","coordinates":[27.48463,40.95842]}},{"type":"Feature","properties":{"id":"n13528589871","mode":"tren","name":"Pehlivanköy","operator":"TCDD Taşımacılık"},"geometry":{"type":"Point","coordinates":[26.91834,41.34603]}},{"type":"Feature","properties":{"id":"n13537163197","mode":"tren","name":"Alvar","operator":""},"geometry":{"type":"Point","coordinates":[41.57817,39.96263]}},{"type":"Feature","properties":{"id":"n13542860427","mode":"tren","name":"Dumanlı","operator":""},"geometry":{"type":"Point","coordinates":[39.37706,39.6677]}},{"type":"Feature","properties":{"id":"n13542939764","mode":"tren","name":"Eski Karasar","operator":""},"geometry":{"type":"Point","coordinates":[37.2267,39.42346]}},{"type":"Feature","properties":{"id":"n13543252649","mode":"tren","name":"Burmahan","operator":""},"geometry":{"type":"Point","coordinates":[38.31247,39.36426]}},{"type":"Feature","properties":{"id":"n13543265469","mode":"tren","name":"Gökbayır","operator":""},"geometry":{"type":"Point","coordinates":[39.7529,39.64629]}},{"type":"Feature","properties":{"id":"n13546062005","mode":"tren","name":"Ziyaret","operator":""},"geometry":{"type":"Point","coordinates":[40.27202,37.84223]}},{"type":"Feature","properties":{"id":"n13569965680","mode":"tren","name":"Tavşancıl","operator":""},"geometry":{"type":"Point","coordinates":[29.56995,40.76803]}},{"type":"Feature","properties":{"id":"n13596670707","mode":"tren","name":"Demirköprü","operator":"TCDD Taşımacılık"},"geometry":{"type":"Point","coordinates":[26.64789,41.35676]}},{"type":"Feature","properties":{"id":"n13610523434","mode":"tren","name":"Kemerhisar","operator":"TCDD Taşımacılık"},"geometry":{"type":"Point","coordinates":[34.54951,37.81907]}},{"type":"Feature","properties":{"id":"n13610566241","mode":"tren","name":"Haydarpaşa","operator":"TCDD Taşımacılık"},"geometry":{"type":"Point","coordinates":[29.01926,40.99655]}},{"type":"Feature","properties":{"id":"n13640707959","mode":"funikuler","name":"Hastane Yeşildere","operator":""},"geometry":{"type":"Point","coordinates":[32.06908,41.42623]}},{"type":"Feature","properties":{"id":"n13640707960","mode":"funikuler","name":"Topbaşı","operator":""},"geometry":{"type":"Point","coordinates":[32.06906,41.42542]}},{"type":"Feature","properties":{"id":"n13688702822","mode":"tren","name":"Yedi Eylül","operator":"TCDD Taşımacılık"},"geometry":{"type":"Point","coordinates":[27.37022,38.16694]}},{"type":"Feature","properties":{"id":"n13702365049","mode":"tren","name":"Tekstil Park","operator":"TCDD Taşımacılık"},"geometry":{"type":"Point","coordinates":[27.85751,37.84655]}},{"type":"Feature","properties":{"id":"n13702365050","mode":"tren","name":"ASTİM OSB","operator":"TCDD Taşımacılık"},"geometry":{"type":"Point","coordinates":[27.88704,37.84452]}},{"type":"Feature","properties":{"id":"n13702365051","mode":"tren","name":"Aydın OSB","operator":"TCDD Taşımacılık"},"geometry":{"type":"Point","coordinates":[27.98502,37.85584]}},{"type":"Feature","properties":{"id":"n13702365063","mode":"tren","name":"Şehir Hastanesi","operator":"TCDD Taşımacılık"},"geometry":{"type":"Point","coordinates":[27.7872,37.84894]}},{"type":"Feature","properties":{"id":"n13716629810","mode":"tren","name":"Bayırköy","operator":"TCDD Taşımacılık"},"geometry":{"type":"Point","coordinates":[30.02079,40.28014]}},{"type":"Feature","properties":{"id":"n13742825328","mode":"tren","name":"Gümüşdağ","operator":"TCDD Taşımacılık"},"geometry":{"type":"Point","coordinates":[27.43654,37.76472]}},{"type":"Feature","properties":{"id":"n13817609844","mode":"metro","name":"Konak","operator":"M3 Konak - Menderes Metrosu"},"geometry":{"type":"Point","coordinates":[27.12771,38.41715]}},{"type":"Feature","properties":{"id":"n13817977435","mode":"tren","name":"Sincan OSB","operator":"TCDD Taşımacılık"},"geometry":{"type":"Point","coordinates":[32.55026,39.9762]}},{"type":"Feature","properties":{"id":"n13817977436","mode":"tren","name":"Yenikent Merkez","operator":"TCDD Taşımacılık"},"geometry":{"type":"Point","coordinates":[32.52691,40.00305]}},{"type":"Feature","properties":{"id":"n13817977445","mode":"tren","name":"Yenikent Sanayi","operator":"TCDD Taşımacılık"},"geometry":{"type":"Point","coordinates":[32.51609,40.02101]}},{"type":"Feature","properties":{"id":"n13849395293","mode":"tren","name":"Yarımca","operator":"TCDD Taşımacılık"},"geometry":{"type":"Point","coordinates":[29.72953,40.77249]}},{"type":"Feature","properties":{"id":"n13968760025","mode":"tren","name":"Dağkadı HYT","operator":"TCDD Taşımacılık"},"geometry":{"type":"Point","coordinates":[28.21009,40.24172]}},{"type":"Feature","properties":{"id":"n13968760026","mode":"tren","name":"Karacabey","operator":"TCDD Taşımacılık"},"geometry":{"type":"Point","coordinates":[28.36534,40.24574]}},{"type":"Feature","properties":{"id":"n13968760027","mode":"tren","name":"Teknosab","operator":"TCDD Taşımacılık"},"geometry":{"type":"Point","coordinates":[28.59845,40.26526]}},{"type":"Feature","properties":{"id":"n13993746863","mode":"tren","name":"İlören","operator":"TCDD Taşımacılık"},"geometry":{"type":"Point","coordinates":[31.782,39.68682]}},{"type":"Feature","properties":{"id":"n14005979335","mode":"tren","name":"Ayrılık Çeşmesi","operator":"TCDD Taşımacılık"},"geometry":{"type":"Point","coordinates":[29.0301,41.00015]}},{"type":"Feature","properties":{"id":"n14021962816","mode":"tren","name":"Böceli","operator":"TCDD Taşımacılık"},"geometry":{"type":"Point","coordinates":[29.19678,37.80029]}},{"type":"Feature","properties":{"id":"n14030794274","mode":"tren","name":"Killik","operator":"TCDD Taşımacılık"},"geometry":{"type":"Point","coordinates":[28.61461,38.36115]}},{"type":"Feature","properties":{"id":"n14031006276","mode":"tren","name":"Gecek","operator":"TCDD Taşımacılık"},"geometry":{"type":"Point","coordinates":[30.42633,38.85092]}},{"type":"Feature","properties":{"id":"n14039684448","mode":"tren","name":"Arıkbaşı","operator":"TCDD Taşımacılık"},"geometry":{"type":"Point","coordinates":[27.49634,38.17788]}},{"type":"Feature","properties":{"id":"n14041457862","mode":"tren","name":"Gençeli Durağı","operator":"TR-railway"},"geometry":{"type":"Point","coordinates":[28.6748,37.93621]}},{"type":"Feature","properties":{"id":"n14076964064","mode":"tren","name":"Kayı","operator":"TCDD Taşımacılık"},"geometry":{"type":"Point","coordinates":[29.5553,39.50555]}},{"type":"Feature","properties":{"id":"n14116243562","mode":"tren","name":"Kiremithane","operator":""},"geometry":{"type":"Point","coordinates":[35.3628,37.00071]}},{"type":"Feature","properties":{"id":"n14125754245","mode":"metro","name":"Gaziemir Eski Kaymakamlık","operator":"M3 Konak-Menderes Metrosu"},"geometry":{"type":"Point","coordinates":[27.13088,38.33008]}},{"type":"Feature","properties":{"id":"n14125754246","mode":"metro","name":"Abdullah Arda","operator":""},"geometry":{"type":"Point","coordinates":[27.12656,38.32119]}},{"type":"Feature","properties":{"id":"n14125754247","mode":"metro","name":"Gaziemir Güvenpark","operator":""},"geometry":{"type":"Point","coordinates":[27.14105,38.30809]}},{"type":"Feature","properties":{"id":"n14125754248","mode":"metro","name":"Havalimanı","operator":""},"geometry":{"type":"Point","coordinates":[27.14534,38.29171]}},{"type":"Feature","properties":{"id":"n14125754249","mode":"metro","name":"Menderes Sanayi","operator":""},"geometry":{"type":"Point","coordinates":[27.13834,38.28379]}},{"type":"Feature","properties":{"id":"n14125754250","mode":"metro","name":"Görece","operator":""},"geometry":{"type":"Point","coordinates":[27.13359,38.27331]}},{"type":"Feature","properties":{"id":"n14125754251","mode":"metro","name":"Menderes","operator":""},"geometry":{"type":"Point","coordinates":[27.13291,38.25843]}},{"type":"Feature","properties":{"id":"n14125782167","mode":"metro","name":"ESBAŞ","operator":""},"geometry":{"type":"Point","coordinates":[27.13357,38.3367]}},{"type":"Feature","properties":{"id":"n14125782168","mode":"metro","name":"Fuar İzmir","operator":""},"geometry":{"type":"Point","coordinates":[27.12206,38.34747]}},{"type":"Feature","properties":{"id":"n14125782169","mode":"metro","name":"Altan Aydın","operator":""},"geometry":{"type":"Point","coordinates":[27.12832,38.35684]}},{"type":"Feature","properties":{"id":"n14125782170","mode":"metro","name":"Atatürk Mesleki Teknik Ve Anadolu Lisesi","operator":""},"geometry":{"type":"Point","coordinates":[27.1297,38.36911]}},{"type":"Feature","properties":{"id":"n14125782171","mode":"metro","name":"Seniha Mayda","operator":""},"geometry":{"type":"Point","coordinates":[27.12042,38.38284]}},{"type":"Feature","properties":{"id":"n14125782172","mode":"metro","name":"Eskiizmir","operator":""},"geometry":{"type":"Point","coordinates":[27.12052,38.38945]}},{"type":"Feature","properties":{"id":"n14125782173","mode":"metro","name":"Çalıkuşu","operator":""},"geometry":{"type":"Point","coordinates":[27.12651,38.39222]}},{"type":"Feature","properties":{"id":"n14125782175","mode":"metro","name":"Konak","operator":"İzmir Metro"},"geometry":{"type":"Point","coordinates":[27.12848,38.41717]}},{"type":"Feature","properties":{"id":"n14130569153","mode":"tren","name":"Çığlık","operator":"TCDD Taşımacılık"},"geometry":{"type":"Point","coordinates":[37.9134,38.12774]}},{"type":"Feature","properties":{"id":"n14130569356","mode":"tren","name":"Aksu","operator":"TCDD Taşımacılık"},"geometry":{"type":"Point","coordinates":[37.35902,37.54047]}},{"type":"Feature","properties":{"id":"n14138021073","mode":"tren","name":"Merkez Otogar","operator":"TCDD Taşımacılık"},"geometry":{"type":"Point","coordinates":[35.26429,36.99831]}},{"type":"Feature","properties":{"id":"n14138021077","mode":"tren","name":"Küçükdikili","operator":"TCDD Taşımacılık"},"geometry":{"type":"Point","coordinates":[35.20147,36.9952]}},{"type":"Feature","properties":{"id":"n14138021080","mode":"tren","name":"Zeytinli","operator":"TCDD Taşımacılık"},"geometry":{"type":"Point","coordinates":[35.14226,36.98927]}},{"type":"Feature","properties":{"id":"n14138021081","mode":"tren","name":"Çukurova Havalimanı","operator":"TCDD Taşımacılık"},"geometry":{"type":"Point","coordinates":[35.06784,36.90386]}},{"type":"Feature","properties":{"id":"n14144395166","mode":"tren","name":"Konutbirlik","operator":"TCDD"},"geometry":{"type":"Point","coordinates":[28.76121,41.03823]}},{"type":"Feature","properties":{"id":"n14144397018","mode":"tren","name":"Altınşehir","operator":"TCDD"},"geometry":{"type":"Point","coordinates":[28.74867,41.05583]}},{"type":"Feature","properties":{"id":"n14144624510","mode":"tren","name":"Tekirdağ İskele","operator":"TCDD Taşımacılık"},"geometry":{"type":"Point","coordinates":[27.50353,40.96204]}},{"type":"Feature","properties":{"id":"n14148656500","mode":"tren","name":"Paşapınar","operator":"TR-railway"},"geometry":{"type":"Point","coordinates":[35.64438,40.91601]}},{"type":"Feature","properties":{"id":"n14148704249","mode":"tren","name":"Yıldıztepe","operator":"TCDD Taşımacılık"},"geometry":{"type":"Point","coordinates":[35.92117,40.18665]}},{"type":"Feature","properties":{"id":"n14159621883","mode":"tren","name":"Delice","operator":"TCDD Taşımacılık"},"geometry":{"type":"Point","coordinates":[34.03177,39.93249]}},{"type":"Feature","properties":{"id":"n14159710968","mode":"tren","name":"Çorum","operator":"TCDD Taşımacılık"},"geometry":{"type":"Point","coordinates":[34.90353,40.51686]}},{"type":"Feature","properties":{"id":"n14162410525","mode":"tren","name":"Kazanpınar","operator":"Türkiye Cumhuriyeti Devlet Demiryolları"},"geometry":{"type":"Point","coordinates":[30.19637,38.19332]}},{"type":"Feature","properties":{"id":"n14169788812","mode":"tren","name":"Tire Toki","operator":"TCDD Taşımacılık"},"geometry":{"type":"Point","coordinates":[27.71594,38.12676]}},{"type":"Feature","properties":{"id":"n14169788813","mode":"tren","name":"Fen Lisesi Durağı","operator":"TCDD Taşımacılık"},"geometry":{"type":"Point","coordinates":[27.70987,38.09796]}},{"type":"Feature","properties":{"id":"n14169823016","mode":"tren","name":"Beytiköy","operator":"TCDD Taşımacılık"},"geometry":{"type":"Point","coordinates":[27.91769,38.2074]}},{"type":"Feature","properties":{"id":"n14169823017","mode":"tren","name":"İlkkurşun","operator":"TCDD Taşımacılık"},"geometry":{"type":"Point","coordinates":[27.86593,38.17367]}},{"type":"Feature","properties":{"id":"n14169823018","mode":"tren","name":"Doyranlı","operator":"TCDD Taşımacılık"},"geometry":{"type":"Point","coordinates":[27.82323,38.16969]}},{"type":"Feature","properties":{"id":"n14169823019","mode":"tren","name":"Derebaşı","operator":"TCDD"},"geometry":{"type":"Point","coordinates":[27.78455,38.15566]}},{"type":"Feature","properties":{"id":"n14169823020","mode":"tren","name":"Yakaköy","operator":"TCDD Taşımacılık"},"geometry":{"type":"Point","coordinates":[27.6963,38.19857]}},{"type":"Feature","properties":{"id":"n14169823021","mode":"tren","name":"Bayındır MYO","operator":"TCDD Taşımacılık"},"geometry":{"type":"Point","coordinates":[27.67296,38.20312]}},{"type":"Feature","properties":{"id":"n14169823022","mode":"tren","name":"Furunlu","operator":"TCDD Taşımacılık"},"geometry":{"type":"Point","coordinates":[27.60478,38.19551]}},{"type":"Feature","properties":{"id":"n14169823023","mode":"tren","name":"Elifli","operator":"TCDD Taşımacılık"},"geometry":{"type":"Point","coordinates":[27.58308,38.19171]}},{"type":"Feature","properties":{"id":"n14169823024","mode":"tren","name":"Karpuzlu","operator":"TCDD Taşımacılık"},"geometry":{"type":"Point","coordinates":[27.5566,38.18366]}},{"type":"Feature","properties":{"id":"n14169823027","mode":"tren","name":"Taşkesik","operator":"TCDD Taşımacılık"},"geometry":{"type":"Point","coordinates":[27.44515,38.171]}},{"type":"Feature","properties":{"id":"n14169823028","mode":"tren","name":"Gürgür","operator":"TCDD Taşımacılık"},"geometry":{"type":"Point","coordinates":[27.41769,38.17079]}},{"type":"Feature","properties":{"id":"n14170142926","mode":"tren","name":"Çobanisa","operator":"TR-railway"},"geometry":{"type":"Point","coordinates":[27.57427,38.57049]}},{"type":"Feature","properties":{"id":"n251899089","mode":"tramvay","name":"Aksaray","operator":""},"geometry":{"type":"Point","coordinates":[28.95388,41.00961]}},{"type":"Feature","properties":{"id":"n251899092","mode":"tramvay","name":"Laleli-Üniversite","operator":""},"geometry":{"type":"Point","coordinates":[28.95971,41.00961]}},{"type":"Feature","properties":{"id":"n276948489","mode":"tramvay","name":"Tophane","operator":""},"geometry":{"type":"Point","coordinates":[28.98033,41.02676]}},{"type":"Feature","properties":{"id":"n311774727","mode":"tramvay","name":"Belediye","operator":""},"geometry":{"type":"Point","coordinates":[30.70834,36.88082]}},{"type":"Feature","properties":{"id":"n356113429","mode":"tramvay","name":"Düvenönü","operator":"Kayseri Büyükşehir Belediyesi"},"geometry":{"type":"Point","coordinates":[35.48102,38.72081]}},{"type":"Feature","properties":{"id":"n356113436","mode":"tramvay","name":"Aydınlıkevler","operator":"Kayseri Büyükşehir Belediyesi"},"geometry":{"type":"Point","coordinates":[35.46607,38.72453]}},{"type":"Feature","properties":{"id":"n356113449","mode":"tramvay","name":"Osman Kavuncu","operator":"Kayseri Büyükşehir Belediyesi"},"geometry":{"type":"Point","coordinates":[35.4531,38.72725]}},{"type":"Feature","properties":{"id":"n489612295","mode":"tramvay","name":"Cumhuriyet Meydanı","operator":"Kayseri Büyükşehir Belediyesi"},"geometry":{"type":"Point","coordinates":[35.48729,38.72194]}},{"type":"Feature","properties":{"id":"n537801381","mode":"tramvay","name":"Çemberlitaş","operator":""},"geometry":{"type":"Point","coordinates":[28.97115,41.00847]}},{"type":"Feature","properties":{"id":"n537801624","mode":"tramvay","name":"Haseki","operator":""},"geometry":{"type":"Point","coordinates":[28.94311,41.01104]}},{"type":"Feature","properties":{"id":"n974667908","mode":"tramvay","name":"Topkapı","operator":""},"geometry":{"type":"Point","coordinates":[28.91945,41.01929]}},{"type":"Feature","properties":{"id":"n974667949","mode":"tramvay","name":"Cevizlibağ-A.Ö.Y.","operator":""},"geometry":{"type":"Point","coordinates":[28.91159,41.01606]}},{"type":"Feature","properties":{"id":"n975063493","mode":"tramvay","name":"Pazartekke","operator":""},"geometry":{"type":"Point","coordinates":[28.92719,41.01824]}},{"type":"Feature","properties":{"id":"n1024706628","mode":"tramvay","name":"Merter Tekstil Merkezi","operator":""},"geometry":{"type":"Point","coordinates":[28.8807,41.01156]}},{"type":"Feature","properties":{"id":"n1024706638","mode":"tramvay","name":"Güngören","operator":""},"geometry":{"type":"Point","coordinates":[28.87744,41.01524]}},{"type":"Feature","properties":{"id":"n1026207150","mode":"tramvay","name":"Mescid-i Selam","operator":""},"geometry":{"type":"Point","coordinates":[28.85118,41.11629]}},{"type":"Feature","properties":{"id":"n1026207436","mode":"tramvay","name":"Demirkapı","operator":""},"geometry":{"type":"Point","coordinates":[28.92342,41.03699]}},{"type":"Feature","properties":{"id":"n1026207455","mode":"tramvay","name":"Şehitlik","operator":""},"geometry":{"type":"Point","coordinates":[28.92833,41.03418]}},{"type":"Feature","properties":{"id":"n1026207486","mode":"tramvay","name":"Edirnekapı","operator":""},"geometry":{"type":"Point","coordinates":[28.93408,41.03133]}},{"type":"Feature","properties":{"id":"n1164366991","mode":"tramvay","name":"Çapa-Şehremini","operator":""},"geometry":{"type":"Point","coordinates":[28.93334,41.01528]}},{"type":"Feature","properties":{"id":"n1350300983","mode":"tramvay","name":"Zerdalilik","operator":""},"geometry":{"type":"Point","coordinates":[30.7168,36.87463]}},{"type":"Feature","properties":{"id":"n1350301195","mode":"tramvay","name":"Işıklar-1","operator":""},"geometry":{"type":"Point","coordinates":[30.71297,36.87507]}},{"type":"Feature","properties":{"id":"n1389444636","mode":"tramvay","name":"Denizevleri","operator":""},"geometry":{"type":"Point","coordinates":[36.29569,41.32421]}},{"type":"Feature","properties":{"id":"n1404557937","mode":"tramvay","name":"Kampüs","operator":"Konya Büyükşehir Belediyesi"},"geometry":{"type":"Point","coordinates":[32.51357,38.01851]}},{"type":"Feature","properties":{"id":"n1404558205","mode":"tramvay","name":"Selçuk Üniversitesi Tıp Fakültesi","operator":"Konya Büyükşehir Belediyesi"},"geometry":{"type":"Point","coordinates":[32.51251,38.02245]}},{"type":"Feature","properties":{"id":"n1404558302","mode":"tramvay","name":"Hukuk Fakultesi","operator":"Konya Büyükşehir Belediyesi"},"geometry":{"type":"Point","coordinates":[32.50692,38.02464]}},{"type":"Feature","properties":{"id":"n1404558404","mode":"tramvay","name":"Fen Edebiyat Fakultesi","operator":"Konya Büyükşehir Belediyesi"},"geometry":{"type":"Point","coordinates":[32.50788,38.02668]}},{"type":"Feature","properties":{"id":"n1404558418","mode":"tramvay","name":"Mühendislik Fakültesi","operator":"Konya Büyükşehir Belediyesi"},"geometry":{"type":"Point","coordinates":[32.51139,38.02677]}},{"type":"Feature","properties":{"id":"n1411232883","mode":"tramvay","name":"Selçuk Üniversitesi Tıp Fakültesi","operator":"Konya Büyükşehir Belediyesi"},"geometry":{"type":"Point","coordinates":[32.51207,38.02276]}},{"type":"Feature","properties":{"id":"n1416166239","mode":"tramvay","name":"MTA","operator":"Konya Büyükşehir Belediyesi"},"geometry":{"type":"Point","coordinates":[32.51467,37.96554]}},{"type":"Feature","properties":{"id":"n1652678590","mode":"tramvay","name":"Altıyol","operator":""},"geometry":{"type":"Point","coordinates":[29.02884,40.98938]}},{"type":"Feature","properties":{"id":"n1652678592","mode":"tramvay","name":"Moda Caddesi","operator":""},"geometry":{"type":"Point","coordinates":[29.02438,40.98406]}},{"type":"Feature","properties":{"id":"n1652678631","mode":"tramvay","name":"Kilise","operator":""},"geometry":{"type":"Point","coordinates":[29.02792,40.98598]}},{"type":"Feature","properties":{"id":"n1652678642","mode":"tramvay","name":"Moda İlkokulu","operator":""},"geometry":{"type":"Point","coordinates":[29.0267,40.98409]}},{"type":"Feature","properties":{"id":"n1652678643","mode":"tramvay","name":"Bahariye","operator":""},"geometry":{"type":"Point","coordinates":[29.02855,40.98767]}},{"type":"Feature","properties":{"id":"n1655942267","mode":"tramvay","name":"Selekler","operator":""},"geometry":{"type":"Point","coordinates":[30.69773,36.88561]}},{"type":"Feature","properties":{"id":"n1655942297","mode":"tramvay","name":"Meslek Lisesi","operator":""},"geometry":{"type":"Point","coordinates":[30.69137,36.88499]}},{"type":"Feature","properties":{"id":"n1655942352","mode":"tramvay","name":"Müze","operator":""},"geometry":{"type":"Point","coordinates":[30.68115,36.88463]}},{"type":"Feature","properties":{"id":"n1656005397","mode":"tramvay","name":"Üç Kapılar","operator":""},"geometry":{"type":"Point","coordinates":[30.70892,36.88531]}},{"type":"Feature","properties":{"id":"n1656005401","mode":"tramvay","name":"Cumhuriyet Meydani","operator":""},"geometry":{"type":"Point","coordinates":[30.70264,36.88672]}},{"type":"Feature","properties":{"id":"n1711063740","mode":"tramvay","name":"Barbaros","operator":""},"geometry":{"type":"Point","coordinates":[30.68624,36.88476]}},{"type":"Feature","properties":{"id":"n1740310344","mode":"tramvay","name":"Işıklar-2","operator":""},"geometry":{"type":"Point","coordinates":[30.7104,36.87808]}},{"type":"Feature","properties":{"id":"n1740310345","mode":"tramvay","name":"Kale Kapısı","operator":""},"geometry":{"type":"Point","coordinates":[30.70555,36.88705]}},{"type":"Feature","properties":{"id":"n1740333236","mode":"tramvay","name":"Sigorta","operator":""},"geometry":{"type":"Point","coordinates":[30.69426,36.89902]}},{"type":"Feature","properties":{"id":"n1740333241","mode":"tramvay","name":"Dokuma","operator":""},"geometry":{"type":"Point","coordinates":[30.67759,36.91237]}},{"type":"Feature","properties":{"id":"n1740333338","mode":"tramvay","name":"Ferrokrom","operator":""},"geometry":{"type":"Point","coordinates":[30.65865,36.93308]}},{"type":"Feature","properties":{"id":"n1740333344","mode":"tramvay","name":"Emniyet","operator":""},"geometry":{"type":"Point","coordinates":[30.68704,36.90195]}},{"type":"Feature","properties":{"id":"n1740333412","mode":"tramvay","name":"Kepezaltı","operator":""},"geometry":{"type":"Point","coordinates":[30.65281,36.93813]}},{"type":"Feature","properties":{"id":"n1753785580","mode":"tramvay","name":"Göztepe","operator":""},"geometry":{"type":"Point","coordinates":[30.50317,39.75946]}},{"type":"Feature","properties":{"id":"n1753785665","mode":"tramvay","name":"Atatürk Bulvarı","operator":""},"geometry":{"type":"Point","coordinates":[30.50084,39.76537]}},{"type":"Feature","properties":{"id":"n1753785743","mode":"tramvay","name":"Büyükdere","operator":""},"geometry":{"type":"Point","coordinates":[30.50088,39.75555]}},{"type":"Feature","properties":{"id":"n1753798423","mode":"tramvay","name":"Vişnelik","operator":""},"geometry":{"type":"Point","coordinates":[30.50631,39.76758]}},{"type":"Feature","properties":{"id":"n1753806288","mode":"tramvay","name":"Gökmeydan","operator":""},"geometry":{"type":"Point","coordinates":[30.53478,39.76763]}},{"type":"Feature","properties":{"id":"n1753808321","mode":"tramvay","name":"Otogar","operator":""},"geometry":{"type":"Point","coordinates":[30.55217,39.77538]}},{"type":"Feature","properties":{"id":"n1753808330","mode":"tramvay","name":"Borsa","operator":""},"geometry":{"type":"Point","coordinates":[30.55626,39.76797]}},{"type":"Feature","properties":{"id":"n1753808331","mode":"tramvay","name":"Yunuskent","operator":""},"geometry":{"type":"Point","coordinates":[30.55522,39.76426]}},{"type":"Feature","properties":{"id":"n1753808332","mode":"tramvay","name":"Alanönü","operator":""},"geometry":{"type":"Point","coordinates":[30.53033,39.76669]}},{"type":"Feature","properties":{"id":"n1753808333","mode":"tramvay","name":"Atatürk Lisesi","operator":""},"geometry":{"type":"Point","coordinates":[30.52468,39.76711]}},{"type":"Feature","properties":{"id":"n1754034526","mode":"tramvay","name":"SSK","operator":""},"geometry":{"type":"Point","coordinates":[30.48819,39.78722]}},{"type":"Feature","properties":{"id":"n1754034540","mode":"tramvay","name":"Ulus Anıtı (Gar)","operator":""},"geometry":{"type":"Point","coordinates":[30.51086,39.78112]}},{"type":"Feature","properties":{"id":"n1762122341","mode":"tramvay","name":"Büyükşehir Belediyesi","operator":"Kayseri Büyükşehir Belediyesi"},"geometry":{"type":"Point","coordinates":[35.49822,38.72468]}},{"type":"Feature","properties":{"id":"n1762123325","mode":"tramvay","name":"Fuzuli","operator":"Kayseri Büyükşehir Belediyesi"},"geometry":{"type":"Point","coordinates":[35.50682,38.72711]}},{"type":"Feature","properties":{"id":"n1762123330","mode":"tramvay","name":"Alpaslan","operator":"Kayseri Büyükşehir Belediyesi"},"geometry":{"type":"Point","coordinates":[35.51239,38.72871]}},{"type":"Feature","properties":{"id":"n1762124624","mode":"tramvay","name":"Yıldız Evler","operator":"Kayseri Büyükşehir Belediyesi"},"geometry":{"type":"Point","coordinates":[35.53697,38.73823]}},{"type":"Feature","properties":{"id":"n1762124626","mode":"tramvay","name":"Çifte Kümbet","operator":"Kayseri Büyükşehir Belediyesi"},"geometry":{"type":"Point","coordinates":[35.53046,38.73386]}},{"type":"Feature","properties":{"id":"n1781493806","mode":"tramvay","name":"Eski Sanayi","operator":"Kayseri Büyükşehir Belediyesi"},"geometry":{"type":"Point","coordinates":[35.47192,38.72331]}},{"type":"Feature","properties":{"id":"n1781495928","mode":"tramvay","name":"Esentepe","operator":"Kayseri Büyükşehir Belediyesi"},"geometry":{"type":"Point","coordinates":[35.44125,38.72966]}},{"type":"Feature","properties":{"id":"n1781496078","mode":"tramvay","name":"Yazı Bağları","operator":"Kayseri Büyükşehir Belediyesi"},"geometry":{"type":"Point","coordinates":[35.43632,38.73183]}},{"type":"Feature","properties":{"id":"n1781496081","mode":"tramvay","name":"Köprülü Kavşak","operator":"Kayseri Büyükşehir Belediyesi"},"geometry":{"type":"Point","coordinates":[35.43084,38.73335]}},{"type":"Feature","properties":{"id":"n1781496435","mode":"tramvay","name":"Sakarya","operator":"Kayseri Büyükşehir Belediyesi"},"geometry":{"type":"Point","coordinates":[35.41783,38.73617]}},{"type":"Feature","properties":{"id":"n1781497626","mode":"tramvay","name":"Keykubat","operator":"Kayseri Büyükşehir Belediyesi"},"geometry":{"type":"Point","coordinates":[35.41101,38.73932]}},{"type":"Feature","properties":{"id":"n1781497631","mode":"tramvay","name":"Anafartalar","operator":"Kayseri Büyükşehir Belediyesi"},"geometry":{"type":"Point","coordinates":[35.40368,38.7409]}},{"type":"Feature","properties":{"id":"n1781497889","mode":"tramvay","name":"Selimiye","operator":"Kayseri Büyükşehir Belediyesi"},"geometry":{"type":"Point","coordinates":[35.39982,38.74248]}},{"type":"Feature","properties":{"id":"n1781502345","mode":"tramvay","name":"Tınaztepe","operator":"Kayseri Büyükşehir Belediyesi"},"geometry":{"type":"Point","coordinates":[35.37993,38.73758]}},{"type":"Feature","properties":{"id":"n1781502371","mode":"tramvay","name":"19 Mayıs","operator":"Kayseri Büyükşehir Belediyesi"},"geometry":{"type":"Point","coordinates":[35.38845,38.73937]}},{"type":"Feature","properties":{"id":"n1781502384","mode":"tramvay","name":"Belsin Kürsü","operator":"Kayseri Büyükşehir Belediyesi"},"geometry":{"type":"Point","coordinates":[35.39236,38.74431]}},{"type":"Feature","properties":{"id":"n1781502443","mode":"tramvay","name":"Organize Sanayi","operator":"Kayseri Büyükşehir Belediyesi"},"geometry":{"type":"Point","coordinates":[35.36856,38.73839]}},{"type":"Feature","properties":{"id":"n1781513881","mode":"tramvay","name":"Şehit Furkan Doğan","operator":"Kayseri Büyükşehir Belediyesi"},"geometry":{"type":"Point","coordinates":[35.52827,38.7208]}},{"type":"Feature","properties":{"id":"n1781527567","mode":"tramvay","name":"Hastaneler","operator":"Kayseri Büyükşehir Belediyesi"},"geometry":{"type":"Point","coordinates":[35.52886,38.70384]}},{"type":"Feature","properties":{"id":"n1781527574","mode":"tramvay","name":"Lojmanlar","operator":"Kayseri Büyükşehir Belediyesi"},"geometry":{"type":"Point","coordinates":[35.52719,38.70015]}},{"type":"Feature","properties":{"id":"n1781527601","mode":"tramvay","name":"Erciyes Üniversitesi","operator":"Kayseri Büyükşehir Belediyesi"},"geometry":{"type":"Point","coordinates":[35.53108,38.70798]}},{"type":"Feature","properties":{"id":"n1786728595","mode":"tramvay","name":"T3-Zafer Plaza/Pirinç Han","operator":""},"geometry":{"type":"Point","coordinates":[29.05991,40.18615]}},{"type":"Feature","properties":{"id":"n1786730191","mode":"tramvay","name":"T3-Meydancık","operator":""},"geometry":{"type":"Point","coordinates":[29.07568,40.18417]}},{"type":"Feature","properties":{"id":"n1786730192","mode":"tramvay","name":"T3-Gökdere/Panorama","operator":""},"geometry":{"type":"Point","coordinates":[29.07199,40.18492]}},{"type":"Feature","properties":{"id":"n1786730193","mode":"tramvay","name":"T3-Çancılar","operator":""},"geometry":{"type":"Point","coordinates":[29.06892,40.18531]}},{"type":"Feature","properties":{"id":"n1919245033","mode":"tramvay","name":"Ömürevleri","operator":""},"geometry":{"type":"Point","coordinates":[36.25989,41.33624]}},{"type":"Feature","properties":{"id":"n1919245970","mode":"tramvay","name":"Atakent","operator":""},"geometry":{"type":"Point","coordinates":[36.24547,41.34331]}},{"type":"Feature","properties":{"id":"n1919248456","mode":"tramvay","name":"Kurupelit","operator":""},"geometry":{"type":"Point","coordinates":[36.23474,41.35554]}},{"type":"Feature","properties":{"id":"n2075964063","mode":"tramvay","name":"Gar","operator":""},"geometry":{"type":"Point","coordinates":[37.37998,37.07087]}},{"type":"Feature","properties":{"id":"n2075964079","mode":"tramvay","name":"Masal Parkı","operator":""},"geometry":{"type":"Point","coordinates":[37.35498,37.06483]}},{"type":"Feature","properties":{"id":"n2075964101","mode":"tramvay","name":"Harikalar Diyarı","operator":""},"geometry":{"type":"Point","coordinates":[37.34536,37.06446]}},{"type":"Feature","properties":{"id":"n2076008838","mode":"tramvay","name":"Tıp Fakültesi","operator":""},"geometry":{"type":"Point","coordinates":[37.32196,37.04079]}},{"type":"Feature","properties":{"id":"n2076008903","mode":"tramvay","name":"Kadı Değirmeni","operator":""},"geometry":{"type":"Point","coordinates":[37.3346,37.06178]}},{"type":"Feature","properties":{"id":"n2076008906","mode":"tramvay","name":"Rasaf Yolu","operator":""},"geometry":{"type":"Point","coordinates":[37.33064,37.05625]}},{"type":"Feature","properties":{"id":"n2076008941","mode":"tramvay","name":"Binevler","operator":""},"geometry":{"type":"Point","coordinates":[37.32592,37.04815]}},{"type":"Feature","properties":{"id":"n2076008951","mode":"tramvay","name":"Burç Kavşağı","operator":"Gaziulaş"},"geometry":{"type":"Point","coordinates":[37.3116,37.02736]}},{"type":"Feature","properties":{"id":"n2076028952","mode":"tramvay","name":"15 Temmuz Demokrasi Meydanı","operator":""},"geometry":{"type":"Point","coordinates":[37.37696,37.06613]}},{"type":"Feature","properties":{"id":"n2161450363","mode":"tramvay","name":"Sağmalcılar","operator":""},"geometry":{"type":"Point","coordinates":[28.90681,41.05739]}},{"type":"Feature","properties":{"id":"n2161450394","mode":"tramvay","name":"KİPTAŞ Venezia","operator":""},"geometry":{"type":"Point","coordinates":[28.87465,41.08132]}},{"type":"Feature","properties":{"id":"n2307526731","mode":"tramvay","name":"Ismetpaşa","operator":""},"geometry":{"type":"Point","coordinates":[30.70702,36.88833]}},{"type":"Feature","properties":{"id":"n2368155177","mode":"tramvay","name":"Yusufpaşa","operator":""},"geometry":{"type":"Point","coordinates":[28.94665,41.0101]}},{"type":"Feature","properties":{"id":"n2368155181","mode":"tramvay","name":"Yusufpaşa","operator":""},"geometry":{"type":"Point","coordinates":[28.94664,41.01007]}},{"type":"Feature","properties":{"id":"n2379809606","mode":"tramvay","name":"Fener","operator":""},"geometry":{"type":"Point","coordinates":[28.95447,41.02864]}},{"type":"Feature","properties":{"id":"n2442359948","mode":"tramvay","name":"Mühürdar","operator":""},"geometry":{"type":"Point","coordinates":[29.02111,40.98549]}},{"type":"Feature","properties":{"id":"n2442360247","mode":"tramvay","name":"Çarşı","operator":""},"geometry":{"type":"Point","coordinates":[29.02552,40.99115]}},{"type":"Feature","properties":{"id":"n2445189207","mode":"tramvay","name":"Kadıköy - İDO- Metro","operator":"Metro İstanbul"},"geometry":{"type":"Point","coordinates":[29.02212,40.98998]}},{"type":"Feature","properties":{"id":"n2466748896","mode":"tramvay","name":"Kunduracılar","operator":"Konya Büyükşehir Belediyesi"},"geometry":{"type":"Point","coordinates":[32.49749,37.89373]}},{"type":"Feature","properties":{"id":"n2466748949","mode":"tramvay","name":"Fırat Caddesi","operator":"Konya Büyükşehir Belediyesi"},"geometry":{"type":"Point","coordinates":[32.51861,37.99546]}},{"type":"Feature","properties":{"id":"n2468202456","mode":"tramvay","name":"Kayalar Camii","operator":"Konya Büyükşehir Belediyesi"},"geometry":{"type":"Point","coordinates":[32.51725,38.01372]}},{"type":"Feature","properties":{"id":"n2468202468","mode":"tramvay","name":"Kayalar Camii","operator":"Konya Büyükşehir Belediyesi"},"geometry":{"type":"Point","coordinates":[32.51728,38.01373]}},{"type":"Feature","properties":{"id":"n2538045035","mode":"tramvay","name":"T1-Çatalfırın","operator":""},"geometry":{"type":"Point","coordinates":[29.05723,40.18858]}},{"type":"Feature","properties":{"id":"n2538045101","mode":"tramvay","name":"T1-Timurtaşpaşa","operator":""},"geometry":{"type":"Point","coordinates":[29.05911,40.18495]}},{"type":"Feature","properties":{"id":"n2597786661","mode":"tramvay","name":"Cumhuriyet Meydanı","operator":""},"geometry":{"type":"Point","coordinates":[36.33664,41.29053]}},{"type":"Feature","properties":{"id":"n2675967540","mode":"tramvay","name":"Eyüp Sultan","operator":"Konya Büyükşehir Belediyesi"},"geometry":{"type":"Point","coordinates":[32.51074,37.9361]}},{"type":"Feature","properties":{"id":"n2775388106","mode":"tramvay","name":"Taksim","operator":"İETT"},"geometry":{"type":"Point","coordinates":[28.98477,41.03648]}},{"type":"Feature","properties":{"id":"n2775747127","mode":"tramvay","name":"Tünel","operator":"İETT"},"geometry":{"type":"Point","coordinates":[28.97477,41.02884]}},{"type":"Feature","properties":{"id":"n2798106796","mode":"tramvay","name":"Osmangazi Üniversitesi","operator":""},"geometry":{"type":"Point","coordinates":[30.4953,39.75314]}},{"type":"Feature","properties":{"id":"n2984936157","mode":"tramvay","name":"Meslek Lisesi","operator":""},"geometry":{"type":"Point","coordinates":[30.6912,36.88501]}},{"type":"Feature","properties":{"id":"n3082513703","mode":"tramvay","name":"Karayolları","operator":"Samsun Hafif Raylı Sistem Hattı"},"geometry":{"type":"Point","coordinates":[36.30554,41.32316]}},{"type":"Feature","properties":{"id":"n3171800645","mode":"tramvay","name":"Piri Reis","operator":"Konya Büyükşehir Belediyesi"},"geometry":{"type":"Point","coordinates":[32.5178,37.98939]}},{"type":"Feature","properties":{"id":"n3171800646","mode":"tramvay","name":"Sancak","operator":"Konya Büyükşehir Belediyesi"},"geometry":{"type":"Point","coordinates":[32.51681,37.98201]}},{"type":"Feature","properties":{"id":"n3171800648","mode":"tramvay","name":"Yazır","operator":"Konya Büyükşehir Belediyesi"},"geometry":{"type":"Point","coordinates":[32.51548,37.97192]}},{"type":"Feature","properties":{"id":"n3171807430","mode":"tramvay","name":"Elmalılı Hamdi","operator":"Konya Büyükşehir Belediyesi"},"geometry":{"type":"Point","coordinates":[32.51381,37.9592]}},{"type":"Feature","properties":{"id":"n3171807431","mode":"tramvay","name":"Medaş","operator":"Konya Büyükşehir Belediyesi"},"geometry":{"type":"Point","coordinates":[32.5131,37.95389]}},{"type":"Feature","properties":{"id":"n3171872464","mode":"tramvay","name":"Erenkaya","operator":"Konya Büyükşehir Belediyesi"},"geometry":{"type":"Point","coordinates":[32.51193,37.94414]}},{"type":"Feature","properties":{"id":"n3171872470","mode":"tramvay","name":"Şehitler Camii","operator":"Konya Büyükşehir Belediyesi"},"geometry":{"type":"Point","coordinates":[32.50052,37.91156]}},{"type":"Feature","properties":{"id":"n3171872471","mode":"tramvay","name":"Teknik Lise","operator":"Konya Büyükşehir Belediyesi"},"geometry":{"type":"Point","coordinates":[32.50792,37.92477]}},{"type":"Feature","properties":{"id":"n3197332625","mode":"tramvay","name":"Çobanlı","operator":""},"geometry":{"type":"Point","coordinates":[36.25208,41.33902]}},{"type":"Feature","properties":{"id":"n3197332626","mode":"tramvay","name":"Yeni Mahalle","operator":""},"geometry":{"type":"Point","coordinates":[36.23826,41.35086]}},{"type":"Feature","properties":{"id":"n3197332627","mode":"tramvay","name":"Pelitköy","operator":""},"geometry":{"type":"Point","coordinates":[36.22988,41.36142]}},{"type":"Feature","properties":{"id":"n3282349639","mode":"tramvay","name":"Sultanahmet","operator":""},"geometry":{"type":"Point","coordinates":[28.97551,41.0081]}},{"type":"Feature","properties":{"id":"n3282349640","mode":"tramvay","name":"Sultanahmet","operator":""},"geometry":{"type":"Point","coordinates":[28.97551,41.00811]}},{"type":"Feature","properties":{"id":"n3282357299","mode":"tramvay","name":"Çemberlitaş","operator":""},"geometry":{"type":"Point","coordinates":[28.97114,41.00843]}},{"type":"Feature","properties":{"id":"n3282357312","mode":"tramvay","name":"Laleli-Üniversite","operator":""},"geometry":{"type":"Point","coordinates":[28.95971,41.0096]}},{"type":"Feature","properties":{"id":"n3282357315","mode":"tramvay","name":"Aksaray","operator":""},"geometry":{"type":"Point","coordinates":[28.95388,41.00959]}},{"type":"Feature","properties":{"id":"n3282357326","mode":"tramvay","name":"Haseki","operator":""},"geometry":{"type":"Point","coordinates":[28.94306,41.01097]}},{"type":"Feature","properties":{"id":"n3282357344","mode":"tramvay","name":"Çapa - Şehremini","operator":""},"geometry":{"type":"Point","coordinates":[28.9333,41.01522]}},{"type":"Feature","properties":{"id":"n3282357347","mode":"tramvay","name":"Cevizlibağ-A.Ö.Y.","operator":""},"geometry":{"type":"Point","coordinates":[28.91166,41.01594]}},{"type":"Feature","properties":{"id":"n3282357358","mode":"tramvay","name":"Eminönü","operator":""},"geometry":{"type":"Point","coordinates":[28.97321,41.01745]}},{"type":"Feature","properties":{"id":"n3282357359","mode":"tramvay","name":"Eminönü","operator":""},"geometry":{"type":"Point","coordinates":[28.97321,41.01749]}},{"type":"Feature","properties":{"id":"n3282362173","mode":"tramvay","name":"Pazartekke","operator":""},"geometry":{"type":"Point","coordinates":[28.92716,41.01821]}},{"type":"Feature","properties":{"id":"n3282362177","mode":"tramvay","name":"Topkapı","operator":""},"geometry":{"type":"Point","coordinates":[28.91947,41.01921]}},{"type":"Feature","properties":{"id":"n3282369901","mode":"tramvay","name":"Merkez Efendi","operator":""},"geometry":{"type":"Point","coordinates":[28.90951,41.01045]}},{"type":"Feature","properties":{"id":"n3282388028","mode":"tramvay","name":"Mithatpaşa","operator":""},"geometry":{"type":"Point","coordinates":[28.89989,41.00339]}},{"type":"Feature","properties":{"id":"n3282388035","mode":"tramvay","name":"Mithatpaşa","operator":""},"geometry":{"type":"Point","coordinates":[28.9025,41.00357]}},{"type":"Feature","properties":{"id":"n3282388046","mode":"tramvay","name":"Seyitnizam-Akşemsettin","operator":""},"geometry":{"type":"Point","coordinates":[28.90736,41.0042]}},{"type":"Feature","properties":{"id":"n3282388047","mode":"tramvay","name":"Seyitnizam-Akşemsettin","operator":""},"geometry":{"type":"Point","coordinates":[28.90736,41.00424]}},{"type":"Feature","properties":{"id":"n3282407221","mode":"tramvay","name":"Yavuz Selim","operator":""},"geometry":{"type":"Point","coordinates":[28.86402,41.02351]}},{"type":"Feature","properties":{"id":"n3282408428","mode":"tramvay","name":"Bağcılar","operator":""},"geometry":{"type":"Point","coordinates":[28.86074,41.03312]}},{"type":"Feature","properties":{"id":"n3282412925","mode":"tramvay","name":"Tophane","operator":""},"geometry":{"type":"Point","coordinates":[28.98028,41.0268]}},{"type":"Feature","properties":{"id":"n3282568834","mode":"tramvay","name":"Eski Sanayi","operator":"Konya Büyükşehir Belediyesi"},"geometry":{"type":"Point","coordinates":[32.48995,37.8996]}},{"type":"Feature","properties":{"id":"n3282577494","mode":"tramvay","name":"Kule","operator":"Konya Büyükşehir Belediyesi"},"geometry":{"type":"Point","coordinates":[32.49535,37.88839]}},{"type":"Feature","properties":{"id":"n3282580151","mode":"tramvay","name":"Nalçacı","operator":"Konya Büyükşehir Belediyesi"},"geometry":{"type":"Point","coordinates":[32.48981,37.88223]}},{"type":"Feature","properties":{"id":"n3282595303","mode":"tramvay","name":"Alaaddin","operator":"Konya Büyükşehir Belediyesi"},"geometry":{"type":"Point","coordinates":[32.49355,37.87163]}},{"type":"Feature","properties":{"id":"n3285594382","mode":"tramvay","name":"Güneştepe","operator":""},"geometry":{"type":"Point","coordinates":[28.86102,41.02896]}},{"type":"Feature","properties":{"id":"n3285595247","mode":"tramvay","name":"Yavuz Selim","operator":""},"geometry":{"type":"Point","coordinates":[28.86407,41.02355]}},{"type":"Feature","properties":{"id":"n3285600731","mode":"tramvay","name":"Soğanlı","operator":""},"geometry":{"type":"Point","coordinates":[28.86756,41.02055]}},{"type":"Feature","properties":{"id":"n3285600732","mode":"tramvay","name":"Soğanlı","operator":""},"geometry":{"type":"Point","coordinates":[28.86762,41.02059]}},{"type":"Feature","properties":{"id":"n3285602067","mode":"tramvay","name":"Akıncılar","operator":""},"geometry":{"type":"Point","coordinates":[28.87143,41.01708]}},{"type":"Feature","properties":{"id":"n3289739283","mode":"tramvay","name":"Merkez Efendi","operator":""},"geometry":{"type":"Point","coordinates":[28.90946,41.01035]}},{"type":"Feature","properties":{"id":"n3289765790","mode":"tramvay","name":"Gülhane","operator":""},"geometry":{"type":"Point","coordinates":[28.97845,41.01216]}},{"type":"Feature","properties":{"id":"n3289765791","mode":"tramvay","name":"Gülhane","operator":""},"geometry":{"type":"Point","coordinates":[28.97841,41.01216]}},{"type":"Feature","properties":{"id":"n3289767772","mode":"tramvay","name":"Sirkeci","operator":""},"geometry":{"type":"Point","coordinates":[28.97591,41.01514]}},{"type":"Feature","properties":{"id":"n3289767773","mode":"tramvay","name":"Sirkeci","operator":""},"geometry":{"type":"Point","coordinates":[28.97583,41.01516]}},{"type":"Feature","properties":{"id":"n3289775017","mode":"tramvay","name":"Karaköy","operator":""},"geometry":{"type":"Point","coordinates":[28.97479,41.02221]}},{"type":"Feature","properties":{"id":"n3289775018","mode":"tramvay","name":"Karaköy","operator":""},"geometry":{"type":"Point","coordinates":[28.97476,41.02223]}},{"type":"Feature","properties":{"id":"n3289778526","mode":"tramvay","name":"Fındıklı - MSÜ","operator":""},"geometry":{"type":"Point","coordinates":[28.98953,41.0315]}},{"type":"Feature","properties":{"id":"n3289778527","mode":"tramvay","name":"Fındıklı - MSÜ","operator":""},"geometry":{"type":"Point","coordinates":[28.98946,41.03153]}},{"type":"Feature","properties":{"id":"n3289786336","mode":"tramvay","name":"Galatasaray Lisesi","operator":"İETT"},"geometry":{"type":"Point","coordinates":[28.9776,41.03365]}},{"type":"Feature","properties":{"id":"n3289786337","mode":"tramvay","name":"Galatasaray Lisesi","operator":"İETT"},"geometry":{"type":"Point","coordinates":[28.97759,41.03366]}},{"type":"Feature","properties":{"id":"n3387456101","mode":"tramvay","name":"T3-Emir Sultan Mezarlığı/Hacıseyfettin","operator":""},"geometry":{"type":"Point","coordinates":[29.08055,40.18348]}},{"type":"Feature","properties":{"id":"n3400503638","mode":"tramvay","name":"Karayolları","operator":"Kayseri Büyükşehir Belediyesi"},"geometry":{"type":"Point","coordinates":[35.45952,38.72586]}},{"type":"Feature","properties":{"id":"n3400507409","mode":"tramvay","name":"DSİ - Yeni Sanayi","operator":"Kayseri Büyükşehir Belediyesi"},"geometry":{"type":"Point","coordinates":[35.44574,38.72966]}},{"type":"Feature","properties":{"id":"n3400519646","mode":"tramvay","name":"Stadyum","operator":"Kayseri Büyükşehir Belediyesi"},"geometry":{"type":"Point","coordinates":[35.42424,38.73351]}},{"type":"Feature","properties":{"id":"n3400562061","mode":"tramvay","name":"Organize Sanayi","operator":"Kayseri Büyükşehir Belediyesi"},"geometry":{"type":"Point","coordinates":[35.36857,38.73833]}},{"type":"Feature","properties":{"id":"n3402504888","mode":"tramvay","name":"İldem 1","operator":"Kayseri Büyükşehir Belediyesi"},"geometry":{"type":"Point","coordinates":[35.6008,38.7824]}},{"type":"Feature","properties":{"id":"n3402510182","mode":"tramvay","name":"İldem 4","operator":"Kayseri Büyükşehir Belediyesi"},"geometry":{"type":"Point","coordinates":[35.61853,38.78615]}},{"type":"Feature","properties":{"id":"n3402531771","mode":"tramvay","name":"İldem 3","operator":"Kayseri Büyükşehir Belediyesi"},"geometry":{"type":"Point","coordinates":[35.61192,38.78515]}},{"type":"Feature","properties":{"id":"n3402531772","mode":"tramvay","name":"İldem 2","operator":"Kayseri Büyükşehir Belediyesi"},"geometry":{"type":"Point","coordinates":[35.60581,38.78426]}},{"type":"Feature","properties":{"id":"n3402536281","mode":"tramvay","name":"Gesi Kavşağı","operator":"Kayseri Büyükşehir Belediyesi"},"geometry":{"type":"Point","coordinates":[35.57496,38.77697]}},{"type":"Feature","properties":{"id":"n3402571180","mode":"tramvay","name":"Gökkent","operator":"Kayseri Büyükşehir Belediyesi"},"geometry":{"type":"Point","coordinates":[35.55418,38.75337]}},{"type":"Feature","properties":{"id":"n3402623131","mode":"tramvay","name":"Teknopark","operator":"Kayseri Büyükşehir Belediyesi"},"geometry":{"type":"Point","coordinates":[35.53109,38.71406]}},{"type":"Feature","properties":{"id":"n3402638705","mode":"tramvay","name":"Yıldız Evler","operator":"Kayseri Büyükşehir Belediyesi"},"geometry":{"type":"Point","coordinates":[35.53701,38.73821]}},{"type":"Feature","properties":{"id":"n3471273399","mode":"tramvay","name":"Akkent Parkı","operator":""},"geometry":{"type":"Point","coordinates":[37.35751,37.01519]}},{"type":"Feature","properties":{"id":"n3471273402","mode":"tramvay","name":"Karataş 1. Bölge","operator":""},"geometry":{"type":"Point","coordinates":[37.35038,37.01521]}},{"type":"Feature","properties":{"id":"n3471273428","mode":"tramvay","name":"Şahinbey Parkı","operator":""},"geometry":{"type":"Point","coordinates":[37.33431,37.02553]}},{"type":"Feature","properties":{"id":"n3471312226","mode":"tramvay","name":"Gaziantep Üniversitesi","operator":""},"geometry":{"type":"Point","coordinates":[37.31852,37.03549]}},{"type":"Feature","properties":{"id":"n3471372971","mode":"tramvay","name":"İbn-i Sina","operator":"Gaziantep Büyükşehir Belediyesi"},"geometry":{"type":"Point","coordinates":[37.38402,37.0154]}},{"type":"Feature","properties":{"id":"n3474969894","mode":"tramvay","name":"Karataş Merkez","operator":""},"geometry":{"type":"Point","coordinates":[37.34082,37.02002]}},{"type":"Feature","properties":{"id":"n3474969896","mode":"tramvay","name":"Güneykent","operator":""},"geometry":{"type":"Point","coordinates":[37.32667,37.02978]}},{"type":"Feature","properties":{"id":"n3476282925","mode":"tramvay","name":"Sanko Okulları","operator":""},"geometry":{"type":"Point","coordinates":[37.33996,37.06687]}},{"type":"Feature","properties":{"id":"n3476299206","mode":"tramvay","name":"Olimpik Havuz","operator":""},"geometry":{"type":"Point","coordinates":[37.33313,37.06946]}},{"type":"Feature","properties":{"id":"n3476299232","mode":"tramvay","name":"Duisburg","operator":""},"geometry":{"type":"Point","coordinates":[37.33549,37.08531]}},{"type":"Feature","properties":{"id":"n3476299238","mode":"tramvay","name":"Güvenevler","operator":""},"geometry":{"type":"Point","coordinates":[37.33802,37.09002]}},{"type":"Feature","properties":{"id":"n3476299247","mode":"tramvay","name":"Kolej Vakfı","operator":""},"geometry":{"type":"Point","coordinates":[37.34478,37.0894]}},{"type":"Feature","properties":{"id":"n3476299259","mode":"tramvay","name":"Adliye","operator":""},"geometry":{"type":"Point","coordinates":[37.35067,37.08548]}},{"type":"Feature","properties":{"id":"n3529906549","mode":"tramvay","name":"25 Aralık Devlet Hastanesi","operator":""},"geometry":{"type":"Point","coordinates":[37.36066,37.06649]}},{"type":"Feature","properties":{"id":"n3529906550","mode":"tramvay","name":"Gazimuhtarpaşa","operator":""},"geometry":{"type":"Point","coordinates":[37.37143,37.06877]}},{"type":"Feature","properties":{"id":"n3595975784","mode":"tramvay","name":"İbrahimli Merkez","operator":""},"geometry":{"type":"Point","coordinates":[37.33234,37.07952]}},{"type":"Feature","properties":{"id":"n3681801250","mode":"tramvay","name":"İldem 5","operator":"Kayseri Büyükşehir Belediyesi"},"geometry":{"type":"Point","coordinates":[35.62547,38.78695]}},{"type":"Feature","properties":{"id":"n3681903777","mode":"tramvay","name":"Millet","operator":"Kayseri Büyükşehir Belediyesi"},"geometry":{"type":"Point","coordinates":[35.59606,38.78026]}},{"type":"Feature","properties":{"id":"n3681903778","mode":"tramvay","name":"TOKİ Kavşağı","operator":"Kayseri Büyükşehir Belediyesi"},"geometry":{"type":"Point","coordinates":[35.58936,38.77978]}},{"type":"Feature","properties":{"id":"n3778225843","mode":"tramvay","name":"Atatürk Bulvarı","operator":""},"geometry":{"type":"Point","coordinates":[30.50093,39.76444]}},{"type":"Feature","properties":{"id":"n3831557980","mode":"tramvay","name":"Mustafa Kemal Atatürk Spor Salonu","operator":""},"geometry":{"type":"Point","coordinates":[27.0748,38.47532]}},{"type":"Feature","properties":{"id":"n3837828129","mode":"tramvay","name":"Selçuk Yaşar","operator":"İzmir Metro"},"geometry":{"type":"Point","coordinates":[27.08607,38.46379]}},{"type":"Feature","properties":{"id":"n3947319025","mode":"tramvay","name":"T3-Çınarönü","operator":""},"geometry":{"type":"Point","coordinates":[29.08457,40.18279]}},{"type":"Feature","properties":{"id":"n3997249048","mode":"tramvay","name":"Ahmed Adnan Saygun Sanat Merkezi","operator":"İzmir Metro"},"geometry":{"type":"Point","coordinates":[27.07713,38.40047]}},{"type":"Feature","properties":{"id":"n4034372411","mode":"tramvay","name":"Yunuslar","operator":"İzmir Metro"},"geometry":{"type":"Point","coordinates":[27.10344,38.4516]}},{"type":"Feature","properties":{"id":"n4058150448","mode":"tramvay","name":"Nikah Sarayı","operator":"İzmir Metro"},"geometry":{"type":"Point","coordinates":[27.11049,38.44969]}},{"type":"Feature","properties":{"id":"n4159778397","mode":"tramvay","name":"T3-Kozahan","operator":""},"geometry":{"type":"Point","coordinates":[29.06311,40.18583]}},{"type":"Feature","properties":{"id":"n4159778398","mode":"tramvay","name":"T3-Tuzpazarı","operator":""},"geometry":{"type":"Point","coordinates":[29.06646,40.18554]}},{"type":"Feature","properties":{"id":"n4220093466","mode":"tramvay","name":"T1-Ulucami","operator":""},"geometry":{"type":"Point","coordinates":[29.06205,40.1835]}},{"type":"Feature","properties":{"id":"n4220093468","mode":"tramvay","name":"T1-Kayhan","operator":""},"geometry":{"type":"Point","coordinates":[29.06899,40.18477]}},{"type":"Feature","properties":{"id":"n4220093469","mode":"tramvay","name":"T1-Gazcılar","operator":""},"geometry":{"type":"Point","coordinates":[29.07112,40.18881]}},{"type":"Feature","properties":{"id":"n4220093470","mode":"tramvay","name":"T1-SGK","operator":""},"geometry":{"type":"Point","coordinates":[29.07287,40.19198]}},{"type":"Feature","properties":{"id":"n4220093471","mode":"tramvay","name":"T1-Adliye","operator":""},"geometry":{"type":"Point","coordinates":[29.07026,40.19333]}},{"type":"Feature","properties":{"id":"n4220093473","mode":"tramvay","name":"T1-Osmangazi","operator":""},"geometry":{"type":"Point","coordinates":[29.05919,40.19584]}},{"type":"Feature","properties":{"id":"n4220093475","mode":"tramvay","name":"T1-Kültürpark/Millet Bahçesi","operator":""},"geometry":{"type":"Point","coordinates":[29.04931,40.19386]}},{"type":"Feature","properties":{"id":"n4220093476","mode":"tramvay","name":"T1-Altıparmak","operator":""},"geometry":{"type":"Point","coordinates":[29.05004,40.19067]}},{"type":"Feature","properties":{"id":"n4260093492","mode":"tramvay","name":"Gar","operator":""},"geometry":{"type":"Point","coordinates":[36.34053,41.28671]}},{"type":"Feature","properties":{"id":"n4260094989","mode":"tramvay","name":"Büyük Cami / Opera","operator":""},"geometry":{"type":"Point","coordinates":[36.33369,41.29555]}},{"type":"Feature","properties":{"id":"n4260094990","mode":"tramvay","name":"Liman","operator":""},"geometry":{"type":"Point","coordinates":[36.33234,41.29953]}},{"type":"Feature","properties":{"id":"n4260094991","mode":"tramvay","name":"Gençlik Parkı","operator":""},"geometry":{"type":"Point","coordinates":[36.33189,41.30511]}},{"type":"Feature","properties":{"id":"n4260114767","mode":"tramvay","name":"Güzel Sanatlar","operator":""},"geometry":{"type":"Point","coordinates":[36.31346,41.32192]}},{"type":"Feature","properties":{"id":"n4283925801","mode":"tramvay","name":"Mehmet Akif","operator":""},"geometry":{"type":"Point","coordinates":[28.88169,41.00584]}},{"type":"Feature","properties":{"id":"n4399627089","mode":"tramvay","name":"Altınova","operator":""},"geometry":{"type":"Point","coordinates":[30.77083,36.90938]}},{"type":"Feature","properties":{"id":"n4399627094","mode":"tramvay","name":"Sinan","operator":""},"geometry":{"type":"Point","coordinates":[30.78671,36.91977]}},{"type":"Feature","properties":{"id":"n4399627095","mode":"tramvay","name":"Yonca Kavşak","operator":""},"geometry":{"type":"Point","coordinates":[30.79757,36.926]}},{"type":"Feature","properties":{"id":"n4399627117","mode":"tramvay","name":"Havalimanı (Giden Yolcu)","operator":"Antray"},"geometry":{"type":"Point","coordinates":[30.80358,36.91446]}},{"type":"Feature","properties":{"id":"n4399627125","mode":"tramvay","name":"Pınarlı ANFAŞ","operator":""},"geometry":{"type":"Point","coordinates":[30.81709,36.93717]}},{"type":"Feature","properties":{"id":"n4399627143","mode":"tramvay","name":"EXPO","operator":""},"geometry":{"type":"Point","coordinates":[30.87608,36.94527]}},{"type":"Feature","properties":{"id":"n4399627144","mode":"tramvay","name":"Kurşunlu","operator":""},"geometry":{"type":"Point","coordinates":[30.82813,36.94355]}},{"type":"Feature","properties":{"id":"n4399627161","mode":"tramvay","name":"Yenigöl","operator":""},"geometry":{"type":"Point","coordinates":[30.77939,36.91554]}},{"type":"Feature","properties":{"id":"n4399627166","mode":"tramvay","name":"Cırnık","operator":""},"geometry":{"type":"Point","coordinates":[30.76575,36.90318]}},{"type":"Feature","properties":{"id":"n4399627167","mode":"tramvay","name":"Demokrasi","operator":""},"geometry":{"type":"Point","coordinates":[30.75948,36.89612]}},{"type":"Feature","properties":{"id":"n4399627168","mode":"tramvay","name":"Topçular","operator":""},"geometry":{"type":"Point","coordinates":[30.75494,36.89338]}},{"type":"Feature","properties":{"id":"n4399627169","mode":"tramvay","name":"Kışla","operator":""},"geometry":{"type":"Point","coordinates":[30.74839,36.89088]}},{"type":"Feature","properties":{"id":"n4407082790","mode":"tramvay","name":"Zafer","operator":"Konya Büyükşehir Belediyesi"},"geometry":{"type":"Point","coordinates":[32.49024,37.87218]}},{"type":"Feature","properties":{"id":"n4485971490","mode":"tramvay","name":"Fındıkzade","operator":""},"geometry":{"type":"Point","coordinates":[28.94041,41.01177]}},{"type":"Feature","properties":{"id":"n4558763903","mode":"tramvay","name":"Plevne","operator":""},"geometry":{"type":"Point","coordinates":[30.5368,39.74888]}},{"type":"Feature","properties":{"id":"n4558763904","mode":"tramvay","name":"Kartopu","operator":""},"geometry":{"type":"Point","coordinates":[30.52967,39.74995]}},{"type":"Feature","properties":{"id":"n4558765890","mode":"tramvay","name":"Çankaya","operator":""},"geometry":{"type":"Point","coordinates":[30.5343,39.75255]}},{"type":"Feature","properties":{"id":"n4558770770","mode":"tramvay","name":"Nasrettin Hoca","operator":""},"geometry":{"type":"Point","coordinates":[30.52907,39.75156]}},{"type":"Feature","properties":{"id":"n4558789604","mode":"tramvay","name":"Yenikent","operator":""},"geometry":{"type":"Point","coordinates":[30.52235,39.74584]}},{"type":"Feature","properties":{"id":"n4558799694","mode":"tramvay","name":"Piri Reis","operator":""},"geometry":{"type":"Point","coordinates":[30.51767,39.74726]}},{"type":"Feature","properties":{"id":"n4558834665","mode":"tramvay","name":"İtfaiye","operator":""},"geometry":{"type":"Point","coordinates":[30.51412,39.75023]}},{"type":"Feature","properties":{"id":"n4558850799","mode":"tramvay","name":"Gültepe","operator":""},"geometry":{"type":"Point","coordinates":[30.51535,39.75544]}},{"type":"Feature","properties":{"id":"n4558857823","mode":"tramvay","name":"Halk","operator":""},"geometry":{"type":"Point","coordinates":[30.50952,39.75473]}},{"type":"Feature","properties":{"id":"n4558889541","mode":"tramvay","name":"Millet","operator":""},"geometry":{"type":"Point","coordinates":[30.50409,39.75218]}},{"type":"Feature","properties":{"id":"n4558889767","mode":"tramvay","name":"Millet","operator":""},"geometry":{"type":"Point","coordinates":[30.50458,39.75185]}},{"type":"Feature","properties":{"id":"n4558898347","mode":"tramvay","name":"Halk","operator":""},"geometry":{"type":"Point","coordinates":[30.50954,39.75472]}},{"type":"Feature","properties":{"id":"n4558898348","mode":"tramvay","name":"Gültepe","operator":""},"geometry":{"type":"Point","coordinates":[30.5153,39.75545]}},{"type":"Feature","properties":{"id":"n4558898349","mode":"tramvay","name":"İtfaiye","operator":""},"geometry":{"type":"Point","coordinates":[30.51416,39.75024]}},{"type":"Feature","properties":{"id":"n4558898350","mode":"tramvay","name":"Piri Reis","operator":""},"geometry":{"type":"Point","coordinates":[30.51766,39.74723]}},{"type":"Feature","properties":{"id":"n4558898351","mode":"tramvay","name":"Yenikent","operator":""},"geometry":{"type":"Point","coordinates":[30.52235,39.7458]}},{"type":"Feature","properties":{"id":"n4558903722","mode":"tramvay","name":"Porsuk Spor Salonu","operator":""},"geometry":{"type":"Point","coordinates":[30.49823,39.75421]}},{"type":"Feature","properties":{"id":"n4558903723","mode":"tramvay","name":"Porsuk Spor Salonu","operator":""},"geometry":{"type":"Point","coordinates":[30.49825,39.75423]}},{"type":"Feature","properties":{"id":"n4558926065","mode":"tramvay","name":"Büyükdere","operator":""},"geometry":{"type":"Point","coordinates":[30.50088,39.75474]}},{"type":"Feature","properties":{"id":"n4558926067","mode":"tramvay","name":"Göztepe","operator":""},"geometry":{"type":"Point","coordinates":[30.50318,39.75892]}},{"type":"Feature","properties":{"id":"n4558941913","mode":"tramvay","name":"Vişnelik","operator":""},"geometry":{"type":"Point","coordinates":[30.50525,39.76752]}},{"type":"Feature","properties":{"id":"n4558954050","mode":"tramvay","name":"Belediye","operator":""},"geometry":{"type":"Point","coordinates":[30.51888,39.77118]}},{"type":"Feature","properties":{"id":"n4558954051","mode":"tramvay","name":"Belediye","operator":""},"geometry":{"type":"Point","coordinates":[30.51884,39.77116]}},{"type":"Feature","properties":{"id":"n4558954409","mode":"tramvay","name":"Şehitlik","operator":""},"geometry":{"type":"Point","coordinates":[30.51313,39.76947]}},{"type":"Feature","properties":{"id":"n4558954410","mode":"tramvay","name":"Şehitlik","operator":""},"geometry":{"type":"Point","coordinates":[30.51312,39.7695]}},{"type":"Feature","properties":{"id":"n4558976198","mode":"tramvay","name":"Atatürk Lisesi","operator":""},"geometry":{"type":"Point","coordinates":[30.52527,39.76691]}},{"type":"Feature","properties":{"id":"n4558978202","mode":"tramvay","name":"Alanönü","operator":""},"geometry":{"type":"Point","coordinates":[30.5312,39.76689]}},{"type":"Feature","properties":{"id":"n4558979056","mode":"tramvay","name":"Gökmeydan","operator":""},"geometry":{"type":"Point","coordinates":[30.53621,39.7676]}},{"type":"Feature","properties":{"id":"n4558982638","mode":"tramvay","name":"Odunpazarı Belediyesi","operator":""},"geometry":{"type":"Point","coordinates":[30.54344,39.76728]}},{"type":"Feature","properties":{"id":"n4558984103","mode":"tramvay","name":"Odunpazarı Belediyesi","operator":""},"geometry":{"type":"Point","coordinates":[30.54262,39.76726]}},{"type":"Feature","properties":{"id":"n4558991050","mode":"tramvay","name":"Yunusemre","operator":""},"geometry":{"type":"Point","coordinates":[30.5531,39.7642]}},{"type":"Feature","properties":{"id":"n4559001341","mode":"tramvay","name":"Yunuskent","operator":""},"geometry":{"type":"Point","coordinates":[30.55613,39.76464]}},{"type":"Feature","properties":{"id":"n4559010943","mode":"tramvay","name":"Borsa","operator":""},"geometry":{"type":"Point","coordinates":[30.55624,39.76855]}},{"type":"Feature","properties":{"id":"n4559014356","mode":"tramvay","name":"Otogar","operator":""},"geometry":{"type":"Point","coordinates":[30.55214,39.77536]}},{"type":"Feature","properties":{"id":"n4559896518","mode":"tramvay","name":"Yunusemre","operator":""},"geometry":{"type":"Point","coordinates":[30.55314,39.76419]}},{"type":"Feature","properties":{"id":"n4559915641","mode":"tramvay","name":"Yenidoğan","operator":""},"geometry":{"type":"Point","coordinates":[30.55449,39.76037]}},{"type":"Feature","properties":{"id":"n4559915642","mode":"tramvay","name":"Yenidoğan","operator":""},"geometry":{"type":"Point","coordinates":[30.55452,39.76039]}},{"type":"Feature","properties":{"id":"n4559933789","mode":"tramvay","name":"Ertaş","operator":""},"geometry":{"type":"Point","coordinates":[30.559,39.75706]}},{"type":"Feature","properties":{"id":"n4559933801","mode":"tramvay","name":"Ertaş","operator":""},"geometry":{"type":"Point","coordinates":[30.55989,39.75644]}},{"type":"Feature","properties":{"id":"n4559947078","mode":"tramvay","name":"Emek","operator":""},"geometry":{"type":"Point","coordinates":[30.56632,39.75255]}},{"type":"Feature","properties":{"id":"n4559949716","mode":"tramvay","name":"Emek","operator":""},"geometry":{"type":"Point","coordinates":[30.56529,39.75312]}},{"type":"Feature","properties":{"id":"n4559961733","mode":"tramvay","name":"Tarih Bulvarı","operator":""},"geometry":{"type":"Point","coordinates":[30.57279,39.74904]}},{"type":"Feature","properties":{"id":"n4559961738","mode":"tramvay","name":"Tarih Bulvarı","operator":""},"geometry":{"type":"Point","coordinates":[30.57365,39.74851]}},{"type":"Feature","properties":{"id":"n4559969190","mode":"tramvay","name":"71 Evler","operator":""},"geometry":{"type":"Point","coordinates":[30.57928,39.74487]}},{"type":"Feature","properties":{"id":"n4559969194","mode":"tramvay","name":"71 Evler","operator":""},"geometry":{"type":"Point","coordinates":[30.57925,39.74486]}},{"type":"Feature","properties":{"id":"n4559993566","mode":"tramvay","name":"Açelya","operator":""},"geometry":{"type":"Point","coordinates":[30.58439,39.74078]}},{"type":"Feature","properties":{"id":"n4560043878","mode":"tramvay","name":"ES-ES (Çarşı)","operator":""},"geometry":{"type":"Point","coordinates":[30.51785,39.77496]}},{"type":"Feature","properties":{"id":"n4560043879","mode":"tramvay","name":"ES-ES (Çarşı)","operator":""},"geometry":{"type":"Point","coordinates":[30.51788,39.77496]}},{"type":"Feature","properties":{"id":"n4560052007","mode":"tramvay","name":"Yıldız","operator":""},"geometry":{"type":"Point","coordinates":[30.52162,39.77563]}},{"type":"Feature","properties":{"id":"n4560077322","mode":"tramvay","name":"Mamure","operator":""},"geometry":{"type":"Point","coordinates":[30.52487,39.77929]}},{"type":"Feature","properties":{"id":"n4579914458","mode":"tramvay","name":"İsmet İnönü","operator":""},"geometry":{"type":"Point","coordinates":[30.51493,39.77861]}},{"type":"Feature","properties":{"id":"n4579914459","mode":"tramvay","name":"İsmet İnönü","operator":""},"geometry":{"type":"Point","coordinates":[30.51495,39.77864]}},{"type":"Feature","properties":{"id":"n4579981425","mode":"tramvay","name":"Bağlar","operator":""},"geometry":{"type":"Point","coordinates":[30.51038,39.78372]}},{"type":"Feature","properties":{"id":"n4579981426","mode":"tramvay","name":"Bağlar","operator":""},"geometry":{"type":"Point","coordinates":[30.51033,39.7846]}},{"type":"Feature","properties":{"id":"n4579981458","mode":"tramvay","name":"Ulus Anıtı (Gar)","operator":""},"geometry":{"type":"Point","coordinates":[30.51087,39.78116]}},{"type":"Feature","properties":{"id":"n4579993174","mode":"tramvay","name":"Anadolu Üniversitesi","operator":""},"geometry":{"type":"Point","coordinates":[30.50787,39.78764]}},{"type":"Feature","properties":{"id":"n4579993175","mode":"tramvay","name":"Anadolu Üniversitesi","operator":""},"geometry":{"type":"Point","coordinates":[30.50704,39.78786]}},{"type":"Feature","properties":{"id":"n4580004947","mode":"tramvay","name":"Hava Müzesi","operator":""},"geometry":{"type":"Point","coordinates":[30.50113,39.78677]}},{"type":"Feature","properties":{"id":"n4580004948","mode":"tramvay","name":"Hava Müzesi","operator":""},"geometry":{"type":"Point","coordinates":[30.50036,39.78659]}},{"type":"Feature","properties":{"id":"n4580012284","mode":"tramvay","name":"Eczacılık Fakültesi","operator":""},"geometry":{"type":"Point","coordinates":[30.49305,39.78881]}},{"type":"Feature","properties":{"id":"n4580012285","mode":"tramvay","name":"Eczacılık Fakültesi","operator":""},"geometry":{"type":"Point","coordinates":[30.49213,39.78916]}},{"type":"Feature","properties":{"id":"n4580021082","mode":"tramvay","name":"Uluönder","operator":""},"geometry":{"type":"Point","coordinates":[30.48509,39.78955]}},{"type":"Feature","properties":{"id":"n4580067426","mode":"tramvay","name":"Erzurum Kongresi","operator":""},"geometry":{"type":"Point","coordinates":[30.47998,39.78659]}},{"type":"Feature","properties":{"id":"n4580067436","mode":"tramvay","name":"Erzurum Kongresi","operator":""},"geometry":{"type":"Point","coordinates":[30.48061,39.78755]}},{"type":"Feature","properties":{"id":"n4580079330","mode":"tramvay","name":"Ali Fuat Cebesoy","operator":""},"geometry":{"type":"Point","coordinates":[30.48133,39.78307]}},{"type":"Feature","properties":{"id":"n4580079353","mode":"tramvay","name":"Ali Fuat Cebesoy","operator":""},"geometry":{"type":"Point","coordinates":[30.48159,39.78374]}},{"type":"Feature","properties":{"id":"n4580086738","mode":"tramvay","name":"Vega Outlet","operator":""},"geometry":{"type":"Point","coordinates":[30.47914,39.78008]}},{"type":"Feature","properties":{"id":"n4580086739","mode":"tramvay","name":"Vega Outlet","operator":""},"geometry":{"type":"Point","coordinates":[30.47912,39.78011]}},{"type":"Feature","properties":{"id":"n4580115559","mode":"tramvay","name":"Baksan","operator":""},"geometry":{"type":"Point","coordinates":[30.47181,39.78296]}},{"type":"Feature","properties":{"id":"n4580115566","mode":"tramvay","name":"Baksan","operator":""},"geometry":{"type":"Point","coordinates":[30.47178,39.78299]}},{"type":"Feature","properties":{"id":"n4580120503","mode":"tramvay","name":"Ulusal Egemenlik","operator":""},"geometry":{"type":"Point","coordinates":[30.46651,39.78135]}},{"type":"Feature","properties":{"id":"n4580136269","mode":"tramvay","name":"Birlik","operator":""},"geometry":{"type":"Point","coordinates":[30.46132,39.77495]}},{"type":"Feature","properties":{"id":"n4580136283","mode":"tramvay","name":"Köprü","operator":""},"geometry":{"type":"Point","coordinates":[30.46598,39.77571]}},{"type":"Feature","properties":{"id":"n4580140151","mode":"tramvay","name":"Çamlıca","operator":""},"geometry":{"type":"Point","coordinates":[30.45743,39.77606]}},{"type":"Feature","properties":{"id":"n4580150298","mode":"tramvay","name":"Behçet Necatigil","operator":""},"geometry":{"type":"Point","coordinates":[30.45888,39.78086]}},{"type":"Feature","properties":{"id":"n4580150313","mode":"tramvay","name":"Behçet Necatigil","operator":""},"geometry":{"type":"Point","coordinates":[30.45888,39.7809]}},{"type":"Feature","properties":{"id":"n4580161508","mode":"tramvay","name":"Ulusal Egemenlik","operator":""},"geometry":{"type":"Point","coordinates":[30.46647,39.78138]}},{"type":"Feature","properties":{"id":"n4581090214","mode":"tramvay","name":"Tombakzade","operator":""},"geometry":{"type":"Point","coordinates":[30.45252,39.77976]}},{"type":"Feature","properties":{"id":"n4581090245","mode":"tramvay","name":"Tombakzade","operator":""},"geometry":{"type":"Point","coordinates":[30.45181,39.78064]}},{"type":"Feature","properties":{"id":"n4581103169","mode":"tramvay","name":"Batıkent","operator":""},"geometry":{"type":"Point","coordinates":[30.44312,39.79181]}},{"type":"Feature","properties":{"id":"n4581103569","mode":"tramvay","name":"Cumhuriyet","operator":""},"geometry":{"type":"Point","coordinates":[30.44742,39.78549]}},{"type":"Feature","properties":{"id":"n4581113576","mode":"tramvay","name":"Arıcılar","operator":""},"geometry":{"type":"Point","coordinates":[30.44946,39.79188]}},{"type":"Feature","properties":{"id":"n4581124216","mode":"tramvay","name":"19 Mayıs","operator":""},"geometry":{"type":"Point","coordinates":[30.45557,39.79121]}},{"type":"Feature","properties":{"id":"n4581129110","mode":"tramvay","name":"Fatih","operator":""},"geometry":{"type":"Point","coordinates":[30.46046,39.78665]}},{"type":"Feature","properties":{"id":"n4581132129","mode":"tramvay","name":"Anıt","operator":""},"geometry":{"type":"Point","coordinates":[30.45434,39.78574]}},{"type":"Feature","properties":{"id":"n4581132130","mode":"tramvay","name":"Gündüz Ökçün","operator":""},"geometry":{"type":"Point","coordinates":[30.44898,39.78435]}},{"type":"Feature","properties":{"id":"n4764060253","mode":"tramvay","name":"Nikah Sarayı","operator":"İzmir Metro"},"geometry":{"type":"Point","coordinates":[27.11051,38.44976]}},{"type":"Feature","properties":{"id":"n4764060268","mode":"tramvay","name":"Karşıyaka İskele","operator":""},"geometry":{"type":"Point","coordinates":[27.11904,38.45459]}},{"type":"Feature","properties":{"id":"n4776796386","mode":"tramvay","name":"Beyazıt - Kapalı Çarşı","operator":""},"geometry":{"type":"Point","coordinates":[28.96662,41.00901]}},{"type":"Feature","properties":{"id":"n4776796389","mode":"tramvay","name":"Beyazıt - Kapalı Çarşı","operator":""},"geometry":{"type":"Point","coordinates":[28.96665,41.00909]}},{"type":"Feature","properties":{"id":"n4776796390","mode":"tramvay","name":"Beyazıt - Kapalı Çarşı","operator":""},"geometry":{"type":"Point","coordinates":[28.96664,41.00906]}},{"type":"Feature","properties":{"id":"n4793907967","mode":"tramvay","name":"Bostanlı İskele","operator":"İzmir Metro"},"geometry":{"type":"Point","coordinates":[27.09908,38.45415]}},{"type":"Feature","properties":{"id":"n4844402926","mode":"tramvay","name":"Akkent Meydanı","operator":"Gaziantep Büyükşehir Belediyesi"},"geometry":{"type":"Point","coordinates":[37.36698,37.01525]}},{"type":"Feature","properties":{"id":"n4844402927","mode":"tramvay","name":"Akkent Meydanı","operator":"Gaziantep Büyükşehir Belediyesi"},"geometry":{"type":"Point","coordinates":[37.36698,37.01521]}},{"type":"Feature","properties":{"id":"n4844402936","mode":"tramvay","name":"Akkent","operator":"Gaziantep Büyükşehir Belediyesi"},"geometry":{"type":"Point","coordinates":[37.37379,37.01529]}},{"type":"Feature","properties":{"id":"n4844402937","mode":"tramvay","name":"Akkent","operator":"Gaziantep Büyükşehir Belediyesi"},"geometry":{"type":"Point","coordinates":[37.37378,37.01535]}},{"type":"Feature","properties":{"id":"n4844411121","mode":"tramvay","name":"İbn-i Sina","operator":"Gaziantep Büyükşehir Belediyesi"},"geometry":{"type":"Point","coordinates":[37.38398,37.01548]}},{"type":"Feature","properties":{"id":"n4844422574","mode":"tramvay","name":"Akkent Parkı","operator":""},"geometry":{"type":"Point","coordinates":[37.3575,37.01523]}},{"type":"Feature","properties":{"id":"n4844433464","mode":"tramvay","name":"Karataş 1. Bölge","operator":""},"geometry":{"type":"Point","coordinates":[37.35038,37.01524]}},{"type":"Feature","properties":{"id":"n4844451795","mode":"tramvay","name":"Karataş Merkez","operator":""},"geometry":{"type":"Point","coordinates":[37.34142,37.01902]}},{"type":"Feature","properties":{"id":"n4844467564","mode":"tramvay","name":"Şahinbey Parkı","operator":""},"geometry":{"type":"Point","coordinates":[37.33429,37.02551]}},{"type":"Feature","properties":{"id":"n4887652393","mode":"tramvay","name":"Alaybey","operator":"İzmir Metro"},"geometry":{"type":"Point","coordinates":[27.12714,38.46005]}},{"type":"Feature","properties":{"id":"n4894478758","mode":"tramvay","name":"Eczaneler","operator":"T1"},"geometry":{"type":"Point","coordinates":[36.22531,41.37134]}},{"type":"Feature","properties":{"id":"n4894489036","mode":"tramvay","name":"Körfez","operator":""},"geometry":{"type":"Point","coordinates":[36.2272,41.36673]}},{"type":"Feature","properties":{"id":"n4894489037","mode":"tramvay","name":"Baruthane - Kalkancı","operator":""},"geometry":{"type":"Point","coordinates":[36.32194,41.32072]}},{"type":"Feature","properties":{"id":"n4895965864","mode":"tramvay","name":"Kılıçdede","operator":""},"geometry":{"type":"Point","coordinates":[36.34631,41.2826]}},{"type":"Feature","properties":{"id":"n4895965876","mode":"tramvay","name":"Belediye Evleri","operator":""},"geometry":{"type":"Point","coordinates":[36.36531,41.27315]}},{"type":"Feature","properties":{"id":"n4895965879","mode":"tramvay","name":"Samsunspor","operator":""},"geometry":{"type":"Point","coordinates":[36.35582,41.27679]}},{"type":"Feature","properties":{"id":"n4895972007","mode":"tramvay","name":"Mavi Işıklar","operator":""},"geometry":{"type":"Point","coordinates":[36.3732,41.27052]}},{"type":"Feature","properties":{"id":"n4896114879","mode":"tramvay","name":"Balıkçı Barınağı","operator":""},"geometry":{"type":"Point","coordinates":[36.37982,41.26653]}},{"type":"Feature","properties":{"id":"n4896116028","mode":"tramvay","name":"Kirazlık","operator":""},"geometry":{"type":"Point","coordinates":[36.40199,41.24556]}},{"type":"Feature","properties":{"id":"n4896116032","mode":"tramvay","name":"Asarağaç","operator":""},"geometry":{"type":"Point","coordinates":[36.39755,41.24827]}},{"type":"Feature","properties":{"id":"n4897217462","mode":"tramvay","name":"Örnek Sanayi","operator":""},"geometry":{"type":"Point","coordinates":[36.40798,41.24162]}},{"type":"Feature","properties":{"id":"n4897284511","mode":"tramvay","name":"İlkadım Sanayi","operator":""},"geometry":{"type":"Point","coordinates":[36.41371,41.23788]}},{"type":"Feature","properties":{"id":"n4897284520","mode":"tramvay","name":"19 Mayıs Sanayi","operator":""},"geometry":{"type":"Point","coordinates":[36.41969,41.23394]}},{"type":"Feature","properties":{"id":"n4897284621","mode":"tramvay","name":"Organize Sanayi","operator":""},"geometry":{"type":"Point","coordinates":[36.42539,41.23022]}},{"type":"Feature","properties":{"id":"n4897284641","mode":"tramvay","name":"Kerimbey","operator":""},"geometry":{"type":"Point","coordinates":[36.43051,41.22925]}},{"type":"Feature","properties":{"id":"n4897284651","mode":"tramvay","name":"Tekkeköy","operator":""},"geometry":{"type":"Point","coordinates":[36.45329,41.22506]}},{"type":"Feature","properties":{"id":"n4897284654","mode":"tramvay","name":"Cumhuriyet","operator":""},"geometry":{"type":"Point","coordinates":[36.44097,41.22834]}},{"type":"Feature","properties":{"id":"n4897284661","mode":"tramvay","name":"Stadyum","operator":""},"geometry":{"type":"Point","coordinates":[36.4556,41.22885]}},{"type":"Feature","properties":{"id":"n4948415324","mode":"tramvay","name":"Gazi Bulvarı","operator":"Tram İzmir"},"geometry":{"type":"Point","coordinates":[27.13698,38.42416]}},{"type":"Feature","properties":{"id":"n4948415327","mode":"tramvay","name":"Gazi Bulvarı","operator":"Tram İzmir"},"geometry":{"type":"Point","coordinates":[27.137,38.42413]}},{"type":"Feature","properties":{"id":"n4948560368","mode":"tramvay","name":"Mavişehir","operator":"İzmir Metro"},"geometry":{"type":"Point","coordinates":[27.06778,38.47537]}},{"type":"Feature","properties":{"id":"n4958513655","mode":"tramvay","name":"Cebeci","operator":""},"geometry":{"type":"Point","coordinates":[28.858,41.11155]}},{"type":"Feature","properties":{"id":"n4958513678","mode":"tramvay","name":"Mescid-i Selam","operator":""},"geometry":{"type":"Point","coordinates":[28.85114,41.11624]}},{"type":"Feature","properties":{"id":"n4958551940","mode":"tramvay","name":"Cebeci","operator":""},"geometry":{"type":"Point","coordinates":[28.85752,41.11241]}},{"type":"Feature","properties":{"id":"n4958557322","mode":"tramvay","name":"Sultançiftliği","operator":""},"geometry":{"type":"Point","coordinates":[28.86082,41.10577]}},{"type":"Feature","properties":{"id":"n4958557323","mode":"tramvay","name":"Sultançiftliği","operator":""},"geometry":{"type":"Point","coordinates":[28.86026,41.10682]}},{"type":"Feature","properties":{"id":"n4958566318","mode":"tramvay","name":"Yeni Mahalle","operator":""},"geometry":{"type":"Point","coordinates":[28.86302,41.09932]}},{"type":"Feature","properties":{"id":"n4958566319","mode":"tramvay","name":"Yeni Mahalle","operator":""},"geometry":{"type":"Point","coordinates":[28.86289,41.10028]}},{"type":"Feature","properties":{"id":"n4958570003","mode":"tramvay","name":"Hacı Şükrü","operator":""},"geometry":{"type":"Point","coordinates":[28.86413,41.09231]}},{"type":"Feature","properties":{"id":"n4958570004","mode":"tramvay","name":"Hacı Şükrü","operator":""},"geometry":{"type":"Point","coordinates":[28.86386,41.09334]}},{"type":"Feature","properties":{"id":"n4958580158","mode":"tramvay","name":"50. Yıl-Baştabya","operator":""},"geometry":{"type":"Point","coordinates":[28.86695,41.08783]}},{"type":"Feature","properties":{"id":"n4958580159","mode":"tramvay","name":"50. Yıl-Baştabya","operator":""},"geometry":{"type":"Point","coordinates":[28.8669,41.08779]}},{"type":"Feature","properties":{"id":"n4958585469","mode":"tramvay","name":"Cumhuriyet Mahallesi","operator":"Metro İstanbul"},"geometry":{"type":"Point","coordinates":[28.87243,41.08373]}},{"type":"Feature","properties":{"id":"n4958585470","mode":"tramvay","name":"Cumhuriyet Mahallesi","operator":""},"geometry":{"type":"Point","coordinates":[28.87157,41.08457]}},{"type":"Feature","properties":{"id":"n4958585476","mode":"tramvay","name":"KİPTAŞ Venezia","operator":""},"geometry":{"type":"Point","coordinates":[28.87457,41.08129]}},{"type":"Feature","properties":{"id":"n4958599423","mode":"tramvay","name":"Bosna-Çukurçeşme","operator":""},"geometry":{"type":"Point","coordinates":[28.90205,41.0618]}},{"type":"Feature","properties":{"id":"n4958599424","mode":"tramvay","name":"Bosna-Çukurçeşme","operator":""},"geometry":{"type":"Point","coordinates":[28.90215,41.06182]}},{"type":"Feature","properties":{"id":"n4958603844","mode":"tramvay","name":"Sağmalcılar","operator":""},"geometry":{"type":"Point","coordinates":[28.90677,41.05737]}},{"type":"Feature","properties":{"id":"n4958615808","mode":"tramvay","name":"Demirkapı","operator":""},"geometry":{"type":"Point","coordinates":[28.92335,41.03698]}},{"type":"Feature","properties":{"id":"n4958622247","mode":"tramvay","name":"Şehitlik","operator":""},"geometry":{"type":"Point","coordinates":[28.92829,41.03414]}},{"type":"Feature","properties":{"id":"n4958630198","mode":"tramvay","name":"Edirnekapı","operator":""},"geometry":{"type":"Point","coordinates":[28.93405,41.03131]}},{"type":"Feature","properties":{"id":"n4958640121","mode":"tramvay","name":"Vatan","operator":""},"geometry":{"type":"Point","coordinates":[28.92924,41.02557]}},{"type":"Feature","properties":{"id":"n4958646884","mode":"tramvay","name":"Topkapı","operator":""},"geometry":{"type":"Point","coordinates":[28.92056,41.01975]}},{"type":"Feature","properties":{"id":"n4958646885","mode":"tramvay","name":"Topkapı","operator":""},"geometry":{"type":"Point","coordinates":[28.92058,41.01969]}},{"type":"Feature","properties":{"id":"n4958658835","mode":"tramvay","name":"Rami","operator":""},"geometry":{"type":"Point","coordinates":[28.91553,41.04657]}},{"type":"Feature","properties":{"id":"n4958658863","mode":"tramvay","name":"Rami","operator":""},"geometry":{"type":"Point","coordinates":[28.91561,41.0466]}},{"type":"Feature","properties":{"id":"n4958663890","mode":"tramvay","name":"Topçular","operator":""},"geometry":{"type":"Point","coordinates":[28.91956,41.04164]}},{"type":"Feature","properties":{"id":"n4958663891","mode":"tramvay","name":"Topçular","operator":""},"geometry":{"type":"Point","coordinates":[28.91953,41.04161]}},{"type":"Feature","properties":{"id":"n4958672020","mode":"tramvay","name":"Uluyol-Bereç","operator":""},"geometry":{"type":"Point","coordinates":[28.91029,41.05413]}},{"type":"Feature","properties":{"id":"n4958673321","mode":"tramvay","name":"Uluyol-Bereç","operator":""},"geometry":{"type":"Point","coordinates":[28.91022,41.05412]}},{"type":"Feature","properties":{"id":"n4958683733","mode":"tramvay","name":"Ali Fuat Başgil","operator":""},"geometry":{"type":"Point","coordinates":[28.8956,41.06845]}},{"type":"Feature","properties":{"id":"n4958683734","mode":"tramvay","name":"Ali Fuat Başgil","operator":""},"geometry":{"type":"Point","coordinates":[28.89567,41.06849]}},{"type":"Feature","properties":{"id":"n4958685789","mode":"tramvay","name":"Taşköprü","operator":""},"geometry":{"type":"Point","coordinates":[28.88771,41.07257]}},{"type":"Feature","properties":{"id":"n4958685790","mode":"tramvay","name":"Taşköprü","operator":""},"geometry":{"type":"Point","coordinates":[28.88774,41.07261]}},{"type":"Feature","properties":{"id":"n4958685944","mode":"tramvay","name":"Karadeniz","operator":""},"geometry":{"type":"Point","coordinates":[28.88243,41.07518]}},{"type":"Feature","properties":{"id":"n4958685945","mode":"tramvay","name":"Karadeniz","operator":""},"geometry":{"type":"Point","coordinates":[28.88249,41.07523]}},{"type":"Feature","properties":{"id":"n4958787835","mode":"tramvay","name":"Zeytinburnu","operator":""},"geometry":{"type":"Point","coordinates":[28.89019,41.00146]}},{"type":"Feature","properties":{"id":"n5177042630","mode":"tramvay","name":"Aksu","operator":""},"geometry":{"type":"Point","coordinates":[30.84577,36.94794]}},{"type":"Feature","properties":{"id":"n5177043737","mode":"tramvay","name":"Aksu","operator":""},"geometry":{"type":"Point","coordinates":[30.84508,36.9479]}},{"type":"Feature","properties":{"id":"n5177071934","mode":"tramvay","name":"Yonca Kavşak","operator":""},"geometry":{"type":"Point","coordinates":[30.79766,36.92593]}},{"type":"Feature","properties":{"id":"n5177071939","mode":"tramvay","name":"Havalimanı (Giden Yolcu)","operator":"Antray"},"geometry":{"type":"Point","coordinates":[30.80347,36.91447]}},{"type":"Feature","properties":{"id":"n5177071953","mode":"tramvay","name":"Kurşunlu","operator":""},"geometry":{"type":"Point","coordinates":[30.82826,36.94345]}},{"type":"Feature","properties":{"id":"n5177071966","mode":"tramvay","name":"EXPO","operator":""},"geometry":{"type":"Point","coordinates":[30.87611,36.94536]}},{"type":"Feature","properties":{"id":"n5177077552","mode":"tramvay","name":"Sinan","operator":""},"geometry":{"type":"Point","coordinates":[30.78679,36.91969]}},{"type":"Feature","properties":{"id":"n5177086584","mode":"tramvay","name":"Yenigöl","operator":""},"geometry":{"type":"Point","coordinates":[30.77945,36.91547]}},{"type":"Feature","properties":{"id":"n5177118874","mode":"tramvay","name":"Altınova","operator":""},"geometry":{"type":"Point","coordinates":[30.76989,36.90814]}},{"type":"Feature","properties":{"id":"n5177137819","mode":"tramvay","name":"Cırnık","operator":""},"geometry":{"type":"Point","coordinates":[30.76586,36.90316]}},{"type":"Feature","properties":{"id":"n5178215179","mode":"tramvay","name":"Topçular","operator":""},"geometry":{"type":"Point","coordinates":[30.75453,36.8931]}},{"type":"Feature","properties":{"id":"n5178215181","mode":"tramvay","name":"Demokrasi","operator":""},"geometry":{"type":"Point","coordinates":[30.75908,36.89584]}},{"type":"Feature","properties":{"id":"n5178224368","mode":"tramvay","name":"Kışla","operator":""},"geometry":{"type":"Point","coordinates":[30.74791,36.89072]}},{"type":"Feature","properties":{"id":"n5178237220","mode":"tramvay","name":"Meydan","operator":""},"geometry":{"type":"Point","coordinates":[30.73119,36.88678]}},{"type":"Feature","properties":{"id":"n5178249560","mode":"tramvay","name":"Burhanettin Onat","operator":""},"geometry":{"type":"Point","coordinates":[30.7215,36.88868]}},{"type":"Feature","properties":{"id":"n5178254543","mode":"tramvay","name":"Doğu Garajı","operator":""},"geometry":{"type":"Point","coordinates":[30.71237,36.88881]}},{"type":"Feature","properties":{"id":"n5178261922","mode":"tramvay","name":"Ismetpaşa","operator":""},"geometry":{"type":"Point","coordinates":[30.70694,36.88831]}},{"type":"Feature","properties":{"id":"n5178272133","mode":"tramvay","name":"Muratpaşa","operator":""},"geometry":{"type":"Point","coordinates":[30.70273,36.89257]}},{"type":"Feature","properties":{"id":"n5178282329","mode":"tramvay","name":"Şarampol","operator":""},"geometry":{"type":"Point","coordinates":[30.6981,36.89664]}},{"type":"Feature","properties":{"id":"n5178282330","mode":"tramvay","name":"Şarampol","operator":""},"geometry":{"type":"Point","coordinates":[30.69895,36.89593]}},{"type":"Feature","properties":{"id":"n5178284791","mode":"tramvay","name":"Sigorta","operator":""},"geometry":{"type":"Point","coordinates":[30.6931,36.89932]}},{"type":"Feature","properties":{"id":"n5178296168","mode":"tramvay","name":"Emniyet","operator":""},"geometry":{"type":"Point","coordinates":[30.68708,36.90188]}},{"type":"Feature","properties":{"id":"n5179983966","mode":"tramvay","name":"Dokuma","operator":""},"geometry":{"type":"Point","coordinates":[30.67632,36.91407]}},{"type":"Feature","properties":{"id":"n5179983980","mode":"tramvay","name":"Çallı","operator":""},"geometry":{"type":"Point","coordinates":[30.68218,36.90648]}},{"type":"Feature","properties":{"id":"n5179983981","mode":"tramvay","name":"Çallı","operator":""},"geometry":{"type":"Point","coordinates":[30.68226,36.9065]}},{"type":"Feature","properties":{"id":"n5179985306","mode":"tramvay","name":"Pil Fabrikası","operator":""},"geometry":{"type":"Point","coordinates":[30.67332,36.91804]}},{"type":"Feature","properties":{"id":"n5179992577","mode":"tramvay","name":"Otogar","operator":""},"geometry":{"type":"Point","coordinates":[30.66749,36.92436]}},{"type":"Feature","properties":{"id":"n5179992582","mode":"tramvay","name":"Otogar","operator":""},"geometry":{"type":"Point","coordinates":[30.6676,36.92438]}},{"type":"Feature","properties":{"id":"n5179999384","mode":"tramvay","name":"Vakıf Çiftliği","operator":""},"geometry":{"type":"Point","coordinates":[30.66385,36.9285]}},{"type":"Feature","properties":{"id":"n5180012509","mode":"tramvay","name":"Ferrokrom","operator":""},"geometry":{"type":"Point","coordinates":[30.65861,36.93306]}},{"type":"Feature","properties":{"id":"n5180015915","mode":"tramvay","name":"Fatih","operator":""},"geometry":{"type":"Point","coordinates":[30.64491,36.94356]}},{"type":"Feature","properties":{"id":"n5180017050","mode":"tramvay","name":"Kepezaltı","operator":""},"geometry":{"type":"Point","coordinates":[30.65155,36.9392]}},{"type":"Feature","properties":{"id":"n5180031629","mode":"tramvay","name":"Fatih","operator":""},"geometry":{"type":"Point","coordinates":[30.64494,36.94358]}},{"type":"Feature","properties":{"id":"n5317148224","mode":"tramvay","name":"T3-İncirli Hamamı","operator":""},"geometry":{"type":"Point","coordinates":[29.07737,40.18385]}},{"type":"Feature","properties":{"id":"n5317148234","mode":"tramvay","name":"T3-Gökdere/Panorama","operator":""},"geometry":{"type":"Point","coordinates":[29.07201,40.18495]}},{"type":"Feature","properties":{"id":"n5317148251","mode":"tramvay","name":"T3-Tuzpazarı","operator":""},"geometry":{"type":"Point","coordinates":[29.06646,40.18552]}},{"type":"Feature","properties":{"id":"n5499934367","mode":"tramvay","name":"Akıncılar","operator":""},"geometry":{"type":"Point","coordinates":[28.87147,41.01714]}},{"type":"Feature","properties":{"id":"n5499934368","mode":"tramvay","name":"Güneştepe","operator":""},"geometry":{"type":"Point","coordinates":[28.86094,41.02895]}},{"type":"Feature","properties":{"id":"n5499934369","mode":"tramvay","name":"Güngören","operator":""},"geometry":{"type":"Point","coordinates":[28.87749,41.01526]}},{"type":"Feature","properties":{"id":"n5499934370","mode":"tramvay","name":"Mehmet Akif","operator":""},"geometry":{"type":"Point","coordinates":[28.88164,41.00579]}},{"type":"Feature","properties":{"id":"n5499934371","mode":"tramvay","name":"Merter Tekstil Merkezi","operator":""},"geometry":{"type":"Point","coordinates":[28.88078,41.01157]}},{"type":"Feature","properties":{"id":"n5499934372","mode":"tramvay","name":"Fındıkzade","operator":""},"geometry":{"type":"Point","coordinates":[28.94049,41.01182]}},{"type":"Feature","properties":{"id":"n5588091002","mode":"tramvay","name":"İbrahimli Merkez","operator":""},"geometry":{"type":"Point","coordinates":[37.33163,37.07825]}},{"type":"Feature","properties":{"id":"n5626071880","mode":"tramvay","name":"T2-Gençosman","operator":"BURULAŞ A.Ş."},"geometry":{"type":"Point","coordinates":[29.06146,40.20029]}},{"type":"Feature","properties":{"id":"n5985416676","mode":"tramvay","name":"Atatürk Spor Salonu","operator":"Tram İzmir"},"geometry":{"type":"Point","coordinates":[27.14722,38.43461]}},{"type":"Feature","properties":{"id":"n5995158106","mode":"tramvay","name":"Tren Garı","operator":"UlaşımPark"},"geometry":{"type":"Point","coordinates":[29.91827,40.76234]}},{"type":"Feature","properties":{"id":"n5995161470","mode":"tramvay","name":"Sekapark","operator":"UlaşımPark"},"geometry":{"type":"Point","coordinates":[29.91089,40.76141]}},{"type":"Feature","properties":{"id":"n6097001176","mode":"tramvay","name":"Kültürpark-Atatürk Lisesi","operator":"Tram İzmir"},"geometry":{"type":"Point","coordinates":[27.14143,38.42921]}},{"type":"Feature","properties":{"id":"n6097001179","mode":"tramvay","name":"Kültürpark-Atatürk Lisesi","operator":"Tram İzmir"},"geometry":{"type":"Point","coordinates":[27.14155,38.42918]}},{"type":"Feature","properties":{"id":"n6150157570","mode":"tramvay","name":"MTA","operator":"Konya Büyükşehir Belediyesi"},"geometry":{"type":"Point","coordinates":[32.51471,37.96554]}},{"type":"Feature","properties":{"id":"n6276056268","mode":"tramvay","name":"Odakule","operator":"İETT"},"geometry":{"type":"Point","coordinates":[28.97604,41.03164]}},{"type":"Feature","properties":{"id":"n6276056269","mode":"tramvay","name":"Hüseyin Ağa Camii","operator":"İETT"},"geometry":{"type":"Point","coordinates":[28.98065,41.03487]}},{"type":"Feature","properties":{"id":"n6322013226","mode":"tramvay","name":"Cumhuriyet","operator":""},"geometry":{"type":"Point","coordinates":[36.44094,41.22827]}},{"type":"Feature","properties":{"id":"n6322013303","mode":"tramvay","name":"Kerimbey","operator":""},"geometry":{"type":"Point","coordinates":[36.43056,41.22919]}},{"type":"Feature","properties":{"id":"n6322020204","mode":"tramvay","name":"Liman","operator":""},"geometry":{"type":"Point","coordinates":[36.33238,41.29954]}},{"type":"Feature","properties":{"id":"n6322020210","mode":"tramvay","name":"Büyük Cami / Opera","operator":""},"geometry":{"type":"Point","coordinates":[36.33373,41.29556]}},{"type":"Feature","properties":{"id":"n6322024148","mode":"tramvay","name":"Körfez","operator":""},"geometry":{"type":"Point","coordinates":[36.22726,41.36671]}},{"type":"Feature","properties":{"id":"n6322024180","mode":"tramvay","name":"Eczaneler","operator":"T1"},"geometry":{"type":"Point","coordinates":[36.22535,41.37135]}},{"type":"Feature","properties":{"id":"n6322031518","mode":"tramvay","name":"Pelitköy","operator":""},"geometry":{"type":"Point","coordinates":[36.22993,41.36142]}},{"type":"Feature","properties":{"id":"n6372772155","mode":"tramvay","name":"Denizevleri","operator":""},"geometry":{"type":"Point","coordinates":[36.29571,41.32419]}},{"type":"Feature","properties":{"id":"n6372772172","mode":"tramvay","name":"Karayolları","operator":"Samsun Hafif Raylı Sistem Hattı"},"geometry":{"type":"Point","coordinates":[36.3055,41.32308]}},{"type":"Feature","properties":{"id":"n6372785209","mode":"tramvay","name":"Samsun Müzesi / Fener","operator":""},"geometry":{"type":"Point","coordinates":[36.33495,41.30949]}},{"type":"Feature","properties":{"id":"n6372785236","mode":"tramvay","name":"Güzel Sanatlar","operator":""},"geometry":{"type":"Point","coordinates":[36.31347,41.32188]}},{"type":"Feature","properties":{"id":"n6372785250","mode":"tramvay","name":"Baruthane - Kalkancı","operator":""},"geometry":{"type":"Point","coordinates":[36.32192,41.3207]}},{"type":"Feature","properties":{"id":"n6372786187","mode":"tramvay","name":"Samsun Müzesi / Fener","operator":""},"geometry":{"type":"Point","coordinates":[36.33546,41.31047]}},{"type":"Feature","properties":{"id":"n6372786520","mode":"tramvay","name":"Gençlik Parkı","operator":""},"geometry":{"type":"Point","coordinates":[36.33185,41.30512]}},{"type":"Feature","properties":{"id":"n6518033704","mode":"tramvay","name":"Yahya Kaptan","operator":"UlaşımPark"},"geometry":{"type":"Point","coordinates":[29.97402,40.76743]}},{"type":"Feature","properties":{"id":"n6518033705","mode":"tramvay","name":"Yahya Kaptan","operator":"UlaşımPark"},"geometry":{"type":"Point","coordinates":[29.97405,40.76749]}},{"type":"Feature","properties":{"id":"n6518059064","mode":"tramvay","name":"Otogar","operator":"UlaşımPark"},"geometry":{"type":"Point","coordinates":[29.97574,40.77584]}},{"type":"Feature","properties":{"id":"n6518060199","mode":"tramvay","name":"Otogar","operator":"UlaşımPark"},"geometry":{"type":"Point","coordinates":[29.97564,40.77586]}},{"type":"Feature","properties":{"id":"n6518087933","mode":"tramvay","name":"Yenişehir","operator":"UlaşımPark"},"geometry":{"type":"Point","coordinates":[29.96689,40.76773]}},{"type":"Feature","properties":{"id":"n6518087945","mode":"tramvay","name":"Yenişehir","operator":"UlaşımPark"},"geometry":{"type":"Point","coordinates":[29.96689,40.76765]}},{"type":"Feature","properties":{"id":"n6518090930","mode":"tramvay","name":"Mehmet Ali Paşa","operator":"UlaşımPark"},"geometry":{"type":"Point","coordinates":[29.95669,40.76716]}},{"type":"Feature","properties":{"id":"n6518090931","mode":"tramvay","name":"Mehmet Ali Paşa","operator":"UlaşımPark"},"geometry":{"type":"Point","coordinates":[29.95669,40.76719]}},{"type":"Feature","properties":{"id":"n6518123996","mode":"tramvay","name":"Doğu Kışla","operator":"UlaşımPark"},"geometry":{"type":"Point","coordinates":[29.9512,40.76651]}},{"type":"Feature","properties":{"id":"n6518123997","mode":"tramvay","name":"Doğu Kışla","operator":"UlaşımPark"},"geometry":{"type":"Point","coordinates":[29.95115,40.76651]}},{"type":"Feature","properties":{"id":"n6520888549","mode":"tramvay","name":"Millî İrade Meydanı","operator":"UlaşımPark"},"geometry":{"type":"Point","coordinates":[29.94008,40.76545]}},{"type":"Feature","properties":{"id":"n6520888550","mode":"tramvay","name":"Millî İrade Meydanı","operator":"UlaşımPark"},"geometry":{"type":"Point","coordinates":[29.94136,40.76544]}},{"type":"Feature","properties":{"id":"n6520888557","mode":"tramvay","name":"Fuar","operator":"UlaşımPark"},"geometry":{"type":"Point","coordinates":[29.93648,40.76234]}},{"type":"Feature","properties":{"id":"n6520888558","mode":"tramvay","name":"Fuar","operator":"UlaşımPark"},"geometry":{"type":"Point","coordinates":[29.93648,40.76237]}},{"type":"Feature","properties":{"id":"n6520930719","mode":"tramvay","name":"Fevziye","operator":"UlaşımPark"},"geometry":{"type":"Point","coordinates":[29.92579,40.76217]}},{"type":"Feature","properties":{"id":"n6520930720","mode":"tramvay","name":"Fevziye","operator":"UlaşımPark"},"geometry":{"type":"Point","coordinates":[29.92578,40.76224]}},{"type":"Feature","properties":{"id":"n6520943448","mode":"tramvay","name":"Yeni Cuma","operator":"UlaşımPark"},"geometry":{"type":"Point","coordinates":[29.93207,40.76223]}},{"type":"Feature","properties":{"id":"n6520943449","mode":"tramvay","name":"Yeni Cuma","operator":"UlaşımPark"},"geometry":{"type":"Point","coordinates":[29.93209,40.76226]}},{"type":"Feature","properties":{"id":"n6524561223","mode":"tramvay","name":"İskele Cami","operator":""},"geometry":{"type":"Point","coordinates":[29.02318,40.99065]}},{"type":"Feature","properties":{"id":"n6725958546","mode":"tramvay","name":"Öykü","operator":""},"geometry":{"type":"Point","coordinates":[30.59529,39.74086]}},{"type":"Feature","properties":{"id":"n6742347747","mode":"tramvay","name":"Tıp Fakültesi","operator":""},"geometry":{"type":"Point","coordinates":[36.20856,41.37186]}},{"type":"Feature","properties":{"id":"n6800062728","mode":"tramvay","name":"Halkapınar","operator":""},"geometry":{"type":"Point","coordinates":[27.17192,38.43414]}},{"type":"Feature","properties":{"id":"n6800062729","mode":"tramvay","name":"Halkapınar","operator":""},"geometry":{"type":"Point","coordinates":[27.17197,38.43406]}},{"type":"Feature","properties":{"id":"n6800062756","mode":"tramvay","name":"Havagazı","operator":"TRAM İZMİR"},"geometry":{"type":"Point","coordinates":[27.15813,38.43985]}},{"type":"Feature","properties":{"id":"n6800062770","mode":"tramvay","name":"Alsancak Gar","operator":"Metro İzmir"},"geometry":{"type":"Point","coordinates":[27.14809,38.43959]}},{"type":"Feature","properties":{"id":"n6800062778","mode":"tramvay","name":"Alsancak Gar","operator":"İzmir Metro"},"geometry":{"type":"Point","coordinates":[27.14812,38.43953]}},{"type":"Feature","properties":{"id":"n6800067632","mode":"tramvay","name":"Üniversite","operator":""},"geometry":{"type":"Point","coordinates":[27.16072,38.43726]}},{"type":"Feature","properties":{"id":"n6800073297","mode":"tramvay","name":"Alsancak Stadyum","operator":"İzmir Metro"},"geometry":{"type":"Point","coordinates":[27.15191,38.43818]}},{"type":"Feature","properties":{"id":"n6801712679","mode":"tramvay","name":"Fener","operator":""},"geometry":{"type":"Point","coordinates":[28.95445,41.02861]}},{"type":"Feature","properties":{"id":"n6831537398","mode":"tramvay","name":"Karataş","operator":""},"geometry":{"type":"Point","coordinates":[27.11881,38.41057]}},{"type":"Feature","properties":{"id":"n6831537399","mode":"tramvay","name":"Karataş","operator":""},"geometry":{"type":"Point","coordinates":[27.11879,38.4106]}},{"type":"Feature","properties":{"id":"n6860433031","mode":"tramvay","name":"Fahrettin Altay","operator":""},"geometry":{"type":"Point","coordinates":[27.06932,38.39791]}},{"type":"Feature","properties":{"id":"n6860433032","mode":"tramvay","name":"Üçkuyular","operator":""},"geometry":{"type":"Point","coordinates":[27.07149,38.40308]}},{"type":"Feature","properties":{"id":"n6860433033","mode":"tramvay","name":"Üçkuyular","operator":""},"geometry":{"type":"Point","coordinates":[27.07149,38.40311]}},{"type":"Feature","properties":{"id":"n6860457138","mode":"tramvay","name":"Köprü","operator":"İzmir Metro"},"geometry":{"type":"Point","coordinates":[27.09845,38.406]}},{"type":"Feature","properties":{"id":"n6860457139","mode":"tramvay","name":"Köprü","operator":"Tram İzmi"},"geometry":{"type":"Point","coordinates":[27.09855,38.40574]}},{"type":"Feature","properties":{"id":"n6860480332","mode":"tramvay","name":"Güzelyalı","operator":"İzmir Metro"},"geometry":{"type":"Point","coordinates":[27.08309,38.39939]}},{"type":"Feature","properties":{"id":"n6860480333","mode":"tramvay","name":"Güzelyalı","operator":"İzmir Metro"},"geometry":{"type":"Point","coordinates":[27.08478,38.39843]}},{"type":"Feature","properties":{"id":"n6860480340","mode":"tramvay","name":"Sadıkbey","operator":"İzmir Metro"},"geometry":{"type":"Point","coordinates":[27.09582,38.40324]}},{"type":"Feature","properties":{"id":"n6860480341","mode":"tramvay","name":"Sadıkbey","operator":""},"geometry":{"type":"Point","coordinates":[27.09532,38.40318]}},{"type":"Feature","properties":{"id":"n6860480346","mode":"tramvay","name":"Göztepe","operator":"İzmir Metro"},"geometry":{"type":"Point","coordinates":[27.09156,38.40066]}},{"type":"Feature","properties":{"id":"n6860480347","mode":"tramvay","name":"Göztepe","operator":"İzmir Metro"},"geometry":{"type":"Point","coordinates":[27.09159,38.40025]}},{"type":"Feature","properties":{"id":"n6969748183","mode":"tramvay","name":"Sağlik Bilimleri","operator":""},"geometry":{"type":"Point","coordinates":[36.19421,41.36724]}},{"type":"Feature","properties":{"id":"n6969748184","mode":"tramvay","name":"Sağlik Bilimleri","operator":""},"geometry":{"type":"Point","coordinates":[36.19419,41.36727]}},{"type":"Feature","properties":{"id":"n6969749973","mode":"tramvay","name":"Tıp Fakültesi","operator":""},"geometry":{"type":"Point","coordinates":[36.2086,41.37184]}},{"type":"Feature","properties":{"id":"n6969752367","mode":"tramvay","name":"OMÜ Yurtlar","operator":""},"geometry":{"type":"Point","coordinates":[36.19634,41.3714]}},{"type":"Feature","properties":{"id":"n6969752371","mode":"tramvay","name":"Yaşam Merkezi","operator":""},"geometry":{"type":"Point","coordinates":[36.18793,41.36599]}},{"type":"Feature","properties":{"id":"n6969752372","mode":"tramvay","name":"Yaşam Merkezi","operator":""},"geometry":{"type":"Point","coordinates":[36.1879,41.36596]}},{"type":"Feature","properties":{"id":"n6969758193","mode":"tramvay","name":"Lojmanlar","operator":""},"geometry":{"type":"Point","coordinates":[36.22122,41.37595]}},{"type":"Feature","properties":{"id":"n6969758194","mode":"tramvay","name":"Lojmanlar","operator":""},"geometry":{"type":"Point","coordinates":[36.22118,41.37593]}},{"type":"Feature","properties":{"id":"n6969771093","mode":"tramvay","name":"Diş Hekimliği","operator":""},"geometry":{"type":"Point","coordinates":[36.20395,41.36729]}},{"type":"Feature","properties":{"id":"n6969771094","mode":"tramvay","name":"Diş Hekimliği","operator":""},"geometry":{"type":"Point","coordinates":[36.20395,41.36732]}},{"type":"Feature","properties":{"id":"n6969796396","mode":"tramvay","name":"Eğitim Fakültesi","operator":""},"geometry":{"type":"Point","coordinates":[36.18961,41.3689]}},{"type":"Feature","properties":{"id":"n6969796421","mode":"tramvay","name":"Eğitim Fakültesi","operator":""},"geometry":{"type":"Point","coordinates":[36.18957,41.36893]}},{"type":"Feature","properties":{"id":"n7170489756","mode":"tramvay","name":"Atatürk","operator":""},"geometry":{"type":"Point","coordinates":[30.68309,36.91925]}},{"type":"Feature","properties":{"id":"n7170489757","mode":"tramvay","name":"Zafer","operator":""},"geometry":{"type":"Point","coordinates":[30.68896,36.91879]}},{"type":"Feature","properties":{"id":"n7170489758","mode":"tramvay","name":"Yıldırım Beyazıt","operator":""},"geometry":{"type":"Point","coordinates":[30.69483,36.91858]}},{"type":"Feature","properties":{"id":"n7170489759","mode":"tramvay","name":"Erdem Beyazıt K.M.","operator":""},"geometry":{"type":"Point","coordinates":[30.69984,36.91858]}},{"type":"Feature","properties":{"id":"n7170489760","mode":"tramvay","name":"Şehitler Parkı","operator":""},"geometry":{"type":"Point","coordinates":[30.70766,36.91894]}},{"type":"Feature","properties":{"id":"n7170489761","mode":"tramvay","name":"Kepez Belediyesi","operator":""},"geometry":{"type":"Point","coordinates":[30.71386,36.91777]}},{"type":"Feature","properties":{"id":"n7170489762","mode":"tramvay","name":"Yeşilırmak","operator":""},"geometry":{"type":"Point","coordinates":[30.7145,36.92195]}},{"type":"Feature","properties":{"id":"n7170489763","mode":"tramvay","name":"Gündoğdu","operator":""},"geometry":{"type":"Point","coordinates":[30.71324,36.92778]}},{"type":"Feature","properties":{"id":"n7170489764","mode":"tramvay","name":"Sütçüler","operator":""},"geometry":{"type":"Point","coordinates":[30.71186,36.93396]}},{"type":"Feature","properties":{"id":"n7170489765","mode":"tramvay","name":"Gazi","operator":""},"geometry":{"type":"Point","coordinates":[30.71044,36.93999]}},{"type":"Feature","properties":{"id":"n7170489766","mode":"tramvay","name":"Kuzeykaya","operator":""},"geometry":{"type":"Point","coordinates":[30.70932,36.94424]}},{"type":"Feature","properties":{"id":"n7170489767","mode":"tramvay","name":"Fevzi Çakmak","operator":""},"geometry":{"type":"Point","coordinates":[30.70807,36.94842]}},{"type":"Feature","properties":{"id":"n7170489768","mode":"tramvay","name":"Ulubatlı Hasan","operator":""},"geometry":{"type":"Point","coordinates":[30.70837,36.95438]}},{"type":"Feature","properties":{"id":"n7170489769","mode":"tramvay","name":"Süleyman Demirel","operator":""},"geometry":{"type":"Point","coordinates":[30.70979,36.95814]}},{"type":"Feature","properties":{"id":"n7170489771","mode":"tramvay","name":"Karşıyaka","operator":""},"geometry":{"type":"Point","coordinates":[30.71393,36.96941]}},{"type":"Feature","properties":{"id":"n7170489772","mode":"tramvay","name":"Aydoğmuş","operator":""},"geometry":{"type":"Point","coordinates":[30.71411,36.97519]}},{"type":"Feature","properties":{"id":"n7170489773","mode":"tramvay","name":"Aktoprak","operator":""},"geometry":{"type":"Point","coordinates":[30.7148,36.98059]}},{"type":"Feature","properties":{"id":"n7170489774","mode":"tramvay","name":"Kepezpark","operator":""},"geometry":{"type":"Point","coordinates":[30.71542,36.98498]}},{"type":"Feature","properties":{"id":"n7170489775","mode":"tramvay","name":"Varsak","operator":""},"geometry":{"type":"Point","coordinates":[30.71641,36.9889]}},{"type":"Feature","properties":{"id":"n7170489884","mode":"tramvay","name":"Atatürk","operator":""},"geometry":{"type":"Point","coordinates":[30.6831,36.91929]}},{"type":"Feature","properties":{"id":"n7255754212","mode":"tramvay","name":"Kılıçdede","operator":""},"geometry":{"type":"Point","coordinates":[36.34637,41.28263]}},{"type":"Feature","properties":{"id":"n7261072002","mode":"tramvay","name":"Samsunspor","operator":""},"geometry":{"type":"Point","coordinates":[36.35588,41.27685]}},{"type":"Feature","properties":{"id":"n7261628497","mode":"tramvay","name":"Belediye Evleri","operator":""},"geometry":{"type":"Point","coordinates":[36.36536,41.27322]}},{"type":"Feature","properties":{"id":"n7266337122","mode":"tramvay","name":"Gar","operator":""},"geometry":{"type":"Point","coordinates":[36.34055,41.28673]}},{"type":"Feature","properties":{"id":"n7681187640","mode":"tramvay","name":"Zeytinburnu","operator":""},"geometry":{"type":"Point","coordinates":[28.89016,41.00153]}},{"type":"Feature","properties":{"id":"n7711133901","mode":"tramvay","name":"Cevizlibağ-A.Ö.Y.","operator":""},"geometry":{"type":"Point","coordinates":[28.91162,41.016]}},{"type":"Feature","properties":{"id":"n7721021165","mode":"tramvay","name":"Öykü","operator":""},"geometry":{"type":"Point","coordinates":[30.59403,39.74043]}},{"type":"Feature","properties":{"id":"n7721023724","mode":"tramvay","name":"75.Yıl","operator":""},"geometry":{"type":"Point","coordinates":[30.61654,39.70967]}},{"type":"Feature","properties":{"id":"n7726360352","mode":"tramvay","name":"T1-Uluyol","operator":""},"geometry":{"type":"Point","coordinates":[29.06367,40.19533]}},{"type":"Feature","properties":{"id":"n7726360353","mode":"tramvay","name":"T1-Heykel","operator":""},"geometry":{"type":"Point","coordinates":[29.06618,40.18298]}},{"type":"Feature","properties":{"id":"n7794377221","mode":"tramvay","name":"T1-Çarşamba/Merinos","operator":""},"geometry":{"type":"Point","coordinates":[29.0535,40.19474]}},{"type":"Feature","properties":{"id":"n7794408143","mode":"tramvay","name":"T1-Darmstad","operator":""},"geometry":{"type":"Point","coordinates":[29.05058,40.19526]}},{"type":"Feature","properties":{"id":"n7837065862","mode":"tramvay","name":"Damga Sokak","operator":""},"geometry":{"type":"Point","coordinates":[29.02056,40.98885]}},{"type":"Feature","properties":{"id":"n7847558852","mode":"tramvay","name":"Sekapark","operator":"UlaşımPark"},"geometry":{"type":"Point","coordinates":[29.91091,40.76138]}},{"type":"Feature","properties":{"id":"n7847558865","mode":"tramvay","name":"Tren Garı","operator":"UlaşımPark"},"geometry":{"type":"Point","coordinates":[29.91829,40.76231]}},{"type":"Feature","properties":{"id":"n7916522873","mode":"tramvay","name":"Harikalar Diyarı","operator":"Kayseri Büyükşehir Belediyesi"},"geometry":{"type":"Point","coordinates":[35.56502,38.76679]}},{"type":"Feature","properties":{"id":"n7916643601","mode":"tramvay","name":"Hunat","operator":"Kayseri Büyükşehir Belediyesi"},"geometry":{"type":"Point","coordinates":[35.49304,38.72327]}},{"type":"Feature","properties":{"id":"n7916694217","mode":"tramvay","name":"Tuna","operator":"Kayseri Büyükşehir Belediyesi"},"geometry":{"type":"Point","coordinates":[35.51925,38.73067]}},{"type":"Feature","properties":{"id":"n7916694630","mode":"tramvay","name":"Erciyes Evler","operator":"Kayseri Büyükşehir Belediyesi"},"geometry":{"type":"Point","coordinates":[35.5253,38.73241]}},{"type":"Feature","properties":{"id":"n7916697882","mode":"tramvay","name":"Doğu Terminali","operator":"Kayseri Büyükşehir Belediyesi"},"geometry":{"type":"Point","coordinates":[35.54275,38.74326]}},{"type":"Feature","properties":{"id":"n7916715614","mode":"tramvay","name":"Kumarlı","operator":"Kayseri Büyükşehir Belediyesi"},"geometry":{"type":"Point","coordinates":[35.5601,38.7585]}},{"type":"Feature","properties":{"id":"n7916721520","mode":"tramvay","name":"Mimarsinan Kavşağı","operator":"Kayseri Büyükşehir Belediyesi"},"geometry":{"type":"Point","coordinates":[35.5489,38.74876]}},{"type":"Feature","properties":{"id":"n7916749827","mode":"tramvay","name":"Ahi Evran","operator":"Kayseri Büyükşehir Belediyesi"},"geometry":{"type":"Point","coordinates":[35.57142,38.77328]}},{"type":"Feature","properties":{"id":"n7916750362","mode":"tramvay","name":"Cırgılan","operator":"Kayseri Büyükşehir Belediyesi"},"geometry":{"type":"Point","coordinates":[35.56751,38.76976]}},{"type":"Feature","properties":{"id":"n7916992410","mode":"tramvay","name":"Beyazşehir","operator":"Kayseri Büyükşehir Belediyesi"},"geometry":{"type":"Point","coordinates":[35.58084,38.77832]}},{"type":"Feature","properties":{"id":"n7917090436","mode":"tramvay","name":"Kumarlı","operator":"Kayseri Büyükşehir Belediyesi"},"geometry":{"type":"Point","coordinates":[35.56013,38.75848]}},{"type":"Feature","properties":{"id":"n7917227463","mode":"tramvay","name":"Kızılay Kan Merkezi","operator":"Kayseri Büyükşehir Belediyesi"},"geometry":{"type":"Point","coordinates":[35.53408,38.69737]}},{"type":"Feature","properties":{"id":"n7917249442","mode":"tramvay","name":"Bahçelievler","operator":"Kayseri Büyükşehir Belediyesi"},"geometry":{"type":"Point","coordinates":[35.54524,38.69418]}},{"type":"Feature","properties":{"id":"n7917249443","mode":"tramvay","name":"Talas Belediyesi","operator":"Kayseri Büyükşehir Belediyesi"},"geometry":{"type":"Point","coordinates":[35.55006,38.69274]}},{"type":"Feature","properties":{"id":"n7917251845","mode":"tramvay","name":"Yurtlar Bölgesi","operator":"Kayseri Büyükşehir Belediyesi"},"geometry":{"type":"Point","coordinates":[35.5393,38.69587]}},{"type":"Feature","properties":{"id":"n7917256177","mode":"tramvay","name":"Şehit Mustafa Şimşek","operator":"Kayseri Büyükşehir Belediyesi"},"geometry":{"type":"Point","coordinates":[35.52597,38.72715]}},{"type":"Feature","properties":{"id":"n7917256510","mode":"tramvay","name":"Sema Yazar Parkı","operator":"Kayseri Büyükşehir Belediyesi"},"geometry":{"type":"Point","coordinates":[35.52434,38.73106]}},{"type":"Feature","properties":{"id":"n7919592951","mode":"tramvay","name":"Anafartalar","operator":"Kayseri Büyükşehir Belediyesi"},"geometry":{"type":"Point","coordinates":[35.4037,38.74092]}},{"type":"Feature","properties":{"id":"n7919592965","mode":"tramvay","name":"Tınaztepe","operator":"Kayseri Büyükşehir Belediyesi"},"geometry":{"type":"Point","coordinates":[35.37994,38.73761]}},{"type":"Feature","properties":{"id":"n7919608384","mode":"tramvay","name":"DSİ - Yeni Sanayi","operator":"Kayseri Büyükşehir Belediyesi"},"geometry":{"type":"Point","coordinates":[35.44569,38.72969]}},{"type":"Feature","properties":{"id":"n7919615651","mode":"tramvay","name":"Sakarya","operator":"Kayseri Büyükşehir Belediyesi"},"geometry":{"type":"Point","coordinates":[35.41786,38.73621]}},{"type":"Feature","properties":{"id":"n7919615670","mode":"tramvay","name":"Keykubat","operator":"Kayseri Büyükşehir Belediyesi"},"geometry":{"type":"Point","coordinates":[35.41104,38.73935]}},{"type":"Feature","properties":{"id":"n7919615675","mode":"tramvay","name":"Selimiye","operator":"Kayseri Büyükşehir Belediyesi"},"geometry":{"type":"Point","coordinates":[35.39984,38.74252]}},{"type":"Feature","properties":{"id":"n7919615677","mode":"tramvay","name":"Belsin Kürsü","operator":"Kayseri Büyükşehir Belediyesi"},"geometry":{"type":"Point","coordinates":[35.39238,38.74435]}},{"type":"Feature","properties":{"id":"n7919615678","mode":"tramvay","name":"19 Mayıs","operator":"Kayseri Büyükşehir Belediyesi"},"geometry":{"type":"Point","coordinates":[35.38844,38.73941]}},{"type":"Feature","properties":{"id":"n7919636828","mode":"tramvay","name":"Karayolları","operator":"Kayseri Büyükşehir Belediyesi"},"geometry":{"type":"Point","coordinates":[35.45953,38.72589]}},{"type":"Feature","properties":{"id":"n7919636829","mode":"tramvay","name":"Osman Kavuncu","operator":"Kayseri Büyükşehir Belediyesi"},"geometry":{"type":"Point","coordinates":[35.45312,38.72729]}},{"type":"Feature","properties":{"id":"n7919663189","mode":"tramvay","name":"Esentepe","operator":"Kayseri Büyükşehir Belediyesi"},"geometry":{"type":"Point","coordinates":[35.44127,38.72968]}},{"type":"Feature","properties":{"id":"n7919663190","mode":"tramvay","name":"Yazı Bağları","operator":"Kayseri Büyükşehir Belediyesi"},"geometry":{"type":"Point","coordinates":[35.43634,38.73186]}},{"type":"Feature","properties":{"id":"n7919663193","mode":"tramvay","name":"Stadyum","operator":"Kayseri Büyükşehir Belediyesi"},"geometry":{"type":"Point","coordinates":[35.42428,38.73356]}},{"type":"Feature","properties":{"id":"n7919668175","mode":"tramvay","name":"Hunat","operator":"Kayseri Büyükşehir Belediyesi"},"geometry":{"type":"Point","coordinates":[35.49303,38.7233]}},{"type":"Feature","properties":{"id":"n7919673695","mode":"tramvay","name":"Cumhuriyet Meydanı","operator":"Kayseri Büyükşehir Belediyesi"},"geometry":{"type":"Point","coordinates":[35.4873,38.72199]}},{"type":"Feature","properties":{"id":"n7919673696","mode":"tramvay","name":"Düvenönü","operator":"Kayseri Büyükşehir Belediyesi"},"geometry":{"type":"Point","coordinates":[35.48104,38.72086]}},{"type":"Feature","properties":{"id":"n7919673701","mode":"tramvay","name":"Eski Sanayi","operator":"Kayseri Büyükşehir Belediyesi"},"geometry":{"type":"Point","coordinates":[35.47066,38.72363]}},{"type":"Feature","properties":{"id":"n7919673702","mode":"tramvay","name":"Aydınlıkevler","operator":"Kayseri Büyükşehir Belediyesi"},"geometry":{"type":"Point","coordinates":[35.46608,38.72457]}},{"type":"Feature","properties":{"id":"n7919679794","mode":"tramvay","name":"Büyükşehir Belediyesi","operator":"Kayseri Büyükşehir Belediyesi"},"geometry":{"type":"Point","coordinates":[35.4982,38.72473]}},{"type":"Feature","properties":{"id":"n7919692118","mode":"tramvay","name":"Fuzuli","operator":"Kayseri Büyükşehir Belediyesi"},"geometry":{"type":"Point","coordinates":[35.5068,38.72715]}},{"type":"Feature","properties":{"id":"n7919693871","mode":"tramvay","name":"Erciyes Evler","operator":"Kayseri Büyükşehir Belediyesi"},"geometry":{"type":"Point","coordinates":[35.52529,38.73245]}},{"type":"Feature","properties":{"id":"n7919697520","mode":"tramvay","name":"Tuna","operator":"Kayseri Büyükşehir Belediyesi"},"geometry":{"type":"Point","coordinates":[35.51924,38.7307]}},{"type":"Feature","properties":{"id":"n7919697541","mode":"tramvay","name":"Alpaslan","operator":"Kayseri Büyükşehir Belediyesi"},"geometry":{"type":"Point","coordinates":[35.51237,38.72874]}},{"type":"Feature","properties":{"id":"n7919733173","mode":"tramvay","name":"Doğu Terminali","operator":"Kayseri Büyükşehir Belediyesi"},"geometry":{"type":"Point","coordinates":[35.54268,38.7433]}},{"type":"Feature","properties":{"id":"n7919733178","mode":"tramvay","name":"Çifte Kümbet","operator":"Kayseri Büyükşehir Belediyesi"},"geometry":{"type":"Point","coordinates":[35.53044,38.7339]}},{"type":"Feature","properties":{"id":"n7919820511","mode":"tramvay","name":"Harikalar Diyarı","operator":"Kayseri Büyükşehir Belediyesi"},"geometry":{"type":"Point","coordinates":[35.56499,38.76679]}},{"type":"Feature","properties":{"id":"n7919823385","mode":"tramvay","name":"Gökkent","operator":"Kayseri Büyükşehir Belediyesi"},"geometry":{"type":"Point","coordinates":[35.55415,38.75339]}},{"type":"Feature","properties":{"id":"n7919823386","mode":"tramvay","name":"Mimarsinan Kavşağı","operator":"Kayseri Büyükşehir Belediyesi"},"geometry":{"type":"Point","coordinates":[35.54886,38.74878]}},{"type":"Feature","properties":{"id":"n7919846649","mode":"tramvay","name":"Beyazşehir","operator":"Kayseri Büyükşehir Belediyesi"},"geometry":{"type":"Point","coordinates":[35.58082,38.77835]}},{"type":"Feature","properties":{"id":"n7919846654","mode":"tramvay","name":"Gesi Kavşağı","operator":"Kayseri Büyükşehir Belediyesi"},"geometry":{"type":"Point","coordinates":[35.57495,38.777]}},{"type":"Feature","properties":{"id":"n7919846659","mode":"tramvay","name":"Ahi Evran","operator":"Kayseri Büyükşehir Belediyesi"},"geometry":{"type":"Point","coordinates":[35.57137,38.7733]}},{"type":"Feature","properties":{"id":"n7919846661","mode":"tramvay","name":"Cırgılan","operator":"Kayseri Büyükşehir Belediyesi"},"geometry":{"type":"Point","coordinates":[35.56748,38.76978]}},{"type":"Feature","properties":{"id":"n7919877309","mode":"tramvay","name":"Millet","operator":"Kayseri Büyükşehir Belediyesi"},"geometry":{"type":"Point","coordinates":[35.59606,38.78029]}},{"type":"Feature","properties":{"id":"n7919877310","mode":"tramvay","name":"TOKİ Kavşağı","operator":"Kayseri Büyükşehir Belediyesi"},"geometry":{"type":"Point","coordinates":[35.58936,38.77981]}},{"type":"Feature","properties":{"id":"n7919898049","mode":"tramvay","name":"İldem 5","operator":"Kayseri Büyükşehir Belediyesi"},"geometry":{"type":"Point","coordinates":[35.62545,38.78701]}},{"type":"Feature","properties":{"id":"n7919898054","mode":"tramvay","name":"İldem 4","operator":"Kayseri Büyükşehir Belediyesi"},"geometry":{"type":"Point","coordinates":[35.61852,38.78618]}},{"type":"Feature","properties":{"id":"n7919901002","mode":"tramvay","name":"İldem 3","operator":"Kayseri Büyükşehir Belediyesi"},"geometry":{"type":"Point","coordinates":[35.61191,38.78518]}},{"type":"Feature","properties":{"id":"n7919901003","mode":"tramvay","name":"İldem 2","operator":"Kayseri Büyükşehir Belediyesi"},"geometry":{"type":"Point","coordinates":[35.6058,38.78429]}},{"type":"Feature","properties":{"id":"n7919901009","mode":"tramvay","name":"İldem 1","operator":"Kayseri Büyükşehir Belediyesi"},"geometry":{"type":"Point","coordinates":[35.60076,38.78239]}},{"type":"Feature","properties":{"id":"n7919972625","mode":"tramvay","name":"Talas Cemil Baba","operator":"Kayseri Büyükşehir Belediyesi"},"geometry":{"type":"Point","coordinates":[35.55458,38.68849]}},{"type":"Feature","properties":{"id":"n7919972638","mode":"tramvay","name":"Talas Belediyesi","operator":"Kayseri Büyükşehir Belediyesi"},"geometry":{"type":"Point","coordinates":[35.55004,38.6927]}},{"type":"Feature","properties":{"id":"n7919972643","mode":"tramvay","name":"Bahçelievler","operator":"Kayseri Büyükşehir Belediyesi"},"geometry":{"type":"Point","coordinates":[35.54523,38.69414]}},{"type":"Feature","properties":{"id":"n7919972647","mode":"tramvay","name":"Yurtlar Bölgesi","operator":"Kayseri Büyükşehir Belediyesi"},"geometry":{"type":"Point","coordinates":[35.53928,38.69582]}},{"type":"Feature","properties":{"id":"n7919972652","mode":"tramvay","name":"Kızılay Kan Merkezi","operator":"Kayseri Büyükşehir Belediyesi"},"geometry":{"type":"Point","coordinates":[35.53407,38.69733]}},{"type":"Feature","properties":{"id":"n7919972666","mode":"tramvay","name":"Lojmanlar","operator":"Kayseri Büyükşehir Belediyesi"},"geometry":{"type":"Point","coordinates":[35.52714,38.70017]}},{"type":"Feature","properties":{"id":"n7919972671","mode":"tramvay","name":"Hastaneler","operator":"Kayseri Büyükşehir Belediyesi"},"geometry":{"type":"Point","coordinates":[35.52882,38.70384]}},{"type":"Feature","properties":{"id":"n7919972788","mode":"tramvay","name":"Erciyes Üniversitesi","operator":"Kayseri Büyükşehir Belediyesi"},"geometry":{"type":"Point","coordinates":[35.53104,38.70795]}},{"type":"Feature","properties":{"id":"n7919972809","mode":"tramvay","name":"Teknopark","operator":"Kayseri Büyükşehir Belediyesi"},"geometry":{"type":"Point","coordinates":[35.53105,38.71405]}},{"type":"Feature","properties":{"id":"n7919972822","mode":"tramvay","name":"Şehit Furkan Doğan","operator":"Kayseri Büyükşehir Belediyesi"},"geometry":{"type":"Point","coordinates":[35.52822,38.72078]}},{"type":"Feature","properties":{"id":"n7919972835","mode":"tramvay","name":"Şehit Mustafa Şimşek","operator":"Kayseri Büyükşehir Belediyesi"},"geometry":{"type":"Point","coordinates":[35.52593,38.72713]}},{"type":"Feature","properties":{"id":"n7919972840","mode":"tramvay","name":"Sema Yazar Parkı","operator":"Kayseri Büyükşehir Belediyesi"},"geometry":{"type":"Point","coordinates":[35.52426,38.73105]}},{"type":"Feature","properties":{"id":"n7920145378","mode":"tramvay","name":"Köprülü Kavşak","operator":"Kayseri Büyükşehir Belediyesi"},"geometry":{"type":"Point","coordinates":[35.43083,38.73338]}},{"type":"Feature","properties":{"id":"n8009308050","mode":"tramvay","name":"Atatürk Spor Salonu","operator":"Tram İzmir"},"geometry":{"type":"Point","coordinates":[27.14719,38.43461]}},{"type":"Feature","properties":{"id":"n8042876310","mode":"tramvay","name":"Konak İskele","operator":""},"geometry":{"type":"Point","coordinates":[27.12721,38.41878]}},{"type":"Feature","properties":{"id":"n8042876311","mode":"tramvay","name":"Konak İskele","operator":""},"geometry":{"type":"Point","coordinates":[27.12725,38.41876]}},{"type":"Feature","properties":{"id":"n8066194778","mode":"tramvay","name":"Vakıf Çiftliği","operator":""},"geometry":{"type":"Point","coordinates":[30.66393,36.92847]}},{"type":"Feature","properties":{"id":"n8066194779","mode":"tramvay","name":"Pil Fabrikası","operator":""},"geometry":{"type":"Point","coordinates":[30.67338,36.91804]}},{"type":"Feature","properties":{"id":"n8066194780","mode":"tramvay","name":"Muratpaşa","operator":""},"geometry":{"type":"Point","coordinates":[30.70279,36.89255]}},{"type":"Feature","properties":{"id":"n8066194781","mode":"tramvay","name":"Doğu Garajı","operator":""},"geometry":{"type":"Point","coordinates":[30.71251,36.88885]}},{"type":"Feature","properties":{"id":"n8066194782","mode":"tramvay","name":"Burhanettin Onat","operator":""},"geometry":{"type":"Point","coordinates":[30.7217,36.88864]}},{"type":"Feature","properties":{"id":"n8066194783","mode":"tramvay","name":"Meydan","operator":""},"geometry":{"type":"Point","coordinates":[30.73138,36.88685]}},{"type":"Feature","properties":{"id":"n8084782904","mode":"tramvay","name":"Fahrettin Altay","operator":""},"geometry":{"type":"Point","coordinates":[27.06943,38.39792]}},{"type":"Feature","properties":{"id":"n8225587071","mode":"tramvay","name":"Cibali","operator":""},"geometry":{"type":"Point","coordinates":[28.96032,41.02425]}},{"type":"Feature","properties":{"id":"n8225587072","mode":"tramvay","name":"Cibali","operator":""},"geometry":{"type":"Point","coordinates":[28.96029,41.02423]}},{"type":"Feature","properties":{"id":"n8225587074","mode":"tramvay","name":"Balat","operator":""},"geometry":{"type":"Point","coordinates":[28.94807,41.03404]}},{"type":"Feature","properties":{"id":"n8225587075","mode":"tramvay","name":"Balat","operator":""},"geometry":{"type":"Point","coordinates":[28.94804,41.03402]}},{"type":"Feature","properties":{"id":"n8225587077","mode":"tramvay","name":"Ayvansaray","operator":""},"geometry":{"type":"Point","coordinates":[28.94397,41.03957]}},{"type":"Feature","properties":{"id":"n8225587078","mode":"tramvay","name":"Ayvansaray","operator":""},"geometry":{"type":"Point","coordinates":[28.94394,41.03954]}},{"type":"Feature","properties":{"id":"n8225587080","mode":"tramvay","name":"Feshane","operator":""},"geometry":{"type":"Point","coordinates":[28.93802,41.04555]}},{"type":"Feature","properties":{"id":"n8225587081","mode":"tramvay","name":"Feshane","operator":""},"geometry":{"type":"Point","coordinates":[28.9379,41.04554]}},{"type":"Feature","properties":{"id":"n8225587083","mode":"tramvay","name":"Eyüpsultan Teleferik","operator":""},"geometry":{"type":"Point","coordinates":[28.93521,41.05056]}},{"type":"Feature","properties":{"id":"n8225587084","mode":"tramvay","name":"Eyüpsultan Teleferik","operator":""},"geometry":{"type":"Point","coordinates":[28.93516,41.05056]}},{"type":"Feature","properties":{"id":"n8225587086","mode":"tramvay","name":"Eyüpsultan Devlet Hastanesi","operator":""},"geometry":{"type":"Point","coordinates":[28.94115,41.05676]}},{"type":"Feature","properties":{"id":"n8225587087","mode":"tramvay","name":"Eyüpsultan Devlet Hastanesi","operator":""},"geometry":{"type":"Point","coordinates":[28.94114,41.05673]}},{"type":"Feature","properties":{"id":"n8225587089","mode":"tramvay","name":"Silahtarağa Mahallesi","operator":""},"geometry":{"type":"Point","coordinates":[28.94297,41.06485]}},{"type":"Feature","properties":{"id":"n8225587090","mode":"tramvay","name":"Silahtarağa Mahallesi","operator":""},"geometry":{"type":"Point","coordinates":[28.94293,41.06486]}},{"type":"Feature","properties":{"id":"n8225587092","mode":"tramvay","name":"Üniversite","operator":""},"geometry":{"type":"Point","coordinates":[28.94288,41.0699]}},{"type":"Feature","properties":{"id":"n8225587093","mode":"tramvay","name":"Üniversite","operator":""},"geometry":{"type":"Point","coordinates":[28.94282,41.0699]}},{"type":"Feature","properties":{"id":"n8225587095","mode":"tramvay","name":"Alibeyköy Merkez","operator":""},"geometry":{"type":"Point","coordinates":[28.946,41.07369]}},{"type":"Feature","properties":{"id":"n8225587096","mode":"tramvay","name":"Alibeyköy Merkez","operator":""},"geometry":{"type":"Point","coordinates":[28.94596,41.07371]}},{"type":"Feature","properties":{"id":"n8225587098","mode":"tramvay","name":"Alibeyköy Metro","operator":""},"geometry":{"type":"Point","coordinates":[28.94944,41.07843]}},{"type":"Feature","properties":{"id":"n8225587100","mode":"tramvay","name":"Alibeyköy Metro","operator":""},"geometry":{"type":"Point","coordinates":[28.94949,41.07843]}},{"type":"Feature","properties":{"id":"n8225587102","mode":"tramvay","name":"Alibeyköy Cep Otogarı","operator":""},"geometry":{"type":"Point","coordinates":[28.94393,41.0869]}},{"type":"Feature","properties":{"id":"n8225587104","mode":"tramvay","name":"Alibeyköy Cep Otogarı","operator":""},"geometry":{"type":"Point","coordinates":[28.94393,41.08687]}},{"type":"Feature","properties":{"id":"n8284030414","mode":"tramvay","name":"Yıldırım Beyazıt","operator":"Ulaşım A.Ş."},"geometry":{"type":"Point","coordinates":[35.52935,38.72179]}},{"type":"Feature","properties":{"id":"n8284086977","mode":"tramvay","name":"Anayurt Pazar Yeri","operator":"Ulaşım A.Ş."},"geometry":{"type":"Point","coordinates":[35.56209,38.70858]}},{"type":"Feature","properties":{"id":"n8305954732","mode":"tramvay","name":"Stadyum","operator":""},"geometry":{"type":"Point","coordinates":[36.45556,41.22886]}},{"type":"Feature","properties":{"id":"n8305954949","mode":"tramvay","name":"Cumhuriyet Meydanı","operator":""},"geometry":{"type":"Point","coordinates":[36.33668,41.29054]}},{"type":"Feature","properties":{"id":"n8305954999","mode":"tramvay","name":"Çobanlı","operator":""},"geometry":{"type":"Point","coordinates":[36.25207,41.33899]}},{"type":"Feature","properties":{"id":"n8305955007","mode":"tramvay","name":"Atakent","operator":""},"geometry":{"type":"Point","coordinates":[36.24484,41.34386]}},{"type":"Feature","properties":{"id":"n8305955020","mode":"tramvay","name":"Kurupelit","operator":""},"geometry":{"type":"Point","coordinates":[36.2347,41.35553]}},{"type":"Feature","properties":{"id":"n8399345783","mode":"tramvay","name":"Eski Havaalanı","operator":"İzmir Metro A.Ş."},"geometry":{"type":"Point","coordinates":[27.05702,38.4931]}},{"type":"Feature","properties":{"id":"n8399366830","mode":"tramvay","name":"Nihat Karakartal","operator":"İzmir Metro A.Ş."},"geometry":{"type":"Point","coordinates":[27.04579,38.48598]}},{"type":"Feature","properties":{"id":"n8399366882","mode":"tramvay","name":"Çiğli Bölge Hastanesi","operator":"İzmir Metro A.Ş."},"geometry":{"type":"Point","coordinates":[27.04864,38.49753]}},{"type":"Feature","properties":{"id":"n8399366890","mode":"tramvay","name":"Ata Sanayi","operator":"İzmir Metro A.Ş."},"geometry":{"type":"Point","coordinates":[27.04549,38.50211]}},{"type":"Feature","properties":{"id":"n8399366908","mode":"tramvay","name":"İAOSB Nedim Uysal Lisesi","operator":"İzmir Metro A.Ş."},"geometry":{"type":"Point","coordinates":[27.03724,38.50419]}},{"type":"Feature","properties":{"id":"n8399366915","mode":"tramvay","name":"Mustafa Kemal Atatürk Bulvarı","operator":"İzmir Metro A.Ş."},"geometry":{"type":"Point","coordinates":[27.03704,38.49719]}},{"type":"Feature","properties":{"id":"n8399366920","mode":"tramvay","name":"İAOSB Müdürlüğü","operator":"İzmir Metro A.Ş."},"geometry":{"type":"Point","coordinates":[27.03685,38.49195]}},{"type":"Feature","properties":{"id":"n8399366931","mode":"tramvay","name":"Nihat Karakartal","operator":"İzmir Metro A.Ş."},"geometry":{"type":"Point","coordinates":[27.0458,38.48609]}},{"type":"Feature","properties":{"id":"n8442518352","mode":"tramvay","name":"Karantina","operator":"İzmir Metro"},"geometry":{"type":"Point","coordinates":[27.10543,38.40781]}},{"type":"Feature","properties":{"id":"n8442518353","mode":"tramvay","name":"Karantina","operator":"İzmir Metro"},"geometry":{"type":"Point","coordinates":[27.10542,38.40784]}},{"type":"Feature","properties":{"id":"n8445154037","mode":"tramvay","name":"Karşıyaka İskele","operator":""},"geometry":{"type":"Point","coordinates":[27.11911,38.45454]}},{"type":"Feature","properties":{"id":"n8456375588","mode":"tramvay","name":"Ataşehir","operator":"İzmir Metro"},"geometry":{"type":"Point","coordinates":[27.07303,38.47963]}},{"type":"Feature","properties":{"id":"n8456375589","mode":"tramvay","name":"Ataşehir","operator":"İzmir Metro"},"geometry":{"type":"Point","coordinates":[27.07309,38.47968]}},{"type":"Feature","properties":{"id":"n8456375600","mode":"tramvay","name":"Çevre Yolu","operator":"İzmir Metro"},"geometry":{"type":"Point","coordinates":[27.06585,38.47958]}},{"type":"Feature","properties":{"id":"n8456375601","mode":"tramvay","name":"Çevre Yolu","operator":"İzmir Metro"},"geometry":{"type":"Point","coordinates":[27.06587,38.47956]}},{"type":"Feature","properties":{"id":"n8456403424","mode":"tramvay","name":"Mavişehir","operator":"İzmir Metro"},"geometry":{"type":"Point","coordinates":[27.06786,38.47542]}},{"type":"Feature","properties":{"id":"n8456403430","mode":"tramvay","name":"Mustafa Kemal Atatürk Spor Salonu","operator":""},"geometry":{"type":"Point","coordinates":[27.0748,38.47524]}},{"type":"Feature","properties":{"id":"n8464410090","mode":"tramvay","name":"Hocazade Camii","operator":"İzmir Metro"},"geometry":{"type":"Point","coordinates":[27.14397,38.43307]}},{"type":"Feature","properties":{"id":"n8464410091","mode":"tramvay","name":"Hocazade Camii","operator":"İzmir Metro"},"geometry":{"type":"Point","coordinates":[27.14406,38.43303]}},{"type":"Feature","properties":{"id":"n8465815909","mode":"tramvay","name":"Bostanlı İskele","operator":"İzmir Metro"},"geometry":{"type":"Point","coordinates":[27.09747,38.45454]}},{"type":"Feature","properties":{"id":"n8465833022","mode":"tramvay","name":"Çarşı","operator":"İzmir Metro"},"geometry":{"type":"Point","coordinates":[27.0944,38.4581]}},{"type":"Feature","properties":{"id":"n8465833023","mode":"tramvay","name":"Çarşı","operator":"İzmir Metro"},"geometry":{"type":"Point","coordinates":[27.09443,38.45809]}},{"type":"Feature","properties":{"id":"n8465833028","mode":"tramvay","name":"Selçuk Yaşar","operator":"İzmir Metro"},"geometry":{"type":"Point","coordinates":[27.08602,38.46381]}},{"type":"Feature","properties":{"id":"n8465833058","mode":"tramvay","name":"Atakent","operator":"İzmir Metro"},"geometry":{"type":"Point","coordinates":[27.08785,38.46778]}},{"type":"Feature","properties":{"id":"n8465833059","mode":"tramvay","name":"Atakent","operator":"İzmir Metro"},"geometry":{"type":"Point","coordinates":[27.08789,38.46779]}},{"type":"Feature","properties":{"id":"n8465833136","mode":"tramvay","name":"Bilim Müzesi","operator":"İzmir Metro"},"geometry":{"type":"Point","coordinates":[27.08224,38.47418]}},{"type":"Feature","properties":{"id":"n8465833137","mode":"tramvay","name":"Bilim Müzesi","operator":"İzmir Metro"},"geometry":{"type":"Point","coordinates":[27.08232,38.47422]}},{"type":"Feature","properties":{"id":"n8465833147","mode":"tramvay","name":"Vilayet Evi","operator":"İzmir Metro"},"geometry":{"type":"Point","coordinates":[27.09008,38.46053]}},{"type":"Feature","properties":{"id":"n8465833150","mode":"tramvay","name":"Vilayet Evi","operator":"İzmir Metro"},"geometry":{"type":"Point","coordinates":[27.09008,38.46051]}},{"type":"Feature","properties":{"id":"n8466073532","mode":"tramvay","name":"Yunuslar","operator":"İzmir Metro"},"geometry":{"type":"Point","coordinates":[27.1035,38.45166]}},{"type":"Feature","properties":{"id":"n8486662913","mode":"tramvay","name":"Ahmed Adnan Saygun Sanat Merkezi","operator":"İzmir Metro"},"geometry":{"type":"Point","coordinates":[27.07784,38.40068]}},{"type":"Feature","properties":{"id":"n8551310842","mode":"tramvay","name":"Rıza Paşa","operator":""},"geometry":{"type":"Point","coordinates":[29.02272,40.98467]}},{"type":"Feature","properties":{"id":"n8998564989","mode":"tramvay","name":"Gaziantep Üniversitesi","operator":""},"geometry":{"type":"Point","coordinates":[37.31885,37.03418]}},{"type":"Feature","properties":{"id":"n8998564990","mode":"tramvay","name":"Gaziantep Üniversitesi","operator":""},"geometry":{"type":"Point","coordinates":[37.3172,37.03415]}},{"type":"Feature","properties":{"id":"n9040353877","mode":"tramvay","name":"Bağcılar","operator":""},"geometry":{"type":"Point","coordinates":[28.86062,41.03221]}},{"type":"Feature","properties":{"id":"n9105332829","mode":"tramvay","name":"Şelale","operator":""},"geometry":{"type":"Point","coordinates":[30.71198,36.96351]}},{"type":"Feature","properties":{"id":"n9105332830","mode":"tramvay","name":"Varsak","operator":""},"geometry":{"type":"Point","coordinates":[30.71651,36.9889]}},{"type":"Feature","properties":{"id":"n9105332831","mode":"tramvay","name":"Kepezpark","operator":""},"geometry":{"type":"Point","coordinates":[30.71538,36.98498]}},{"type":"Feature","properties":{"id":"n9105332832","mode":"tramvay","name":"Aktoprak","operator":""},"geometry":{"type":"Point","coordinates":[30.71474,36.98059]}},{"type":"Feature","properties":{"id":"n9105332833","mode":"tramvay","name":"Aydoğmuş","operator":""},"geometry":{"type":"Point","coordinates":[30.71406,36.97519]}},{"type":"Feature","properties":{"id":"n9105332834","mode":"tramvay","name":"Karşıyaka","operator":""},"geometry":{"type":"Point","coordinates":[30.71388,36.9694]}},{"type":"Feature","properties":{"id":"n9105332835","mode":"tramvay","name":"Şelale","operator":""},"geometry":{"type":"Point","coordinates":[30.71203,36.96349]}},{"type":"Feature","properties":{"id":"n9105332836","mode":"tramvay","name":"Süleyman Demirel","operator":""},"geometry":{"type":"Point","coordinates":[30.70984,36.95812]}},{"type":"Feature","properties":{"id":"n9105332837","mode":"tramvay","name":"Ulubatlı Hasan","operator":""},"geometry":{"type":"Point","coordinates":[30.70842,36.95436]}},{"type":"Feature","properties":{"id":"n9105332838","mode":"tramvay","name":"Fevzi Çakmak","operator":""},"geometry":{"type":"Point","coordinates":[30.70801,36.94842]}},{"type":"Feature","properties":{"id":"n9105332839","mode":"tramvay","name":"Kuzeykaya","operator":""},"geometry":{"type":"Point","coordinates":[30.70921,36.94422]}},{"type":"Feature","properties":{"id":"n9105332840","mode":"tramvay","name":"Gazi","operator":""},"geometry":{"type":"Point","coordinates":[30.7104,36.93998]}},{"type":"Feature","properties":{"id":"n9105332841","mode":"tramvay","name":"Sütçüler","operator":""},"geometry":{"type":"Point","coordinates":[30.71181,36.93396]}},{"type":"Feature","properties":{"id":"n9105332842","mode":"tramvay","name":"Gündoğdu","operator":""},"geometry":{"type":"Point","coordinates":[30.71319,36.92776]}},{"type":"Feature","properties":{"id":"n9105332843","mode":"tramvay","name":"Yeşilırmak","operator":""},"geometry":{"type":"Point","coordinates":[30.71454,36.92195]}},{"type":"Feature","properties":{"id":"n9105332844","mode":"tramvay","name":"Kepez Belediyesi","operator":""},"geometry":{"type":"Point","coordinates":[30.71387,36.91781]}},{"type":"Feature","properties":{"id":"n9105332845","mode":"tramvay","name":"Şehitler Parkı","operator":""},"geometry":{"type":"Point","coordinates":[30.70766,36.91898]}},{"type":"Feature","properties":{"id":"n9105332846","mode":"tramvay","name":"Erdem Beyazıt K.M.","operator":""},"geometry":{"type":"Point","coordinates":[30.69984,36.91868]}},{"type":"Feature","properties":{"id":"n9105332847","mode":"tramvay","name":"Yıldırım Beyazıt","operator":""},"geometry":{"type":"Point","coordinates":[30.69482,36.91862]}},{"type":"Feature","properties":{"id":"n9105332848","mode":"tramvay","name":"Zafer","operator":""},"geometry":{"type":"Point","coordinates":[30.68898,36.91888]}},{"type":"Feature","properties":{"id":"n9203015695","mode":"tramvay","name":"Sakarya","operator":""},"geometry":{"type":"Point","coordinates":[30.67608,36.92114]}},{"type":"Feature","properties":{"id":"n9203015696","mode":"tramvay","name":"Sakarya","operator":""},"geometry":{"type":"Point","coordinates":[30.67606,36.92111]}},{"type":"Feature","properties":{"id":"n9203048630","mode":"tramvay","name":"Batıgar","operator":""},"geometry":{"type":"Point","coordinates":[30.66786,36.92117]}},{"type":"Feature","properties":{"id":"n9203048631","mode":"tramvay","name":"Batıgar","operator":""},"geometry":{"type":"Point","coordinates":[30.66801,36.92112]}},{"type":"Feature","properties":{"id":"n9203048632","mode":"tramvay","name":"Kültür","operator":""},"geometry":{"type":"Point","coordinates":[30.66329,36.90797]}},{"type":"Feature","properties":{"id":"n9203048633","mode":"tramvay","name":"Kültür","operator":""},"geometry":{"type":"Point","coordinates":[30.66315,36.90797]}},{"type":"Feature","properties":{"id":"n9203048635","mode":"tramvay","name":"Üniversite Hastanesi","operator":""},"geometry":{"type":"Point","coordinates":[30.66554,36.89873]}},{"type":"Feature","properties":{"id":"n9203048636","mode":"tramvay","name":"Üniversite Hastanesi","operator":""},"geometry":{"type":"Point","coordinates":[30.66544,36.89873]}},{"type":"Feature","properties":{"id":"n9203048637","mode":"tramvay","name":"Akdeniz Üniversitesi","operator":""},"geometry":{"type":"Point","coordinates":[30.66495,36.89369]}},{"type":"Feature","properties":{"id":"n9203048638","mode":"tramvay","name":"Akdeniz Üniversitesi","operator":""},"geometry":{"type":"Point","coordinates":[30.66482,36.89371]}},{"type":"Feature","properties":{"id":"n9203048639","mode":"tramvay","name":"Meltem","operator":""},"geometry":{"type":"Point","coordinates":[30.66993,36.89264]}},{"type":"Feature","properties":{"id":"n9203048640","mode":"tramvay","name":"Meltem","operator":""},"geometry":{"type":"Point","coordinates":[30.66993,36.89256]}},{"type":"Feature","properties":{"id":"n9203048660","mode":"tramvay","name":"Yenidoğan","operator":""},"geometry":{"type":"Point","coordinates":[30.66576,36.91531]}},{"type":"Feature","properties":{"id":"n9203048661","mode":"tramvay","name":"Yenidoğan","operator":""},"geometry":{"type":"Point","coordinates":[30.66582,36.91529]}},{"type":"Feature","properties":{"id":"n9203048662","mode":"tramvay","name":"Eğitim Araştırma Hastanesi","operator":""},"geometry":{"type":"Point","coordinates":[30.67624,36.89079]}},{"type":"Feature","properties":{"id":"n9203048663","mode":"tramvay","name":"Eğitim Araştırma Hastanesi","operator":""},"geometry":{"type":"Point","coordinates":[30.67613,36.89077]}},{"type":"Feature","properties":{"id":"n9203048664","mode":"tramvay","name":"Müze","operator":""},"geometry":{"type":"Point","coordinates":[30.68101,36.88479]}},{"type":"Feature","properties":{"id":"n9203048665","mode":"tramvay","name":"Müze","operator":""},"geometry":{"type":"Point","coordinates":[30.68102,36.88472]}},{"type":"Feature","properties":{"id":"n9413781857","mode":"tramvay","name":"Belediye","operator":"Konya Büyükşehir Belediyesi"},"geometry":{"type":"Point","coordinates":[32.4885,37.87669]}},{"type":"Feature","properties":{"id":"n9413781858","mode":"tramvay","name":"Belediye","operator":"Konya Büyükşehir Belediyesi"},"geometry":{"type":"Point","coordinates":[32.48849,37.87666]}},{"type":"Feature","properties":{"id":"n9413781859","mode":"tramvay","name":"Nalçacı","operator":"Konya Büyükşehir Belediyesi"},"geometry":{"type":"Point","coordinates":[32.48916,37.88133]}},{"type":"Feature","properties":{"id":"n9413781860","mode":"tramvay","name":"Kule","operator":"Konya Büyükşehir Belediyesi"},"geometry":{"type":"Point","coordinates":[32.49461,37.88739]}},{"type":"Feature","properties":{"id":"n9413781861","mode":"tramvay","name":"Kunduracılar","operator":"Konya Büyükşehir Belediyesi"},"geometry":{"type":"Point","coordinates":[32.49751,37.89375]}},{"type":"Feature","properties":{"id":"n9413781862","mode":"tramvay","name":"Eski Sanayi","operator":"Konya Büyükşehir Belediyesi"},"geometry":{"type":"Point","coordinates":[32.49,37.89961]}},{"type":"Feature","properties":{"id":"n9413781863","mode":"tramvay","name":"Aydınlıkevler","operator":"Konya Büyükşehir Belediyesi"},"geometry":{"type":"Point","coordinates":[32.4956,37.90602]}},{"type":"Feature","properties":{"id":"n9413781864","mode":"tramvay","name":"Aydınlıkevler","operator":"Konya Büyükşehir Belediyesi"},"geometry":{"type":"Point","coordinates":[32.49563,37.90601]}},{"type":"Feature","properties":{"id":"n9413781865","mode":"tramvay","name":"Şehitler Camii","operator":"Konya Büyükşehir Belediyesi"},"geometry":{"type":"Point","coordinates":[32.50054,37.91154]}},{"type":"Feature","properties":{"id":"n9413781866","mode":"tramvay","name":"Sakarya","operator":"Konya Büyükşehir Belediyesi"},"geometry":{"type":"Point","coordinates":[32.50589,37.91622]}},{"type":"Feature","properties":{"id":"n9413781867","mode":"tramvay","name":"Sakarya","operator":"Konya Büyükşehir Belediyesi"},"geometry":{"type":"Point","coordinates":[32.50594,37.91621]}},{"type":"Feature","properties":{"id":"n9413781868","mode":"tramvay","name":"Teknik Lise","operator":"Konya Büyükşehir Belediyesi"},"geometry":{"type":"Point","coordinates":[32.50796,37.92477]}},{"type":"Feature","properties":{"id":"n9413781869","mode":"tramvay","name":"1.Organize Sanayi","operator":"Konya Büyükşehir Belediyesi"},"geometry":{"type":"Point","coordinates":[32.50918,37.92935]}},{"type":"Feature","properties":{"id":"n9413781870","mode":"tramvay","name":"1.Organize Sanayi","operator":"Konya Büyükşehir Belediyesi"},"geometry":{"type":"Point","coordinates":[32.50921,37.92935]}},{"type":"Feature","properties":{"id":"n9413781871","mode":"tramvay","name":"Eyüp Sultan","operator":"Konya Büyükşehir Belediyesi"},"geometry":{"type":"Point","coordinates":[32.51077,37.9361]}},{"type":"Feature","properties":{"id":"n9413781872","mode":"tramvay","name":"Binkonutlar","operator":"Konya Büyükşehir Belediyesi"},"geometry":{"type":"Point","coordinates":[32.51147,37.94075]}},{"type":"Feature","properties":{"id":"n9413781873","mode":"tramvay","name":"Binkonutlar","operator":"Konya Büyükşehir Belediyesi"},"geometry":{"type":"Point","coordinates":[32.51144,37.94075]}},{"type":"Feature","properties":{"id":"n9413781874","mode":"tramvay","name":"Erenkaya","operator":"Konya Büyükşehir Belediyesi"},"geometry":{"type":"Point","coordinates":[32.51197,37.94414]}},{"type":"Feature","properties":{"id":"n9413781876","mode":"tramvay","name":"Medaş","operator":"Konya Büyükşehir Belediyesi"},"geometry":{"type":"Point","coordinates":[32.51313,37.95388]}},{"type":"Feature","properties":{"id":"n9413781877","mode":"tramvay","name":"Elmalılı Hamdi","operator":"Konya Büyükşehir Belediyesi"},"geometry":{"type":"Point","coordinates":[32.51385,37.9592]}},{"type":"Feature","properties":{"id":"n9413781878","mode":"tramvay","name":"Yazır","operator":"Konya Büyükşehir Belediyesi"},"geometry":{"type":"Point","coordinates":[32.51552,37.97191]}},{"type":"Feature","properties":{"id":"n9413781879","mode":"tramvay","name":"Japon Parkı","operator":"Konya Büyükşehir Belediyesi"},"geometry":{"type":"Point","coordinates":[32.51616,37.97691]}},{"type":"Feature","properties":{"id":"n9413781880","mode":"tramvay","name":"Japon Parkı","operator":"Konya Büyükşehir Belediyesi"},"geometry":{"type":"Point","coordinates":[32.51619,37.97691]}},{"type":"Feature","properties":{"id":"n9413781881","mode":"tramvay","name":"Sancak","operator":"Konya Büyükşehir Belediyesi"},"geometry":{"type":"Point","coordinates":[32.51684,37.98201]}},{"type":"Feature","properties":{"id":"n9413781882","mode":"tramvay","name":"Piri Reis","operator":"Konya Büyükşehir Belediyesi"},"geometry":{"type":"Point","coordinates":[32.51783,37.98939]}},{"type":"Feature","properties":{"id":"n9413781883","mode":"tramvay","name":"Fırat Caddesi","operator":"Konya Büyükşehir Belediyesi"},"geometry":{"type":"Point","coordinates":[32.51864,37.99546]}},{"type":"Feature","properties":{"id":"n9413781884","mode":"tramvay","name":"Buzlukbaşı Köprüsü","operator":"Konya Büyükşehir Belediyesi"},"geometry":{"type":"Point","coordinates":[32.51964,38.00296]}},{"type":"Feature","properties":{"id":"n9413781885","mode":"tramvay","name":"Buzlukbaşı Köprüsü","operator":"Konya Büyükşehir Belediyesi"},"geometry":{"type":"Point","coordinates":[32.51967,38.00296]}},{"type":"Feature","properties":{"id":"n9413781886","mode":"tramvay","name":"Bosna Hersek","operator":"Konya Büyükşehir Belediyesi"},"geometry":{"type":"Point","coordinates":[32.51857,38.00981]}},{"type":"Feature","properties":{"id":"n9413781887","mode":"tramvay","name":"Bosna Hersek","operator":"Konya Büyükşehir Belediyesi"},"geometry":{"type":"Point","coordinates":[32.5186,38.00982]}},{"type":"Feature","properties":{"id":"n9413781888","mode":"tramvay","name":"Kampüs Giriş","operator":"Konya Büyükşehir Belediyesi"},"geometry":{"type":"Point","coordinates":[32.51564,38.01923]}},{"type":"Feature","properties":{"id":"n9420509625","mode":"tramvay","name":"Plajyolu","operator":"UlaşımPark"},"geometry":{"type":"Point","coordinates":[29.88687,40.76274]}},{"type":"Feature","properties":{"id":"n9420509626","mode":"tramvay","name":"Plajyolu","operator":"UlaşımPark"},"geometry":{"type":"Point","coordinates":[29.88687,40.76271]}},{"type":"Feature","properties":{"id":"n9420509627","mode":"tramvay","name":"Eğitim Kampüsü","operator":"UlaşımPark"},"geometry":{"type":"Point","coordinates":[29.89223,40.76232]}},{"type":"Feature","properties":{"id":"n9420509628","mode":"tramvay","name":"Eğitim Kampüsü","operator":"UlaşımPark"},"geometry":{"type":"Point","coordinates":[29.89222,40.76228]}},{"type":"Feature","properties":{"id":"n9420509629","mode":"tramvay","name":"Kongre Merkezi","operator":"UlaşımPark"},"geometry":{"type":"Point","coordinates":[29.897,40.76178]}},{"type":"Feature","properties":{"id":"n9420509630","mode":"tramvay","name":"Kongre Merkezi","operator":"UlaşımPark"},"geometry":{"type":"Point","coordinates":[29.89699,40.76175]}},{"type":"Feature","properties":{"id":"n9420509631","mode":"tramvay","name":"Seka Devlet Hatanesi","operator":"UlaşımPark"},"geometry":{"type":"Point","coordinates":[29.90177,40.76121]}},{"type":"Feature","properties":{"id":"n9420509632","mode":"tramvay","name":"Seka Devlet Hatanesi","operator":"UlaşımPark"},"geometry":{"type":"Point","coordinates":[29.90177,40.76118]}},{"type":"Feature","properties":{"id":"n9439021167","mode":"tramvay","name":"Hükümet","operator":"Konya Büyükşehir Belediyesi"},"geometry":{"type":"Point","coordinates":[32.49771,37.87205]}},{"type":"Feature","properties":{"id":"n9439021168","mode":"tramvay","name":"Hükümet","operator":"Konya Büyükşehir Belediyesi"},"geometry":{"type":"Point","coordinates":[32.4977,37.87202]}},{"type":"Feature","properties":{"id":"n9439021175","mode":"tramvay","name":"Mevlana","operator":"Konya Büyükşehir Belediyesi"},"geometry":{"type":"Point","coordinates":[32.50664,37.87058]}},{"type":"Feature","properties":{"id":"n9439021176","mode":"tramvay","name":"Mevlana","operator":"Konya Büyükşehir Belediyesi"},"geometry":{"type":"Point","coordinates":[32.50665,37.87055]}},{"type":"Feature","properties":{"id":"n9439021179","mode":"tramvay","name":"Mevlana Kültür Merkezi","operator":"Konya Büyükşehir Belediyesi"},"geometry":{"type":"Point","coordinates":[32.51559,37.87053]}},{"type":"Feature","properties":{"id":"n9439021180","mode":"tramvay","name":"Mevlana Kültür Merkezi","operator":"Konya Büyükşehir Belediyesi"},"geometry":{"type":"Point","coordinates":[32.514,37.87053]}},{"type":"Feature","properties":{"id":"n9439021187","mode":"tramvay","name":"Fetih Caddesi","operator":"Konya Büyükşehir Belediyesi"},"geometry":{"type":"Point","coordinates":[32.52531,37.87009]}},{"type":"Feature","properties":{"id":"n9439021188","mode":"tramvay","name":"Fetih Caddesi","operator":"Konya Büyükşehir Belediyesi"},"geometry":{"type":"Point","coordinates":[32.52677,37.86996]}},{"type":"Feature","properties":{"id":"n9439021190","mode":"tramvay","name":"Spor ve Kongre Merkezi","operator":"Konya Büyükşehir Belediyesi"},"geometry":{"type":"Point","coordinates":[32.53517,37.8689]}},{"type":"Feature","properties":{"id":"n9439021191","mode":"tramvay","name":"Spor ve Kongre Merkezi","operator":"Konya Büyükşehir Belediyesi"},"geometry":{"type":"Point","coordinates":[32.53645,37.8689]}},{"type":"Feature","properties":{"id":"n9439021192","mode":"tramvay","name":"Karşehir Caddesi","operator":"Konya Büyükşehir Belediyesi"},"geometry":{"type":"Point","coordinates":[32.54221,37.86882]}},{"type":"Feature","properties":{"id":"n9439021193","mode":"tramvay","name":"Karşehir Caddesi","operator":"Konya Büyükşehir Belediyesi"},"geometry":{"type":"Point","coordinates":[32.54221,37.86886]}},{"type":"Feature","properties":{"id":"n9439021204","mode":"tramvay","name":"Adliye","operator":"Konya Büyükşehir Belediyesi"},"geometry":{"type":"Point","coordinates":[32.54296,37.86136]}},{"type":"Feature","properties":{"id":"n9439021205","mode":"tramvay","name":"Adliye","operator":"Konya Büyükşehir Belediyesi"},"geometry":{"type":"Point","coordinates":[32.54301,37.86136]}},{"type":"Feature","properties":{"id":"n9608366190","mode":"tramvay","name":"Opera","operator":""},"geometry":{"type":"Point","coordinates":[30.5256,39.78224]}},{"type":"Feature","properties":{"id":"n9793358279","mode":"tramvay","name":"Küçükpazar","operator":""},"geometry":{"type":"Point","coordinates":[28.96326,41.02092]}},{"type":"Feature","properties":{"id":"n9862773655","mode":"tramvay","name":"T2-Terminal","operator":"BURULAŞ A.Ş."},"geometry":{"type":"Point","coordinates":[29.05408,40.26464]}},{"type":"Feature","properties":{"id":"n9862773656","mode":"tramvay","name":"T2-Meslek Yüksek Okulu","operator":"BURULAŞ A.Ş."},"geometry":{"type":"Point","coordinates":[29.06256,40.25682]}},{"type":"Feature","properties":{"id":"n9862773657","mode":"tramvay","name":"T2-Yeniceabat","operator":"BURULAŞ A.Ş."},"geometry":{"type":"Point","coordinates":[29.06411,40.25186]}},{"type":"Feature","properties":{"id":"n9862773658","mode":"tramvay","name":"T2-Panayır","operator":"BURULAŞ A.Ş."},"geometry":{"type":"Point","coordinates":[29.06371,40.24549]}},{"type":"Feature","properties":{"id":"n9862773659","mode":"tramvay","name":"T2-BUTTİM","operator":"BURULAŞ A.Ş."},"geometry":{"type":"Point","coordinates":[29.06321,40.23856]}},{"type":"Feature","properties":{"id":"n9862773660","mode":"tramvay","name":"T2-Otokoop/Orman Bölge","operator":"BURULAŞ A.Ş."},"geometry":{"type":"Point","coordinates":[29.06278,40.23204]}},{"type":"Feature","properties":{"id":"n9862773661","mode":"tramvay","name":"T2-Bölge Adliye/Müftülük","operator":"BURULAŞ A.Ş."},"geometry":{"type":"Point","coordinates":[29.06227,40.22503]}},{"type":"Feature","properties":{"id":"n9862773662","mode":"tramvay","name":"T2-Fatih/Altınova","operator":"BURULAŞ A.Ş."},"geometry":{"type":"Point","coordinates":[29.06167,40.21672]}},{"type":"Feature","properties":{"id":"n9862773663","mode":"tramvay","name":"T2-Beşyol","operator":"BURULAŞ A.Ş."},"geometry":{"type":"Point","coordinates":[29.06102,40.20743]}},{"type":"Feature","properties":{"id":"n9862773664","mode":"tramvay","name":"T2-Gençosman","operator":"BURULAŞ A.Ş."},"geometry":{"type":"Point","coordinates":[29.06158,40.20031]}},{"type":"Feature","properties":{"id":"n9862773665","mode":"tramvay","name":"T2-Kent Meydanı","operator":"BURULAŞ A.Ş."},"geometry":{"type":"Point","coordinates":[29.06205,40.1961]}},{"type":"Feature","properties":{"id":"n9977188058","mode":"tramvay","name":"T2-Kent Meydanı","operator":"BURULAŞ A.Ş."},"geometry":{"type":"Point","coordinates":[29.06196,40.19611]}},{"type":"Feature","properties":{"id":"n9977188059","mode":"tramvay","name":"T2-Beşyol","operator":"BURULAŞ A.Ş."},"geometry":{"type":"Point","coordinates":[29.0609,40.20742]}},{"type":"Feature","properties":{"id":"n9977188060","mode":"tramvay","name":"T2-Fatih/Altınova","operator":"BURULAŞ A.Ş."},"geometry":{"type":"Point","coordinates":[29.06155,40.21671]}},{"type":"Feature","properties":{"id":"n9977188061","mode":"tramvay","name":"T2-Bölge Adliye/Müftülük","operator":"BURULAŞ A.Ş."},"geometry":{"type":"Point","coordinates":[29.06215,40.22502]}},{"type":"Feature","properties":{"id":"n9977188062","mode":"tramvay","name":"T2-Otokoop/Orman Bölge","operator":"BURULAŞ A.Ş."},"geometry":{"type":"Point","coordinates":[29.06266,40.23203]}},{"type":"Feature","properties":{"id":"n9977188063","mode":"tramvay","name":"T2-BUTTİM","operator":"BURULAŞ A.Ş."},"geometry":{"type":"Point","coordinates":[29.06309,40.23855]}},{"type":"Feature","properties":{"id":"n9977188064","mode":"tramvay","name":"T2-Panayır","operator":"BURULAŞ A.Ş."},"geometry":{"type":"Point","coordinates":[29.0636,40.2455]}},{"type":"Feature","properties":{"id":"n9977188065","mode":"tramvay","name":"T2-Yeniceabat","operator":"BURULAŞ A.Ş."},"geometry":{"type":"Point","coordinates":[29.06397,40.25185]}},{"type":"Feature","properties":{"id":"n9977188066","mode":"tramvay","name":"T2-Meslek Yüksek Okulu","operator":"BURULAŞ A.Ş."},"geometry":{"type":"Point","coordinates":[29.06243,40.25677]}},{"type":"Feature","properties":{"id":"n9977188067","mode":"tramvay","name":"T2-Terminal","operator":"BURULAŞ A.Ş."},"geometry":{"type":"Point","coordinates":[29.05403,40.26462]}},{"type":"Feature","properties":{"id":"n10278729587","mode":"tramvay","name":"Katip Çelebi Üniversitesi","operator":"İzmir Metro A.Ş."},"geometry":{"type":"Point","coordinates":[27.03017,38.50706]}},{"type":"Feature","properties":{"id":"n10278729588","mode":"tramvay","name":"Katip Çelebi Üniversitesi","operator":"İzmir Metro A.Ş."},"geometry":{"type":"Point","coordinates":[27.03026,38.50706]}},{"type":"Feature","properties":{"id":"n10284728854","mode":"tramvay","name":"Ömürevleri","operator":""},"geometry":{"type":"Point","coordinates":[36.25871,41.3368]}},{"type":"Feature","properties":{"id":"n10284780658","mode":"tramvay","name":"Türk-İş","operator":""},"geometry":{"type":"Point","coordinates":[36.26971,41.33236]}},{"type":"Feature","properties":{"id":"n10284780685","mode":"tramvay","name":"Atakum Belediyesi","operator":""},"geometry":{"type":"Point","coordinates":[36.28621,41.32727]}},{"type":"Feature","properties":{"id":"n10284829724","mode":"tramvay","name":"Mimar Sinan","operator":""},"geometry":{"type":"Point","coordinates":[36.28264,41.3291]}},{"type":"Feature","properties":{"id":"n10284829725","mode":"tramvay","name":"Mimar Sinan","operator":""},"geometry":{"type":"Point","coordinates":[36.28131,41.32963]}},{"type":"Feature","properties":{"id":"n10284829730","mode":"tramvay","name":"Türk-İş","operator":""},"geometry":{"type":"Point","coordinates":[36.27109,41.33208]}},{"type":"Feature","properties":{"id":"n10577681292","mode":"tramvay","name":"19 Mayıs Sanayi","operator":""},"geometry":{"type":"Point","coordinates":[36.41965,41.23389]}},{"type":"Feature","properties":{"id":"n10577681293","mode":"tramvay","name":"İlkadım Sanayi","operator":""},"geometry":{"type":"Point","coordinates":[36.41364,41.23784]}},{"type":"Feature","properties":{"id":"n10577681384","mode":"tramvay","name":"Mavi Işıklar","operator":""},"geometry":{"type":"Point","coordinates":[36.37319,41.27045]}},{"type":"Feature","properties":{"id":"n10578570636","mode":"tramvay","name":"Tekkeköy","operator":""},"geometry":{"type":"Point","coordinates":[36.45329,41.22512]}},{"type":"Feature","properties":{"id":"n10578581451","mode":"tramvay","name":"Kirazlık","operator":""},"geometry":{"type":"Point","coordinates":[36.40194,41.24551]}},{"type":"Feature","properties":{"id":"n10578581460","mode":"tramvay","name":"Asarağaç","operator":""},"geometry":{"type":"Point","coordinates":[36.39751,41.24822]}},{"type":"Feature","properties":{"id":"n10578581475","mode":"tramvay","name":"Örnek Sanayi","operator":""},"geometry":{"type":"Point","coordinates":[36.40792,41.24157]}},{"type":"Feature","properties":{"id":"n10578581486","mode":"tramvay","name":"Organize Sanayi","operator":""},"geometry":{"type":"Point","coordinates":[36.42535,41.23017]}},{"type":"Feature","properties":{"id":"n10578581505","mode":"tramvay","name":"Balıkçı Barınağı","operator":""},"geometry":{"type":"Point","coordinates":[36.37971,41.2665]}},{"type":"Feature","properties":{"id":"n10580177103","mode":"tramvay","name":"Yeni Mahalle","operator":""},"geometry":{"type":"Point","coordinates":[36.23752,41.35169]}},{"type":"Feature","properties":{"id":"n10581526363","mode":"tramvay","name":"Atakum Belediyesi","operator":""},"geometry":{"type":"Point","coordinates":[36.28723,41.32678]}},{"type":"Feature","properties":{"id":"n10648329991","mode":"tramvay","name":"Olimpik Havuz","operator":""},"geometry":{"type":"Point","coordinates":[37.33076,37.06979]}},{"type":"Feature","properties":{"id":"n10648331010","mode":"tramvay","name":"Sanko Okulları","operator":""},"geometry":{"type":"Point","coordinates":[37.34004,37.06688]}},{"type":"Feature","properties":{"id":"n10649856792","mode":"tramvay","name":"Burç Kavşağı","operator":"Gaziulaş"},"geometry":{"type":"Point","coordinates":[37.31168,37.02733]}},{"type":"Feature","properties":{"id":"n10650261746","mode":"tramvay","name":"Adliye","operator":""},"geometry":{"type":"Point","coordinates":[37.35067,37.08545]}},{"type":"Feature","properties":{"id":"n10650261770","mode":"tramvay","name":"Kolej Vakfı","operator":""},"geometry":{"type":"Point","coordinates":[37.34474,37.08935]}},{"type":"Feature","properties":{"id":"n10650261781","mode":"tramvay","name":"Güvenevler","operator":""},"geometry":{"type":"Point","coordinates":[37.33876,37.09065]}},{"type":"Feature","properties":{"id":"n10650261787","mode":"tramvay","name":"Duisburg","operator":""},"geometry":{"type":"Point","coordinates":[37.33624,37.08661]}},{"type":"Feature","properties":{"id":"n10653139731","mode":"tramvay","name":"Kadı Değirmeni","operator":""},"geometry":{"type":"Point","coordinates":[37.33462,37.06175]}},{"type":"Feature","properties":{"id":"n10653139753","mode":"tramvay","name":"Tıp Fakültesi","operator":""},"geometry":{"type":"Point","coordinates":[37.32223,37.04118]}},{"type":"Feature","properties":{"id":"n10653139767","mode":"tramvay","name":"Binevler","operator":""},"geometry":{"type":"Point","coordinates":[37.32596,37.04813]}},{"type":"Feature","properties":{"id":"n10653139776","mode":"tramvay","name":"Rasaf Yolu","operator":""},"geometry":{"type":"Point","coordinates":[37.33067,37.05623]}},{"type":"Feature","properties":{"id":"n10654458828","mode":"tramvay","name":"Güneykent","operator":""},"geometry":{"type":"Point","coordinates":[37.32813,37.02891]}},{"type":"Feature","properties":{"id":"n10654458884","mode":"tramvay","name":"Harikalar Diyarı","operator":""},"geometry":{"type":"Point","coordinates":[37.34709,37.06464]}},{"type":"Feature","properties":{"id":"n10654458903","mode":"tramvay","name":"Masal Parkı","operator":""},"geometry":{"type":"Point","coordinates":[37.35497,37.06487]}},{"type":"Feature","properties":{"id":"n10654458918","mode":"tramvay","name":"25 Aralık Devlet Hastanesi","operator":""},"geometry":{"type":"Point","coordinates":[37.36232,37.06689]}},{"type":"Feature","properties":{"id":"n10654458938","mode":"tramvay","name":"Gazimuhtarpaşa","operator":""},"geometry":{"type":"Point","coordinates":[37.37144,37.0688]}},{"type":"Feature","properties":{"id":"n10654458953","mode":"tramvay","name":"15 Temmuz Demokrasi Meydanı","operator":""},"geometry":{"type":"Point","coordinates":[37.37698,37.06616]}},{"type":"Feature","properties":{"id":"n10654458964","mode":"tramvay","name":"Gar","operator":""},"geometry":{"type":"Point","coordinates":[37.37995,37.07088]}},{"type":"Feature","properties":{"id":"n10712016651","mode":"tramvay","name":"Halef Hoca","operator":"Ulaşım A.Ş."},"geometry":{"type":"Point","coordinates":[35.55675,38.70958]}},{"type":"Feature","properties":{"id":"n10712096818","mode":"tramvay","name":"Anafartalar 2","operator":"Kayseri Büyükşehir Belediyesi"},"geometry":{"type":"Point","coordinates":[35.40149,38.74328]}},{"type":"Feature","properties":{"id":"n10712096819","mode":"tramvay","name":"Anafartalar 2","operator":"Kayseri Büyükşehir Belediyesi"},"geometry":{"type":"Point","coordinates":[35.40139,38.74329]}},{"type":"Feature","properties":{"id":"n10712096820","mode":"tramvay","name":"Otogar","operator":"Kayseri Büyükşehir Belediyesi"},"geometry":{"type":"Point","coordinates":[35.40435,38.74848]}},{"type":"Feature","properties":{"id":"n10712096821","mode":"tramvay","name":"Otogar","operator":"Kayseri Büyükşehir Belediyesi"},"geometry":{"type":"Point","coordinates":[35.40425,38.74852]}},{"type":"Feature","properties":{"id":"n10712096822","mode":"tramvay","name":"Fen Lisesi","operator":"Kayseri Büyükşehir Belediyesi"},"geometry":{"type":"Point","coordinates":[35.4085,38.75487]}},{"type":"Feature","properties":{"id":"n10712096823","mode":"tramvay","name":"Fen Lisesi","operator":"Kayseri Büyükşehir Belediyesi"},"geometry":{"type":"Point","coordinates":[35.40853,38.75484]}},{"type":"Feature","properties":{"id":"n10712096824","mode":"tramvay","name":"Hurdacılar","operator":"Kayseri Büyükşehir Belediyesi"},"geometry":{"type":"Point","coordinates":[35.41204,38.76]}},{"type":"Feature","properties":{"id":"n10712096825","mode":"tramvay","name":"Hurdacılar","operator":"Kayseri Büyükşehir Belediyesi"},"geometry":{"type":"Point","coordinates":[35.41208,38.75998]}},{"type":"Feature","properties":{"id":"n10712096826","mode":"tramvay","name":"Psikiyatri Hastanesi","operator":"Kayseri Büyükşehir Belediyesi"},"geometry":{"type":"Point","coordinates":[35.41279,38.76487]}},{"type":"Feature","properties":{"id":"n10712096827","mode":"tramvay","name":"Psikiyatri Hastanesi","operator":"Kayseri Büyükşehir Belediyesi"},"geometry":{"type":"Point","coordinates":[35.41267,38.76486]}},{"type":"Feature","properties":{"id":"n10712096828","mode":"tramvay","name":"Şehir Hastanesi","operator":"Kayseri Büyükşehir Belediyesi"},"geometry":{"type":"Point","coordinates":[35.41261,38.76959]}},{"type":"Feature","properties":{"id":"n10712096829","mode":"tramvay","name":"Şehir Hastanesi","operator":"Kayseri Büyükşehir Belediyesi"},"geometry":{"type":"Point","coordinates":[35.41249,38.76956]}},{"type":"Feature","properties":{"id":"n10712096830","mode":"tramvay","name":"Hastane Konutları","operator":"Kayseri Büyükşehir Belediyesi"},"geometry":{"type":"Point","coordinates":[35.41237,38.77436]}},{"type":"Feature","properties":{"id":"n10712096831","mode":"tramvay","name":"Hastane Konutları","operator":"Kayseri Büyükşehir Belediyesi"},"geometry":{"type":"Point","coordinates":[35.41233,38.77435]}},{"type":"Feature","properties":{"id":"n10712096832","mode":"tramvay","name":"Nuh Naci Yazgan","operator":"Kayseri Büyükşehir Belediyesi"},"geometry":{"type":"Point","coordinates":[35.41331,38.77922]}},{"type":"Feature","properties":{"id":"n10712096833","mode":"tramvay","name":"Nuh Naci Yazgan","operator":"Kayseri Büyükşehir Belediyesi"},"geometry":{"type":"Point","coordinates":[35.4133,38.77924]}},{"type":"Feature","properties":{"id":"n10712096834","mode":"tramvay","name":"Mobilyakent 1","operator":"Kayseri Büyükşehir Belediyesi"},"geometry":{"type":"Point","coordinates":[35.41937,38.77687]}},{"type":"Feature","properties":{"id":"n10712096835","mode":"tramvay","name":"Mobilyakent 1","operator":"Kayseri Büyükşehir Belediyesi"},"geometry":{"type":"Point","coordinates":[35.4194,38.77689]}},{"type":"Feature","properties":{"id":"n10712096836","mode":"tramvay","name":"Mobilyakent 2","operator":"Kayseri Büyükşehir Belediyesi"},"geometry":{"type":"Point","coordinates":[35.4259,38.77347]}},{"type":"Feature","properties":{"id":"n10712096837","mode":"tramvay","name":"Mobilyakent 2","operator":"Kayseri Büyükşehir Belediyesi"},"geometry":{"type":"Point","coordinates":[35.42586,38.77349]}},{"type":"Feature","properties":{"id":"n10712096838","mode":"tramvay","name":"Kumsmall AVM","operator":"Kayseri Büyükşehir Belediyesi"},"geometry":{"type":"Point","coordinates":[35.43238,38.7778]}},{"type":"Feature","properties":{"id":"n10712096839","mode":"tramvay","name":"Kumsmall AVM","operator":"Kayseri Büyükşehir Belediyesi"},"geometry":{"type":"Point","coordinates":[35.43245,38.77773]}},{"type":"Feature","properties":{"id":"n10715924565","mode":"tramvay","name":"Keçitepesi","operator":"Ulaşım A.Ş."},"geometry":{"type":"Point","coordinates":[35.53871,38.72102]}},{"type":"Feature","properties":{"id":"n10715924566","mode":"tramvay","name":"Dedeman İHL","operator":"Ulaşım A.Ş."},"geometry":{"type":"Point","coordinates":[35.54752,38.72009]}},{"type":"Feature","properties":{"id":"n10715924567","mode":"tramvay","name":"Germiraltı","operator":"Ulaşım A.Ş."},"geometry":{"type":"Point","coordinates":[35.55527,38.71862]}},{"type":"Feature","properties":{"id":"n10715924568","mode":"tramvay","name":"Kayseri Üniversitesi","operator":"Ulaşım A.Ş."},"geometry":{"type":"Point","coordinates":[35.55626,38.71399]}},{"type":"Feature","properties":{"id":"n10715924569","mode":"tramvay","name":"Halef Hoca","operator":"Ulaşım A.Ş."},"geometry":{"type":"Point","coordinates":[35.55685,38.70961]}},{"type":"Feature","properties":{"id":"n10715924571","mode":"tramvay","name":"İzzet Bayraktar Camii","operator":"Ulaşım A.Ş."},"geometry":{"type":"Point","coordinates":[35.56635,38.70249]}},{"type":"Feature","properties":{"id":"n10732506527","mode":"tramvay","name":"Fizik Tedavi Rehabilitasyon","operator":"UlaşımPark"},"geometry":{"type":"Point","coordinates":[29.95432,40.78472]}},{"type":"Feature","properties":{"id":"n10732506543","mode":"tramvay","name":"Fizik Tedavi Rehabilitasyon","operator":"UlaşımPark"},"geometry":{"type":"Point","coordinates":[29.95433,40.78475]}},{"type":"Feature","properties":{"id":"n10752955692","mode":"tramvay","name":"Kanal Boyu","operator":"UlaşımPark"},"geometry":{"type":"Point","coordinates":[29.95756,40.76802]}},{"type":"Feature","properties":{"id":"n10826323732","mode":"tramvay","name":"Kuruçeşme","operator":"UlaşımPark"},"geometry":{"type":"Point","coordinates":[29.87716,40.7642]}},{"type":"Feature","properties":{"id":"n10826323733","mode":"tramvay","name":"Kuruçeşme","operator":"UlaşımPark"},"geometry":{"type":"Point","coordinates":[29.87716,40.76413]}},{"type":"Feature","properties":{"id":"n11028128165","mode":"tramvay","name":"Turgut Özal","operator":"Ulaşım A.Ş."},"geometry":{"type":"Point","coordinates":[35.56552,38.70664]}},{"type":"Feature","properties":{"id":"n11130573170","mode":"tramvay","name":"Opera","operator":""},"geometry":{"type":"Point","coordinates":[30.52557,39.78225]}},{"type":"Feature","properties":{"id":"n11157685024","mode":"tramvay","name":"Küçükpazar","operator":""},"geometry":{"type":"Point","coordinates":[28.9633,41.02094]}},{"type":"Feature","properties":{"id":"n11157685025","mode":"tramvay","name":"Eminönü","operator":""},"geometry":{"type":"Point","coordinates":[28.97002,41.01829]}},{"type":"Feature","properties":{"id":"n11157685026","mode":"tramvay","name":"Eminönü","operator":""},"geometry":{"type":"Point","coordinates":[28.96999,41.01821]}},{"type":"Feature","properties":{"id":"n11215655386","mode":"tramvay","name":"Kanal Boyu","operator":"UlaşımPark"},"geometry":{"type":"Point","coordinates":[29.95759,40.76803]}},{"type":"Feature","properties":{"id":"n11215655387","mode":"tramvay","name":"Turan Güneş","operator":"UlaşımPark"},"geometry":{"type":"Point","coordinates":[29.95356,40.77302]}},{"type":"Feature","properties":{"id":"n11215655388","mode":"tramvay","name":"Turan Güneş","operator":"UlaşımPark"},"geometry":{"type":"Point","coordinates":[29.95362,40.77303]}},{"type":"Feature","properties":{"id":"n11215655389","mode":"tramvay","name":"Başaran","operator":"UlaşımPark"},"geometry":{"type":"Point","coordinates":[29.95015,40.77839]}},{"type":"Feature","properties":{"id":"n11215655390","mode":"tramvay","name":"Başaran","operator":"UlaşımPark"},"geometry":{"type":"Point","coordinates":[29.9502,40.77839]}},{"type":"Feature","properties":{"id":"n11215655391","mode":"tramvay","name":"Şehir Hastanesi","operator":"UlaşımPark"},"geometry":{"type":"Point","coordinates":[29.96101,40.78408]}},{"type":"Feature","properties":{"id":"n11215655392","mode":"tramvay","name":"Şehir Hastanesi","operator":"UlaşımPark"},"geometry":{"type":"Point","coordinates":[29.96098,40.78404]}},{"type":"Feature","properties":{"id":"n11251798802","mode":"tramvay","name":"75.Yıl","operator":""},"geometry":{"type":"Point","coordinates":[30.61648,39.70967]}},{"type":"Feature","properties":{"id":"n11301858362","mode":"tramvay","name":"Yıldırım Beyazıt","operator":"Ulaşım A.Ş."},"geometry":{"type":"Point","coordinates":[35.52935,38.7217]}},{"type":"Feature","properties":{"id":"n11301858363","mode":"tramvay","name":"Keçitepesi","operator":"Ulaşım A.Ş."},"geometry":{"type":"Point","coordinates":[35.53869,38.72092]}},{"type":"Feature","properties":{"id":"n11301858364","mode":"tramvay","name":"Dedeman İHL","operator":"Ulaşım A.Ş."},"geometry":{"type":"Point","coordinates":[35.54751,38.72001]}},{"type":"Feature","properties":{"id":"n11301858365","mode":"tramvay","name":"Germiraltı","operator":"Ulaşım A.Ş."},"geometry":{"type":"Point","coordinates":[35.55516,38.71861]}},{"type":"Feature","properties":{"id":"n11301858366","mode":"tramvay","name":"Kayseri Üniversitesi","operator":"Ulaşım A.Ş."},"geometry":{"type":"Point","coordinates":[35.55618,38.71399]}},{"type":"Feature","properties":{"id":"n11301858367","mode":"tramvay","name":"Anayurt Pazar Yeri","operator":"Ulaşım A.Ş."},"geometry":{"type":"Point","coordinates":[35.56209,38.7085]}},{"type":"Feature","properties":{"id":"n11301858368","mode":"tramvay","name":"Turgut Özal","operator":"Ulaşım A.Ş."},"geometry":{"type":"Point","coordinates":[35.56545,38.70664]}},{"type":"Feature","properties":{"id":"n11301869669","mode":"tramvay","name":"İzzet Bayraktar Camii","operator":"Ulaşım A.Ş."},"geometry":{"type":"Point","coordinates":[35.56627,38.70246]}},{"type":"Feature","properties":{"id":"n11486557064","mode":"tramvay","name":"Demirkapı","operator":""},"geometry":{"type":"Point","coordinates":[28.92797,41.04172]}},{"type":"Feature","properties":{"id":"n11533514355","mode":"tramvay","name":"Semra Aksu","operator":"İzmir Metro A.Ş."},"geometry":{"type":"Point","coordinates":[27.06159,38.49236]}},{"type":"Feature","properties":{"id":"n11533514356","mode":"tramvay","name":"Semra Aksu","operator":"İzmir Metro A.Ş."},"geometry":{"type":"Point","coordinates":[27.06154,38.49231]}},{"type":"Feature","properties":{"id":"n11533514357","mode":"tramvay","name":"Eski Havaalanı","operator":"İzmir Metro A.Ş."},"geometry":{"type":"Point","coordinates":[27.05702,38.49304]}},{"type":"Feature","properties":{"id":"n11533514358","mode":"tramvay","name":"Yenimahalle","operator":"İzmir Metro A.Ş."},"geometry":{"type":"Point","coordinates":[27.05077,38.49382]}},{"type":"Feature","properties":{"id":"n11533514359","mode":"tramvay","name":"Yenimahalle","operator":"İzmir Metro A.Ş."},"geometry":{"type":"Point","coordinates":[27.05068,38.49381]}},{"type":"Feature","properties":{"id":"n11533514360","mode":"tramvay","name":"Çiğli Bölge Hastanesi","operator":"İzmir Metro A.Ş."},"geometry":{"type":"Point","coordinates":[27.04873,38.49755]}},{"type":"Feature","properties":{"id":"n11533514361","mode":"tramvay","name":"Ata Sanayi","operator":"İzmir Metro A.Ş."},"geometry":{"type":"Point","coordinates":[27.04558,38.50215]}},{"type":"Feature","properties":{"id":"n11533514362","mode":"tramvay","name":"Evka 5","operator":"İzmir Metro A.Ş."},"geometry":{"type":"Point","coordinates":[27.04265,38.50625]}},{"type":"Feature","properties":{"id":"n11533514367","mode":"tramvay","name":"İAOSB Nedim Uysal Lisesi","operator":"İzmir Metro A.Ş."},"geometry":{"type":"Point","coordinates":[27.03712,38.50462]}},{"type":"Feature","properties":{"id":"n11533554060","mode":"tramvay","name":"Flamingo","operator":"İzmir Metro A.Ş."},"geometry":{"type":"Point","coordinates":[27.05955,38.48613]}},{"type":"Feature","properties":{"id":"n11533554061","mode":"tramvay","name":"Flamingo","operator":"İzmir Metro A.Ş."},"geometry":{"type":"Point","coordinates":[27.05956,38.4862]}},{"type":"Feature","properties":{"id":"n11533554064","mode":"tramvay","name":"Nazım Hikmet Ran","operator":"İzmir Metro A.Ş."},"geometry":{"type":"Point","coordinates":[27.05257,38.48589]}},{"type":"Feature","properties":{"id":"n11533554065","mode":"tramvay","name":"Nazım Hikmet Ran","operator":"İzmir Metro A.Ş."},"geometry":{"type":"Point","coordinates":[27.05261,38.48594]}},{"type":"Feature","properties":{"id":"n11533556272","mode":"tramvay","name":"Kemal Baysak","operator":"İzmir Metro A.Ş."},"geometry":{"type":"Point","coordinates":[27.0365,38.48685]}},{"type":"Feature","properties":{"id":"n11533556273","mode":"tramvay","name":"Kemal Baysak","operator":"İzmir Metro A.Ş."},"geometry":{"type":"Point","coordinates":[27.03717,38.48625]}},{"type":"Feature","properties":{"id":"n11533556282","mode":"tramvay","name":"Mustafa Kemal Atatürk Bulvarı","operator":"İzmir Metro A.Ş."},"geometry":{"type":"Point","coordinates":[27.03695,38.49917]}},{"type":"Feature","properties":{"id":"n11534039122","mode":"tramvay","name":"İAOSB Müdürlüğü","operator":"İzmir Metro A.Ş."},"geometry":{"type":"Point","coordinates":[27.03671,38.49212]}},{"type":"Feature","properties":{"id":"n11565089736","mode":"tramvay","name":"Evka 5","operator":"İzmir Metro A.Ş."},"geometry":{"type":"Point","coordinates":[27.04162,38.50621]}},{"type":"Feature","properties":{"id":"n11635585079","mode":"tramvay","name":"Kumlubel","operator":""},"geometry":{"type":"Point","coordinates":[30.51818,39.79513]}},{"type":"Feature","properties":{"id":"n12196745510","mode":"tramvay","name":"Demirkapı","operator":""},"geometry":{"type":"Point","coordinates":[28.92753,41.04082]}},{"type":"Feature","properties":{"id":"n12196745511","mode":"tramvay","name":"Feshane","operator":""},"geometry":{"type":"Point","coordinates":[28.93778,41.04553]}},{"type":"Feature","properties":{"id":"n12196745512","mode":"tramvay","name":"Eyüpsultan","operator":"İstanbul Tramvayı"},"geometry":{"type":"Point","coordinates":[28.93183,41.04589]}},{"type":"Feature","properties":{"id":"n12196745513","mode":"tramvay","name":"Eyüpsultan","operator":"İstanbul Tramvayı"},"geometry":{"type":"Point","coordinates":[28.93189,41.04586]}},{"type":"Feature","properties":{"id":"n12196745515","mode":"tramvay","name":"Bayrampaşa Meydan","operator":"İstanbul Tramvayı"},"geometry":{"type":"Point","coordinates":[28.91327,41.03347]}},{"type":"Feature","properties":{"id":"n12196745516","mode":"tramvay","name":"Bayrampaşa","operator":"İstanbul Tramvayı"},"geometry":{"type":"Point","coordinates":[28.92151,41.03421]}},{"type":"Feature","properties":{"id":"n12196745517","mode":"tramvay","name":"Bayrampaşa","operator":"İstanbul Tramvayı"},"geometry":{"type":"Point","coordinates":[28.92155,41.03419]}},{"type":"Feature","properties":{"id":"n12520431272","mode":"tramvay","name":"Kentpark","operator":""},"geometry":{"type":"Point","coordinates":[30.55144,39.7747]}},{"type":"Feature","properties":{"id":"n12520431273","mode":"tramvay","name":"Kentpark","operator":""},"geometry":{"type":"Point","coordinates":[30.55116,39.77479]}},{"type":"Feature","properties":{"id":"n12609235118","mode":"tramvay","name":"Şeker","operator":""},"geometry":{"type":"Point","coordinates":[30.54165,39.77676]}},{"type":"Feature","properties":{"id":"n12609235119","mode":"tramvay","name":"Şeker","operator":""},"geometry":{"type":"Point","coordinates":[30.54237,39.77662]}},{"type":"Feature","properties":{"id":"n12609235120","mode":"tramvay","name":"İsmail Gaspıralı","operator":""},"geometry":{"type":"Point","coordinates":[30.53268,39.78014]}},{"type":"Feature","properties":{"id":"n12609235121","mode":"tramvay","name":"İsmail Gaspıralı","operator":""},"geometry":{"type":"Point","coordinates":[30.53134,39.78031]}},{"type":"Feature","properties":{"id":"n12621082478","mode":"tramvay","name":"Sıhhiye","operator":""},"geometry":{"type":"Point","coordinates":[30.51781,39.79056]}},{"type":"Feature","properties":{"id":"n12621082479","mode":"tramvay","name":"Sıhhiye","operator":""},"geometry":{"type":"Point","coordinates":[30.51802,39.78921]}},{"type":"Feature","properties":{"id":"n12621082480","mode":"tramvay","name":"Gaffar Okkan","operator":""},"geometry":{"type":"Point","coordinates":[30.52069,39.78817]}},{"type":"Feature","properties":{"id":"n12621082481","mode":"tramvay","name":"Gaffar Okkan","operator":""},"geometry":{"type":"Point","coordinates":[30.52157,39.78819]}},{"type":"Feature","properties":{"id":"n12621082482","mode":"tramvay","name":"Büyük Park","operator":""},"geometry":{"type":"Point","coordinates":[30.52904,39.78738]}},{"type":"Feature","properties":{"id":"n12621082483","mode":"tramvay","name":"Büyük Park","operator":""},"geometry":{"type":"Point","coordinates":[30.5286,39.78672]}},{"type":"Feature","properties":{"id":"n12621082484","mode":"tramvay","name":"Opera","operator":""},"geometry":{"type":"Point","coordinates":[30.52619,39.78111]}},{"type":"Feature","properties":{"id":"n12621082485","mode":"tramvay","name":"Opera","operator":""},"geometry":{"type":"Point","coordinates":[30.52475,39.78108]}},{"type":"Feature","properties":{"id":"n12692601738","mode":"tramvay","name":"Şehir Hastanesi","operator":""},"geometry":{"type":"Point","coordinates":[30.59792,39.7452]}},{"type":"Feature","properties":{"id":"n12692601739","mode":"tramvay","name":"Park","operator":""},"geometry":{"type":"Point","coordinates":[30.60134,39.74374]}},{"type":"Feature","properties":{"id":"n12692601740","mode":"tramvay","name":"Park","operator":""},"geometry":{"type":"Point","coordinates":[30.60129,39.74375]}},{"type":"Feature","properties":{"id":"n12692601741","mode":"tramvay","name":"ESTİM","operator":""},"geometry":{"type":"Point","coordinates":[30.60632,39.74176]}},{"type":"Feature","properties":{"id":"n12692601742","mode":"tramvay","name":"ESTİM","operator":""},"geometry":{"type":"Point","coordinates":[30.60635,39.74179]}},{"type":"Feature","properties":{"id":"n12692601743","mode":"tramvay","name":"Oto Center","operator":""},"geometry":{"type":"Point","coordinates":[30.61243,39.73904]}},{"type":"Feature","properties":{"id":"n12692601744","mode":"tramvay","name":"Oto Center","operator":""},"geometry":{"type":"Point","coordinates":[30.61247,39.73903]}},{"type":"Feature","properties":{"id":"n12692601745","mode":"tramvay","name":"Sultandere","operator":""},"geometry":{"type":"Point","coordinates":[30.60893,39.73022]}},{"type":"Feature","properties":{"id":"n12692601746","mode":"tramvay","name":"Sultandere","operator":""},"geometry":{"type":"Point","coordinates":[30.60897,39.73022]}},{"type":"Feature","properties":{"id":"n12692601747","mode":"tramvay","name":"Taner Kışlalı","operator":""},"geometry":{"type":"Point","coordinates":[30.61354,39.7157]}},{"type":"Feature","properties":{"id":"n12692601748","mode":"tramvay","name":"Taner Kışlalı","operator":""},"geometry":{"type":"Point","coordinates":[30.61359,39.7157]}},{"type":"Feature","properties":{"id":"n12692708140","mode":"tramvay","name":"Yaşar Kemal","operator":""},"geometry":{"type":"Point","coordinates":[30.58731,39.738]}},{"type":"Feature","properties":{"id":"n12692708141","mode":"tramvay","name":"Yaşar Kemal","operator":""},"geometry":{"type":"Point","coordinates":[30.58731,39.73797]}},{"type":"Feature","properties":{"id":"n12708355772","mode":"tramvay","name":"Kocaelispor","operator":"UlaşımPark"},"geometry":{"type":"Point","coordinates":[30.01526,40.76823]}},{"type":"Feature","properties":{"id":"n12708355773","mode":"tramvay","name":"Kocaelispor","operator":"UlaşımPark"},"geometry":{"type":"Point","coordinates":[30.01522,40.76816]}},{"type":"Feature","properties":{"id":"n12708355774","mode":"tramvay","name":"Alikahya","operator":"UlaşımPark"},"geometry":{"type":"Point","coordinates":[30.00656,40.77012]}},{"type":"Feature","properties":{"id":"n12708355775","mode":"tramvay","name":"Alikahya","operator":"UlaşımPark"},"geometry":{"type":"Point","coordinates":[30.00653,40.77004]}},{"type":"Feature","properties":{"id":"n12708355776","mode":"tramvay","name":"Fatih","operator":"UlaşımPark"},"geometry":{"type":"Point","coordinates":[29.99952,40.77151]}},{"type":"Feature","properties":{"id":"n12708355777","mode":"tramvay","name":"Fatih","operator":"UlaşımPark"},"geometry":{"type":"Point","coordinates":[29.99952,40.77145]}},{"type":"Feature","properties":{"id":"n12708355778","mode":"tramvay","name":"Cengiz Topel","operator":"UlaşımPark"},"geometry":{"type":"Point","coordinates":[29.99321,40.77148]}},{"type":"Feature","properties":{"id":"n12708355779","mode":"tramvay","name":"Cengiz Topel","operator":"UlaşımPark"},"geometry":{"type":"Point","coordinates":[29.99328,40.77156]}},{"type":"Feature","properties":{"id":"n12708355780","mode":"tramvay","name":"Yıldız","operator":"UlaşımPark"},"geometry":{"type":"Point","coordinates":[29.9859,40.7721]}},{"type":"Feature","properties":{"id":"n12708355781","mode":"tramvay","name":"Yıldız","operator":"UlaşımPark"},"geometry":{"type":"Point","coordinates":[29.9859,40.77215]}},{"type":"Feature","properties":{"id":"n12708355782","mode":"tramvay","name":"Yuvam Akarca","operator":"UlaşımPark"},"geometry":{"type":"Point","coordinates":[29.98091,40.77372]}},{"type":"Feature","properties":{"id":"n12708355783","mode":"tramvay","name":"Yuvam Akarca","operator":"UlaşımPark"},"geometry":{"type":"Point","coordinates":[29.98094,40.77373]}},{"type":"Feature","properties":{"id":"n12733800234","mode":"tramvay","name":"T1-Kent Meydanı","operator":""},"geometry":{"type":"Point","coordinates":[29.06178,40.19563]}},{"type":"Feature","properties":{"id":"n12786358925","mode":"tramvay","name":"Flamingo","operator":"İzmir Metro A.Ş."},"geometry":{"type":"Point","coordinates":[27.06146,38.48552]}},{"type":"Feature","properties":{"id":"n12790621968","mode":"tramvay","name":"Taşıyıcılar","operator":""},"geometry":{"type":"Point","coordinates":[30.08702,39.89859]}},{"type":"Feature","properties":{"id":"n12790621976","mode":"tramvay","name":"Fabrikalar-4","operator":""},"geometry":{"type":"Point","coordinates":[30.08301,39.89972]}},{"type":"Feature","properties":{"id":"n12790621982","mode":"tramvay","name":"Fabrikalar-3","operator":""},"geometry":{"type":"Point","coordinates":[30.08029,39.90006]}},{"type":"Feature","properties":{"id":"n12790621983","mode":"tramvay","name":"Fabrikalar-3","operator":""},"geometry":{"type":"Point","coordinates":[30.07995,39.90029]}},{"type":"Feature","properties":{"id":"n12790621989","mode":"tramvay","name":"Fabrikalar-2","operator":""},"geometry":{"type":"Point","coordinates":[30.07622,39.90059]}},{"type":"Feature","properties":{"id":"n12790621995","mode":"tramvay","name":"Fabrikalar-1","operator":""},"geometry":{"type":"Point","coordinates":[30.07242,39.9011]}},{"type":"Feature","properties":{"id":"n12790621996","mode":"tramvay","name":"Fabrikalar-1","operator":""},"geometry":{"type":"Point","coordinates":[30.0721,39.90127]}},{"type":"Feature","properties":{"id":"n12790621999","mode":"tramvay","name":"Fabrikalar-2","operator":""},"geometry":{"type":"Point","coordinates":[30.07588,39.9008]}},{"type":"Feature","properties":{"id":"n12790622001","mode":"tramvay","name":"Fabrikalar-4","operator":""},"geometry":{"type":"Point","coordinates":[30.08263,39.89995]}},{"type":"Feature","properties":{"id":"n12790622033","mode":"tramvay","name":"Diş Hastanesi","operator":""},"geometry":{"type":"Point","coordinates":[30.06603,39.90203]}},{"type":"Feature","properties":{"id":"n12790622034","mode":"tramvay","name":"Diş Hastanesi","operator":""},"geometry":{"type":"Point","coordinates":[30.06637,39.90182]}},{"type":"Feature","properties":{"id":"n12790622040","mode":"tramvay","name":"Yeni Sanayi","operator":""},"geometry":{"type":"Point","coordinates":[30.06321,39.90221]}},{"type":"Feature","properties":{"id":"n12790622041","mode":"tramvay","name":"Yeni Sanayi","operator":""},"geometry":{"type":"Point","coordinates":[30.06278,39.90243]}},{"type":"Feature","properties":{"id":"n12790622047","mode":"tramvay","name":"4 Eylül","operator":""},"geometry":{"type":"Point","coordinates":[30.05791,39.90288]}},{"type":"Feature","properties":{"id":"n12790622048","mode":"tramvay","name":"4 Eylül","operator":""},"geometry":{"type":"Point","coordinates":[30.05759,39.90303]}},{"type":"Feature","properties":{"id":"n12790622052","mode":"tramvay","name":"Arıklar","operator":""},"geometry":{"type":"Point","coordinates":[30.05602,39.90312]}},{"type":"Feature","properties":{"id":"n12790622053","mode":"tramvay","name":"Arıklar","operator":""},"geometry":{"type":"Point","coordinates":[30.05575,39.90325]}},{"type":"Feature","properties":{"id":"n12790622057","mode":"tramvay","name":"Meslek Lisesi","operator":""},"geometry":{"type":"Point","coordinates":[30.0533,39.90346]}},{"type":"Feature","properties":{"id":"n12790622058","mode":"tramvay","name":"Meslek Lisesi","operator":""},"geometry":{"type":"Point","coordinates":[30.05304,39.90359]}},{"type":"Feature","properties":{"id":"n12790622067","mode":"tramvay","name":"Tarım İlçe Müdürlüğü","operator":""},"geometry":{"type":"Point","coordinates":[30.04972,39.90401]}},{"type":"Feature","properties":{"id":"n12790622073","mode":"tramvay","name":"Orman Dairesi","operator":""},"geometry":{"type":"Point","coordinates":[30.04671,39.90454]}},{"type":"Feature","properties":{"id":"n12790622074","mode":"tramvay","name":"Orman Dairesi","operator":""},"geometry":{"type":"Point","coordinates":[30.04653,39.90466]}},{"type":"Feature","properties":{"id":"n12790622082","mode":"tramvay","name":"Seramik Yolu","operator":""},"geometry":{"type":"Point","coordinates":[30.04307,39.90538]}},{"type":"Feature","properties":{"id":"n12790622083","mode":"tramvay","name":"Seramik Yolu","operator":""},"geometry":{"type":"Point","coordinates":[30.04336,39.90524]}},{"type":"Feature","properties":{"id":"n12790622089","mode":"tramvay","name":"PTT","operator":""},"geometry":{"type":"Point","coordinates":[30.04094,39.90582]}},{"type":"Feature","properties":{"id":"n12790622095","mode":"tramvay","name":"Çarşı Merkez","operator":""},"geometry":{"type":"Point","coordinates":[30.03862,39.90628]}},{"type":"Feature","properties":{"id":"n12790622096","mode":"tramvay","name":"Çarşı Merkez","operator":""},"geometry":{"type":"Point","coordinates":[30.03879,39.90621]}},{"type":"Feature","properties":{"id":"n12790622099","mode":"tramvay","name":"Gazozcu Camii","operator":""},"geometry":{"type":"Point","coordinates":[30.03045,39.9075]}},{"type":"Feature","properties":{"id":"n12790622101","mode":"tramvay","name":"Gazozcu Camii","operator":""},"geometry":{"type":"Point","coordinates":[30.0303,39.9076]}},{"type":"Feature","properties":{"id":"n12790622107","mode":"tramvay","name":"Göçmen Camii","operator":""},"geometry":{"type":"Point","coordinates":[30.02803,39.909]}},{"type":"Feature","properties":{"id":"n12790622108","mode":"tramvay","name":"Göçmen Camii","operator":""},"geometry":{"type":"Point","coordinates":[30.02793,39.90914]}},{"type":"Feature","properties":{"id":"n12790622117","mode":"tramvay","name":"Adliye","operator":""},"geometry":{"type":"Point","coordinates":[30.02314,39.91439]}},{"type":"Feature","properties":{"id":"n12790622121","mode":"tramvay","name":"Cumhuriyet Meydanı","operator":""},"geometry":{"type":"Point","coordinates":[30.03562,39.90666]}},{"type":"Feature","properties":{"id":"n12790622122","mode":"tramvay","name":"Cumhuriyet Meydanı","operator":""},"geometry":{"type":"Point","coordinates":[30.03582,39.90661]}},{"type":"Feature","properties":{"id":"n12790622143","mode":"tramvay","name":"Tarım İlçe Müdürlüğü","operator":""},"geometry":{"type":"Point","coordinates":[30.05002,39.90389]}},{"type":"Feature","properties":{"id":"n12790622150","mode":"tramvay","name":"PTT","operator":""},"geometry":{"type":"Point","coordinates":[30.04115,39.90571]}},{"type":"Feature","properties":{"id":"n12790622202","mode":"tramvay","name":"Belediye","operator":""},"geometry":{"type":"Point","coordinates":[30.0335,39.90682]}},{"type":"Feature","properties":{"id":"n12790622203","mode":"tramvay","name":"Belediye","operator":""},"geometry":{"type":"Point","coordinates":[30.03331,39.90682]}},{"type":"Feature","properties":{"id":"n12801972147","mode":"tramvay","name":"Yıldız","operator":""},"geometry":{"type":"Point","coordinates":[30.52121,39.77601]}},{"type":"Feature","properties":{"id":"n13254954213","mode":"tramvay","name":"T1-Demirtaşpaşa","operator":""},"geometry":{"type":"Point","coordinates":[29.06996,40.18661]}},{"type":"Feature","properties":{"id":"n13289542134","mode":"tramvay","name":"Havalimanı (Gelen Yolcu)","operator":"Antray"},"geometry":{"type":"Point","coordinates":[30.80318,36.91057]}},{"type":"Feature","properties":{"id":"n13289542135","mode":"tramvay","name":"Havalimanı (Gelen Yolcu)","operator":"Antray"},"geometry":{"type":"Point","coordinates":[30.80306,36.91058]}},{"type":"Feature","properties":{"id":"n13625911380","mode":"tramvay","name":"Otogar","operator":"Konya Büyükşehir Belediyesi"},"geometry":{"type":"Point","coordinates":[32.51276,37.95018]}},{"type":"Feature","properties":{"id":"n13625939101","mode":"tramvay","name":"Otogar","operator":"Konya Büyükşehir Belediyesi"},"geometry":{"type":"Point","coordinates":[32.51244,37.94792]}},{"type":"Feature","properties":{"id":"n13918562483","mode":"tramvay","name":"Kampüs","operator":"Konya Büyükşehir Belediyesi"},"geometry":{"type":"Point","coordinates":[32.51389,38.01957]}},{"type":"Feature","properties":{"id":"n14167354221","mode":"tramvay","name":"Şehir Hastanesi","operator":"Konya Büyükşehir Belediyesi"},"geometry":{"type":"Point","coordinates":[32.54992,37.85568]}},{"type":"Feature","properties":{"id":"n14167354222","mode":"tramvay","name":"Şehir Hastanesi","operator":"Konya Büyükşehir Belediyesi"},"geometry":{"type":"Point","coordinates":[32.54992,37.85564]}},{"type":"Feature","properties":{"id":"n14183852921","mode":"tramvay","name":"Kartepe","operator":"UlaşımPark"},"geometry":{"type":"Point","coordinates":[30.01355,40.75659]}},{"type":"Feature","properties":{"id":"n14183852922","mode":"tramvay","name":"Kartepe","operator":"UlaşımPark"},"geometry":{"type":"Point","coordinates":[30.01358,40.75659]}},{"type":"Feature","properties":{"id":"n14183852923","mode":"tramvay","name":"Dumlupınar","operator":"UlaşımPark"},"geometry":{"type":"Point","coordinates":[30.015,40.76239]}},{"type":"Feature","properties":{"id":"n14183852924","mode":"tramvay","name":"Dumlupınar","operator":"UlaşımPark"},"geometry":{"type":"Point","coordinates":[30.01504,40.76238]}},{"type":"Feature","properties":{"id":"n27607896","mode":"vapur","name":"Rumeli Kavağı","operator":""},"geometry":{"type":"Point","coordinates":[29.0752,41.18164]}},{"type":"Feature","properties":{"id":"n27609492","mode":"vapur","name":"Ayvansaray","operator":""},"geometry":{"type":"Point","coordinates":[28.94485,41.04081]}},{"type":"Feature","properties":{"id":"n27610949","mode":"vapur","name":"Sütlüce","operator":""},"geometry":{"type":"Point","coordinates":[28.94062,41.04662]}},{"type":"Feature","properties":{"id":"n27611418","mode":"vapur","name":"Yeniköy Şehir Hatları İskelesi","operator":"İBB"},"geometry":{"type":"Point","coordinates":[29.0712,41.12171]}},{"type":"Feature","properties":{"id":"n27662647","mode":"vapur","name":"Marmaris-Rhodes","operator":""},"geometry":{"type":"Point","coordinates":[28.28165,36.84856]}},{"type":"Feature","properties":{"id":"n27779129","mode":"vapur","name":"Konak Vapur İskelesi","operator":""},"geometry":{"type":"Point","coordinates":[27.12513,38.41878]}},{"type":"Feature","properties":{"id":"n27787450","mode":"vapur","name":"Bozcaada Feribot İskelesi","operator":""},"geometry":{"type":"Point","coordinates":[26.07393,39.83462]}},{"type":"Feature","properties":{"id":"n29522464","mode":"vapur","name":"Topçular İskelesi","operator":""},"geometry":{"type":"Point","coordinates":[29.43392,40.69134]}},{"type":"Feature","properties":{"id":"n258539367","mode":"vapur","name":"Turgutreis","operator":""},"geometry":{"type":"Point","coordinates":[27.25679,36.99916]}},{"type":"Feature","properties":{"id":"n268029384","mode":"vapur","name":"Alsancak Vapur İskelesi","operator":""},"geometry":{"type":"Point","coordinates":[27.14071,38.43898]}},{"type":"Feature","properties":{"id":"n269210243","mode":"teleferik","name":"Teferrüç","operator":"Bursa Teleferik A.Ş"},"geometry":{"type":"Point","coordinates":[29.08327,40.17116]}},{"type":"Feature","properties":{"id":"n269210924","mode":"teleferik","name":"Kadıyayla","operator":"Bursa Teleferik A.Ş"},"geometry":{"type":"Point","coordinates":[29.08758,40.15148]}},{"type":"Feature","properties":{"id":"n277162338","mode":"vapur","name":"Beşiktaş Dentur İskelesi","operator":""},"geometry":{"type":"Point","coordinates":[29.00778,41.04131]}},{"type":"Feature","properties":{"id":"n277447220","mode":"vapur","name":"Beşiktaş","operator":"Şehir Hatları"},"geometry":{"type":"Point","coordinates":[29.00571,41.03999]}},{"type":"Feature","properties":{"id":"n358877297","mode":"vapur","name":"Kuzu Limanı","operator":""},"geometry":{"type":"Point","coordinates":[25.94799,40.2338]}},{"type":"Feature","properties":{"id":"n392416651","mode":"vapur","name":"Üçkuyular Feribot İskelesi","operator":""},"geometry":{"type":"Point","coordinates":[27.07019,38.40579]}},{"type":"Feature","properties":{"id":"n392467508","mode":"vapur","name":"Pasaport Vapur İskelesi","operator":""},"geometry":{"type":"Point","coordinates":[27.13234,38.42876]}},{"type":"Feature","properties":{"id":"n409151054","mode":"vapur","name":"Şehir hatları Karaköy Eminönü İskelesi","operator":""},"geometry":{"type":"Point","coordinates":[29.02253,40.99306]}},{"type":"Feature","properties":{"id":"n409178527","mode":"vapur","name":"Burgazada","operator":""},"geometry":{"type":"Point","coordinates":[29.0708,40.88108]}},{"type":"Feature","properties":{"id":"n414979669","mode":"teleferik","name":"Eyüp Teleferik İstasyonu","operator":""},"geometry":{"type":"Point","coordinates":[28.9344,41.04981]}},{"type":"Feature","properties":{"id":"n414979670","mode":"teleferik","name":"Pierre Loti Teleferik İstasyonu","operator":""},"geometry":{"type":"Point","coordinates":[28.93342,41.05335]}},{"type":"Feature","properties":{"id":"n414979679","mode":"vapur","name":"Hasköy","operator":""},"geometry":{"type":"Point","coordinates":[28.94906,41.04055]}},{"type":"Feature","properties":{"id":"n432009306","mode":"teleferik","name":"Olympos Teleferik","operator":""},"geometry":{"type":"Point","coordinates":[30.48687,36.54088]}},{"type":"Feature","properties":{"id":"n432009340","mode":"teleferik","name":"Вершина канатной дороги","operator":""},"geometry":{"type":"Point","coordinates":[30.44233,36.53665]}},{"type":"Feature","properties":{"id":"n481331395","mode":"vapur","name":"Beykoz","operator":""},"geometry":{"type":"Point","coordinates":[29.09024,41.13434]}},{"type":"Feature","properties":{"id":"n493262183","mode":"vapur","name":"Büyükada - Şehir Hatları","operator":"Şehir Hatları"},"geometry":{"type":"Point","coordinates":[29.12778,40.8761]}},{"type":"Feature","properties":{"id":"n513655717","mode":"vapur","name":"Bebek","operator":""},"geometry":{"type":"Point","coordinates":[29.04456,41.07631]}},{"type":"Feature","properties":{"id":"n513655728","mode":"vapur","name":"Arnavutköy","operator":""},"geometry":{"type":"Point","coordinates":[29.04338,41.06678]}},{"type":"Feature","properties":{"id":"n522788408","mode":"vapur","name":"Van","operator":""},"geometry":{"type":"Point","coordinates":[43.30821,38.51604]}},{"type":"Feature","properties":{"id":"n530614437","mode":"vapur","name":"İDO Yenikapı Terminalı","operator":""},"geometry":{"type":"Point","coordinates":[28.95638,41.00214]}},{"type":"Feature","properties":{"id":"n551453949","mode":"vapur","name":"Beylerbeyi İskelesi","operator":"Şehir Hatları"},"geometry":{"type":"Point","coordinates":[29.04456,41.04506]}},{"type":"Feature","properties":{"id":"n583523020","mode":"vapur","name":"Kadiköy","operator":""},"geometry":{"type":"Point","coordinates":[29.02155,40.99182]}},{"type":"Feature","properties":{"id":"n638614970","mode":"vapur","name":"Eceabat Feribot İskelesi","operator":"Gestaş Marine Transport"},"geometry":{"type":"Point","coordinates":[26.3602,40.18407]}},{"type":"Feature","properties":{"id":"n665182004","mode":"vapur","name":"Göztepe Vapur İskelesi","operator":""},"geometry":{"type":"Point","coordinates":[27.08348,38.39967]}},{"type":"Feature","properties":{"id":"n703599226","mode":"vapur","name":"Eceabat Feribot İskelesi","operator":"Gestaş Marine Transport"},"geometry":{"type":"Point","coordinates":[26.36,40.18446]}},{"type":"Feature","properties":{"id":"n761166215","mode":"teleferik","name":"Köroğlu","operator":""},"geometry":{"type":"Point","coordinates":[31.81219,40.57324]}},{"type":"Feature","properties":{"id":"n791374408","mode":"vapur","name":"Dikili","operator":""},"geometry":{"type":"Point","coordinates":[26.88646,39.07049]}},{"type":"Feature","properties":{"id":"n866131760","mode":"vapur","name":"Izmir","operator":""},"geometry":{"type":"Point","coordinates":[27.14701,38.44551]}},{"type":"Feature","properties":{"id":"n972066800","mode":"vapur","name":"Kınalıada","operator":"Turyol"},"geometry":{"type":"Point","coordinates":[29.05582,40.90951]}},{"type":"Feature","properties":{"id":"n972636962","mode":"vapur","name":"Kınalıada","operator":""},"geometry":{"type":"Point","coordinates":[29.05584,40.91022]}},{"type":"Feature","properties":{"id":"n1131168358","mode":"vapur","name":"Pertek İskelesi","operator":"Pertek Municipality."},"geometry":{"type":"Point","coordinates":[39.29248,38.8406]}},{"type":"Feature","properties":{"id":"n1200223872","mode":"vapur","name":"Anadolu Kavağı","operator":""},"geometry":{"type":"Point","coordinates":[29.08787,41.17343]}},{"type":"Feature","properties":{"id":"n1295456131","mode":"vapur","name":"1 Mart İskelesi","operator":""},"geometry":{"type":"Point","coordinates":[29.92328,40.75977]}},{"type":"Feature","properties":{"id":"n1323400101","mode":"vapur","name":"Fethiye","operator":"Rodos"},"geometry":{"type":"Point","coordinates":[29.10515,36.62285]}},{"type":"Feature","properties":{"id":"n1413662967","mode":"vapur","name":"Tatvan Iskele","operator":""},"geometry":{"type":"Point","coordinates":[42.29733,38.51303]}},{"type":"Feature","properties":{"id":"n1587541741","mode":"vapur","name":"İDO Bandırma İskelesi","operator":"İDO"},"geometry":{"type":"Point","coordinates":[27.96669,40.35258]}},{"type":"Feature","properties":{"id":"n1625834618","mode":"vapur","name":"Gölcük Kavaklı Vapur İskelesi","operator":""},"geometry":{"type":"Point","coordinates":[29.83301,40.72304]}},{"type":"Feature","properties":{"id":"n1650422646","mode":"vapur","name":"Marmaris Ferry and Cruise Ship Port","operator":""},"geometry":{"type":"Point","coordinates":[28.28051,36.84912]}},{"type":"Feature","properties":{"id":"n1666205239","mode":"vapur","name":"Ferry Administration Office, Ticket Sales","operator":""},"geometry":{"type":"Point","coordinates":[28.27345,36.85064]}},{"type":"Feature","properties":{"id":"n1667301250","mode":"vapur","name":"Kasımpaşa","operator":""},"geometry":{"type":"Point","coordinates":[28.96608,41.03031]}},{"type":"Feature","properties":{"id":"n1746346192","mode":"vapur","name":"Yeniköy-Beykoz Motor İskelesi","operator":"DENKOP"},"geometry":{"type":"Point","coordinates":[29.07103,41.12174]}},{"type":"Feature","properties":{"id":"n1830679001","mode":"vapur","name":"Elazığ İskelesi","operator":""},"geometry":{"type":"Point","coordinates":[38.98654,38.88017]}},{"type":"Feature","properties":{"id":"n1830679123","mode":"vapur","name":"Çemişgezek İskelesi","operator":""},"geometry":{"type":"Point","coordinates":[38.99932,38.89685]}},{"type":"Feature","properties":{"id":"n1898330484","mode":"vapur","name":"Eskihisar Topçular Feribotu","operator":""},"geometry":{"type":"Point","coordinates":[29.42185,40.76609]}},{"type":"Feature","properties":{"id":"n1914280970","mode":"vapur","name":"İDO Bakırköy Terminali","operator":""},"geometry":{"type":"Point","coordinates":[28.87838,40.97331]}},{"type":"Feature","properties":{"id":"n1914280996","mode":"vapur","name":"Kadıköy Deniz Otobüsü İskelesi","operator":"İDO"},"geometry":{"type":"Point","coordinates":[29.01824,40.99168]}},{"type":"Feature","properties":{"id":"n1934890741","mode":"vapur","name":"Feribot Terminali, Gemi İskelesi","operator":""},"geometry":{"type":"Point","coordinates":[27.79104,40.39507]}},{"type":"Feature","properties":{"id":"n1979817220","mode":"teleferik","name":"Amisos Tepesi Teleferik İstasyonu","operator":""},"geometry":{"type":"Point","coordinates":[36.32248,41.31901]}},{"type":"Feature","properties":{"id":"n1979817221","mode":"teleferik","name":"Batıpark Teleferik İstasyonu","operator":""},"geometry":{"type":"Point","coordinates":[36.32356,41.32178]}},{"type":"Feature","properties":{"id":"n2012091255","mode":"vapur","name":"Kıbrıs'a Feribot","operator":""},"geometry":{"type":"Point","coordinates":[33.89495,36.31352]}},{"type":"Feature","properties":{"id":"n2017664192","mode":"vapur","name":"Karamürsel Vapur İskelesi","operator":""},"geometry":{"type":"Point","coordinates":[29.61461,40.69473]}},{"type":"Feature","properties":{"id":"n2201648932","mode":"vapur","name":"Sarıyer","operator":"Şehir Hatları"},"geometry":{"type":"Point","coordinates":[29.05759,41.16628]}},{"type":"Feature","properties":{"id":"n2201649420","mode":"vapur","name":"İDO Sarıyer İskelesi","operator":"İDO"},"geometry":{"type":"Point","coordinates":[29.05768,41.16716]}},{"type":"Feature","properties":{"id":"n2235251284","mode":"vapur","name":"Marmara Adası Büyük Liman","operator":"İDO"},"geometry":{"type":"Point","coordinates":[27.56084,40.58439]}},{"type":"Feature","properties":{"id":"n2235251355","mode":"vapur","name":"İDO Marmara Adası Feribot İskelesi","operator":""},"geometry":{"type":"Point","coordinates":[27.55531,40.585]}},{"type":"Feature","properties":{"id":"n2295928011","mode":"teleferik","name":"Akropolis Teleferik - Aşağı İstasyon","operator":""},"geometry":{"type":"Point","coordinates":[27.18918,39.12553]}},{"type":"Feature","properties":{"id":"n2295928363","mode":"teleferik","name":"Akropolis Teleferik - Yukarı İstasyon","operator":""},"geometry":{"type":"Point","coordinates":[27.18617,39.13122]}},{"type":"Feature","properties":{"id":"n2349794761","mode":"vapur","name":"Kadıköy","operator":""},"geometry":{"type":"Point","coordinates":[29.02298,40.99303]}},{"type":"Feature","properties":{"id":"n2349794772","mode":"vapur","name":"Kabataş İskelesi","operator":"Şehir Hatları"},"geometry":{"type":"Point","coordinates":[29.02278,40.99281]}},{"type":"Feature","properties":{"id":"n2383689265","mode":"vapur","name":"Kandilli","operator":""},"geometry":{"type":"Point","coordinates":[29.05816,41.07463]}},{"type":"Feature","properties":{"id":"n2446513149","mode":"vapur","name":"Kadıköy","operator":""},"geometry":{"type":"Point","coordinates":[29.02044,40.9914]}},{"type":"Feature","properties":{"id":"n2447719780","mode":"vapur","name":"Bostancı","operator":"İDO"},"geometry":{"type":"Point","coordinates":[29.09283,40.95185]}},{"type":"Feature","properties":{"id":"n2456974746","mode":"vapur","name":"Üsküdar","operator":"Dentur Avrasya"},"geometry":{"type":"Point","coordinates":[29.01578,41.02804]}},{"type":"Feature","properties":{"id":"n2473741074","mode":"vapur","name":"Üsküdar","operator":""},"geometry":{"type":"Point","coordinates":[29.01479,41.0276]}},{"type":"Feature","properties":{"id":"n2474131665","mode":"vapur","name":"Eminönü","operator":"Şehir Hatları"},"geometry":{"type":"Point","coordinates":[28.97518,41.01758]}},{"type":"Feature","properties":{"id":"n2474577295","mode":"vapur","name":"Beşiktaş","operator":"Şehir Hatları"},"geometry":{"type":"Point","coordinates":[29.00742,41.04083]}},{"type":"Feature","properties":{"id":"n2474814253","mode":"vapur","name":"Şehit Fethi Sekin İskelesi","operator":""},"geometry":{"type":"Point","coordinates":[38.44317,38.51643]}},{"type":"Feature","properties":{"id":"n2478522774","mode":"vapur","name":"Eminönü (Turyol)","operator":""},"geometry":{"type":"Point","coordinates":[28.97044,41.01883]}},{"type":"Feature","properties":{"id":"n2478522785","mode":"vapur","name":"Karaköy","operator":""},"geometry":{"type":"Point","coordinates":[28.97681,41.0211]}},{"type":"Feature","properties":{"id":"n2481849097","mode":"vapur","name":"Karaköy","operator":""},"geometry":{"type":"Point","coordinates":[28.9757,41.02163]}},{"type":"Feature","properties":{"id":"n2570264044","mode":"teleferik","name":"Teleferik İstasyonu","operator":""},"geometry":{"type":"Point","coordinates":[37.88471,40.985]}},{"type":"Feature","properties":{"id":"n2570264045","mode":"teleferik","name":"Boztepe Teleferik Istasyonu","operator":""},"geometry":{"type":"Point","coordinates":[37.85775,40.9896]}},{"type":"Feature","properties":{"id":"n2590599404","mode":"vapur","name":"Armutlu İskelesi","operator":"İSTANBUL DENİZ OTOBÜSLERİ A.Ş."},"geometry":{"type":"Point","coordinates":[28.83796,40.50889]}},{"type":"Feature","properties":{"id":"n2694179273","mode":"vapur","name":"Harem","operator":""},"geometry":{"type":"Point","coordinates":[29.00992,41.01083]}},{"type":"Feature","properties":{"id":"n2847091110","mode":"teleferik","name":"Taşkışla","operator":""},"geometry":{"type":"Point","coordinates":[28.99034,41.0435]}},{"type":"Feature","properties":{"id":"n2847091111","mode":"teleferik","name":"Maçka","operator":""},"geometry":{"type":"Point","coordinates":[28.99398,41.04476]}},{"type":"Feature","properties":{"id":"n2889203899","mode":"vapur","name":"Kabatepe Feribot İskelesi","operator":""},"geometry":{"type":"Point","coordinates":[26.26811,40.20061]}},{"type":"Feature","properties":{"id":"n2958196385","mode":"vapur","name":"Feribot İskelesi","operator":""},"geometry":{"type":"Point","coordinates":[37.84003,37.27345]}},{"type":"Feature","properties":{"id":"n2976200432","mode":"teleferik","name":"A6","operator":""},"geometry":{"type":"Point","coordinates":[29.13072,40.09719]}},{"type":"Feature","properties":{"id":"n2976200639","mode":"teleferik","name":"A8","operator":""},"geometry":{"type":"Point","coordinates":[29.13236,40.09836]}},{"type":"Feature","properties":{"id":"n2976200677","mode":"teleferik","name":"A8","operator":""},"geometry":{"type":"Point","coordinates":[29.13099,40.10197]}},{"type":"Feature","properties":{"id":"n2976200680","mode":"teleferik","name":"A6","operator":""},"geometry":{"type":"Point","coordinates":[29.12904,40.10214]}},{"type":"Feature","properties":{"id":"n3083547590","mode":"vapur","name":"Sirkeci","operator":""},"geometry":{"type":"Point","coordinates":[28.97764,41.01677]}},{"type":"Feature","properties":{"id":"n3132843157","mode":"vapur","name":"Geyikli Feribot İskelesi","operator":"GESTAŞ"},"geometry":{"type":"Point","coordinates":[26.16054,39.81974]}},{"type":"Feature","properties":{"id":"n3202777562","mode":"vapur","name":"Feribot İskelesi","operator":""},"geometry":{"type":"Point","coordinates":[40.09049,38.25852]}},{"type":"Feature","properties":{"id":"n3279313968","mode":"vapur","name":"Kadıköy","operator":""},"geometry":{"type":"Point","coordinates":[29.02389,40.99372]}},{"type":"Feature","properties":{"id":"n3281338268","mode":"vapur","name":"Heybeliada - Büyükada","operator":"Prenstur"},"geometry":{"type":"Point","coordinates":[29.10047,40.87879]}},{"type":"Feature","properties":{"id":"n3341121788","mode":"vapur","name":"Sütlüce Vapur İskelesi","operator":""},"geometry":{"type":"Point","coordinates":[28.94069,41.04667]}},{"type":"Feature","properties":{"id":"n3372916686","mode":"vapur","name":"Kilitbahir","operator":"Gestaş"},"geometry":{"type":"Point","coordinates":[26.37921,40.15071]}},{"type":"Feature","properties":{"id":"n3384511810","mode":"vapur","name":"Lapseki Feribot İskelesi","operator":""},"geometry":{"type":"Point","coordinates":[26.68413,40.34799]}},{"type":"Feature","properties":{"id":"n3417147629","mode":"teleferik","name":"Kurbağakaya","operator":"Bursa Teleferik"},"geometry":{"type":"Point","coordinates":[29.14153,40.10999]}},{"type":"Feature","properties":{"id":"n3457463792","mode":"vapur","name":"Eminönü","operator":"Şehir Hatları"},"geometry":{"type":"Point","coordinates":[28.97414,41.018]}},{"type":"Feature","properties":{"id":"n3467263559","mode":"vapur","name":"Kuşadası","operator":""},"geometry":{"type":"Point","coordinates":[27.25483,37.86374]}},{"type":"Feature","properties":{"id":"n3473426240","mode":"vapur","name":"Kanlıca","operator":""},"geometry":{"type":"Point","coordinates":[29.06522,41.10028]}},{"type":"Feature","properties":{"id":"n3493263849","mode":"vapur","name":"Armutlu İhlas Tatil Köyü İskelesi","operator":""},"geometry":{"type":"Point","coordinates":[28.78977,40.51731]}},{"type":"Feature","properties":{"id":"n3532227914","mode":"vapur","name":"Ulusoy","operator":""},"geometry":{"type":"Point","coordinates":[26.29763,38.32279]}},{"type":"Feature","properties":{"id":"n3721807649","mode":"teleferik","name":"A3","operator":"Beceren"},"geometry":{"type":"Point","coordinates":[29.13184,40.10387]}},{"type":"Feature","properties":{"id":"n3721807650","mode":"teleferik","name":"A3","operator":""},"geometry":{"type":"Point","coordinates":[29.12557,40.10312]}},{"type":"Feature","properties":{"id":"n3786566054","mode":"teleferik","name":"Teleferik İstasyonu","operator":""},"geometry":{"type":"Point","coordinates":[37.32832,37.01709]}},{"type":"Feature","properties":{"id":"n3786566055","mode":"teleferik","name":"Teleferik İstasyonu","operator":""},"geometry":{"type":"Point","coordinates":[37.33318,37.02452]}},{"type":"Feature","properties":{"id":"n4035806226","mode":"vapur","name":"Küçüksu","operator":"Şehir Hatları"},"geometry":{"type":"Point","coordinates":[29.06489,41.07967]}},{"type":"Feature","properties":{"id":"n4040637476","mode":"vapur","name":"Adalar","operator":""},"geometry":{"type":"Point","coordinates":[29.12556,40.87473]}},{"type":"Feature","properties":{"id":"n4040638096","mode":"vapur","name":"Kınalıada","operator":""},"geometry":{"type":"Point","coordinates":[29.05553,40.90915]}},{"type":"Feature","properties":{"id":"n4058930884","mode":"vapur","name":"Uğurlu Liman İskelesi","operator":""},"geometry":{"type":"Point","coordinates":[25.69961,40.11581]}},{"type":"Feature","properties":{"id":"n4058977385","mode":"vapur","name":"Kaleköy Limanı","operator":""},"geometry":{"type":"Point","coordinates":[25.89445,40.23206]}},{"type":"Feature","properties":{"id":"n4107967308","mode":"vapur","name":"Kuzu Limanı Feribot İskelesi","operator":""},"geometry":{"type":"Point","coordinates":[25.94779,40.22878]}},{"type":"Feature","properties":{"id":"n4161740638","mode":"vapur","name":"Üsküdar","operator":"Turyol"},"geometry":{"type":"Point","coordinates":[29.0164,41.02886]}},{"type":"Feature","properties":{"id":"n4161740644","mode":"vapur","name":"Üsküdar","operator":""},"geometry":{"type":"Point","coordinates":[29.0147,41.02749]}},{"type":"Feature","properties":{"id":"n4162041569","mode":"vapur","name":"Kabataş","operator":"Dentur Avrasya"},"geometry":{"type":"Point","coordinates":[28.99425,41.03546]}},{"type":"Feature","properties":{"id":"n4173452696","mode":"vapur","name":"Kuzguncuk","operator":"Şehir Hatları"},"geometry":{"type":"Point","coordinates":[29.02961,41.03704]}},{"type":"Feature","properties":{"id":"n4239216992","mode":"vapur","name":"Pendik İDO İskelesi","operator":""},"geometry":{"type":"Point","coordinates":[29.23636,40.87461]}},{"type":"Feature","properties":{"id":"n4625122423","mode":"vapur","name":"Ayvalık","operator":""},"geometry":{"type":"Point","coordinates":[26.69594,39.32837]}},{"type":"Feature","properties":{"id":"n4746279723","mode":"vapur","name":"Büyükada","operator":""},"geometry":{"type":"Point","coordinates":[29.12752,40.8745]}},{"type":"Feature","properties":{"id":"n4869387366","mode":"teleferik","name":"Damlataş","operator":""},"geometry":{"type":"Point","coordinates":[31.98736,36.54394]}},{"type":"Feature","properties":{"id":"n4869387367","mode":"teleferik","name":"Kale","operator":""},"geometry":{"type":"Point","coordinates":[31.99294,36.53762]}},{"type":"Feature","properties":{"id":"n4902903372","mode":"vapur","name":"Çubuklu","operator":"Şehir Hatları"},"geometry":{"type":"Point","coordinates":[29.08189,41.10852]}},{"type":"Feature","properties":{"id":"n5058271390","mode":"vapur","name":"Seferihisar (Sığacık)","operator":"Teos Marina"},"geometry":{"type":"Point","coordinates":[26.78122,38.19534]}},{"type":"Feature","properties":{"id":"n5069596322","mode":"vapur","name":"Mudanya İskelesi","operator":""},"geometry":{"type":"Point","coordinates":[28.88919,40.37418]}},{"type":"Feature","properties":{"id":"n5110916127","mode":"vapur","name":"Eminönü","operator":"Şehir Hatları"},"geometry":{"type":"Point","coordinates":[28.97316,41.01835]}},{"type":"Feature","properties":{"id":"n5111529904","mode":"vapur","name":"Çengelköy İskelesi","operator":""},"geometry":{"type":"Point","coordinates":[29.05141,41.05099]}},{"type":"Feature","properties":{"id":"n5111529918","mode":"vapur","name":"Çubuklu","operator":""},"geometry":{"type":"Point","coordinates":[29.08045,41.10756]}},{"type":"Feature","properties":{"id":"n5156904212","mode":"vapur","name":"Boats for canyon","operator":""},"geometry":{"type":"Point","coordinates":[35.42959,41.27983]}},{"type":"Feature","properties":{"id":"n5459480423","mode":"vapur","name":"Kadıköy ve Üsküdar İskelesi","operator":""},"geometry":{"type":"Point","coordinates":[28.97339,41.02188]}},{"type":"Feature","properties":{"id":"n5470035019","mode":"vapur","name":"Heybeliada","operator":""},"geometry":{"type":"Point","coordinates":[29.10066,40.87802]}},{"type":"Feature","properties":{"id":"n5477561862","mode":"vapur","name":"Galataport","operator":""},"geometry":{"type":"Point","coordinates":[28.97932,41.0232]}},{"type":"Feature","properties":{"id":"n5621594020","mode":"vapur","name":"Güzelbahçe","operator":"İZDENİZ"},"geometry":{"type":"Point","coordinates":[26.89354,38.37987]}},{"type":"Feature","properties":{"id":"n5672864364","mode":"vapur","name":"Eminönü İskelesi паром","operator":""},"geometry":{"type":"Point","coordinates":[28.97627,41.01713]}},{"type":"Feature","properties":{"id":"n5736704761","mode":"teleferik","name":"A4","operator":"Yazıcı Hotel"},"geometry":{"type":"Point","coordinates":[29.13214,40.10338]}},{"type":"Feature","properties":{"id":"n5736704762","mode":"teleferik","name":"A4","operator":"Yazıcı"},"geometry":{"type":"Point","coordinates":[29.1247,40.10211]}},{"type":"Feature","properties":{"id":"n5736734061","mode":"teleferik","name":"A7","operator":""},"geometry":{"type":"Point","coordinates":[29.13313,40.10244]}},{"type":"Feature","properties":{"id":"n5736734062","mode":"teleferik","name":"A7","operator":""},"geometry":{"type":"Point","coordinates":[29.13262,40.09864]}},{"type":"Feature","properties":{"id":"n5736734074","mode":"teleferik","name":"C3","operator":""},"geometry":{"type":"Point","coordinates":[29.14608,40.10923]}},{"type":"Feature","properties":{"id":"n5966230857","mode":"vapur","name":"İstinye","operator":""},"geometry":{"type":"Point","coordinates":[29.05756,41.11343]}},{"type":"Feature","properties":{"id":"n6213720561","mode":"teleferik","name":"Balçova Yukarı","operator":""},"geometry":{"type":"Point","coordinates":[27.04499,38.38038]}},{"type":"Feature","properties":{"id":"n6213720565","mode":"teleferik","name":"Balçova Aşağı","operator":""},"geometry":{"type":"Point","coordinates":[27.04441,38.38725]}},{"type":"Feature","properties":{"id":"n6356616321","mode":"vapur","name":"Üsküdar İskelesi","operator":""},"geometry":{"type":"Point","coordinates":[29.01529,41.02814]}},{"type":"Feature","properties":{"id":"n6502486384","mode":"vapur","name":"Emirgan","operator":"Şehir Hatları"},"geometry":{"type":"Point","coordinates":[29.05625,41.10302]}},{"type":"Feature","properties":{"id":"n6502486594","mode":"vapur","name":"İstinye","operator":"Şehir Hatları"},"geometry":{"type":"Point","coordinates":[29.06117,41.11325]}},{"type":"Feature","properties":{"id":"n6514747166","mode":"vapur","name":"Çanakkale","operator":"Gestaş"},"geometry":{"type":"Point","coordinates":[26.402,40.15112]}},{"type":"Feature","properties":{"id":"n6573849069","mode":"vapur","name":"Büyükada","operator":"Turyol"},"geometry":{"type":"Point","coordinates":[29.13137,40.87528]}},{"type":"Feature","properties":{"id":"n6679599143","mode":"vapur","name":"Urla İskele","operator":"İZDENİZ"},"geometry":{"type":"Point","coordinates":[26.77202,38.36398]}},{"type":"Feature","properties":{"id":"n6898364491","mode":"teleferik","name":"17 Fayton Varagel Tepe","operator":""},"geometry":{"type":"Point","coordinates":[31.50738,41.35445]}},{"type":"Feature","properties":{"id":"n6898364492","mode":"teleferik","name":"17 Fayton Varagel Deniz Kıyı","operator":""},"geometry":{"type":"Point","coordinates":[31.50526,41.35509]}},{"type":"Feature","properties":{"id":"n6919989286","mode":"vapur","name":"Ortaköy","operator":""},"geometry":{"type":"Point","coordinates":[29.02566,41.04721]}},{"type":"Feature","properties":{"id":"n6990260797","mode":"vapur","name":"Kadıköy","operator":""},"geometry":{"type":"Point","coordinates":[29.02313,40.99296]}},{"type":"Feature","properties":{"id":"n7001778199","mode":"vapur","name":"Çanakkale","operator":""},"geometry":{"type":"Point","coordinates":[26.40234,40.15113]}},{"type":"Feature","properties":{"id":"n7278363839","mode":"teleferik","name":"A1","operator":"Fahri Otel"},"geometry":{"type":"Point","coordinates":[29.13119,40.10507]}},{"type":"Feature","properties":{"id":"n7278363840","mode":"teleferik","name":"A1","operator":""},"geometry":{"type":"Point","coordinates":[29.123,40.10287]}},{"type":"Feature","properties":{"id":"n7403165694","mode":"vapur","name":"Müze Limanı","operator":""},"geometry":{"type":"Point","coordinates":[41.42638,37.72304]}},{"type":"Feature","properties":{"id":"n7438500531","mode":"vapur","name":"Balıkçılar Limanı","operator":""},"geometry":{"type":"Point","coordinates":[41.40047,37.72102]}},{"type":"Feature","properties":{"id":"n7537163042","mode":"vapur","name":"Rumeli Hisarı İskelesi","operator":""},"geometry":{"type":"Point","coordinates":[29.05692,41.08812]}},{"type":"Feature","properties":{"id":"n7621846390","mode":"vapur","name":"Kale Limanı","operator":""},"geometry":{"type":"Point","coordinates":[41.41086,37.71276]}},{"type":"Feature","properties":{"id":"n7813094317","mode":"vapur","name":"Üsküdar","operator":"Dentur Avrasya"},"geometry":{"type":"Point","coordinates":[29.01593,41.02816]}},{"type":"Feature","properties":{"id":"n8440213076","mode":"vapur","name":"Karantina İskelesi","operator":""},"geometry":{"type":"Point","coordinates":[27.10632,38.40859]}},{"type":"Feature","properties":{"id":"n8628091362","mode":"vapur","name":"Battalgazi İskelesi","operator":""},"geometry":{"type":"Point","coordinates":[38.43222,38.4763]}},{"type":"Feature","properties":{"id":"n8730696760","mode":"vapur","name":"Samsunum 1 Ana Durak","operator":""},"geometry":{"type":"Point","coordinates":[36.33755,41.29482]}},{"type":"Feature","properties":{"id":"n8738839403","mode":"vapur","name":"İDO Büyükçekmece Terminali","operator":""},"geometry":{"type":"Point","coordinates":[28.56428,41.01532]}},{"type":"Feature","properties":{"id":"n8929417388","mode":"teleferik","name":"1200 M","operator":""},"geometry":{"type":"Point","coordinates":[29.15594,36.54934]}},{"type":"Feature","properties":{"id":"n8929417397","mode":"teleferik","name":"225 M","operator":""},"geometry":{"type":"Point","coordinates":[29.13356,36.56121]}},{"type":"Feature","properties":{"id":"n8929417405","mode":"teleferik","name":"1700 M","operator":""},"geometry":{"type":"Point","coordinates":[29.16934,36.53971]}},{"type":"Feature","properties":{"id":"n8929417406","mode":"teleferik","name":"1900 M","operator":""},"geometry":{"type":"Point","coordinates":[29.18099,36.53025]}},{"type":"Feature","properties":{"id":"n8929417415","mode":"teleferik","name":"1700 M","operator":""},"geometry":{"type":"Point","coordinates":[29.16976,36.5397]}},{"type":"Feature","properties":{"id":"n8929550221","mode":"teleferik","name":"1800 M","operator":""},"geometry":{"type":"Point","coordinates":[29.17253,36.53699]}},{"type":"Feature","properties":{"id":"n9127328758","mode":"teleferik","name":"1800 M","operator":""},"geometry":{"type":"Point","coordinates":[29.17102,36.53749]}},{"type":"Feature","properties":{"id":"n9521931481","mode":"vapur","name":"Balat iskelesi","operator":""},"geometry":{"type":"Point","coordinates":[28.94932,41.03482]}},{"type":"Feature","properties":{"id":"n9739813851","mode":"vapur","name":"Kos - Santorini - Symi","operator":"Greek Islands"},"geometry":{"type":"Point","coordinates":[27.42675,37.03209]}},{"type":"Feature","properties":{"id":"n9829301389","mode":"teleferik","name":"Atatürk","operator":"Keçiören Belediyesi"},"geometry":{"type":"Point","coordinates":[32.86577,39.96896]}},{"type":"Feature","properties":{"id":"n9829301390","mode":"teleferik","name":"Cumhuriyet","operator":"Keçiören Belediyesi"},"geometry":{"type":"Point","coordinates":[32.86589,39.98404]}},{"type":"Feature","properties":{"id":"n9830891573","mode":"vapur","name":"Derince Vapur İskelesi","operator":""},"geometry":{"type":"Point","coordinates":[29.80816,40.74809]}},{"type":"Feature","properties":{"id":"n9878592447","mode":"vapur","name":"Akgunler Ferry","operator":""},"geometry":{"type":"Point","coordinates":[33.89445,36.31354]}},{"type":"Feature","properties":{"id":"n9927382654","mode":"vapur","name":"Değirmendere Vapur İskelesi","operator":""},"geometry":{"type":"Point","coordinates":[29.78432,40.72279]}},{"type":"Feature","properties":{"id":"n10032002760","mode":"vapur","name":"Trabzon","operator":""},"geometry":{"type":"Point","coordinates":[39.74406,41.00345]}},{"type":"Feature","properties":{"id":"n10139241929","mode":"vapur","name":"Aşiyan","operator":"İBB"},"geometry":{"type":"Point","coordinates":[29.05486,41.08114]}},{"type":"Feature","properties":{"id":"n10272581762","mode":"teleferik","name":"Seyrangah Tepesi","operator":""},"geometry":{"type":"Point","coordinates":[33.76857,41.37891]}},{"type":"Feature","properties":{"id":"n10272581763","mode":"teleferik","name":"Saat Kulesi","operator":""},"geometry":{"type":"Point","coordinates":[33.77908,41.37411]}},{"type":"Feature","properties":{"id":"n10288058480","mode":"vapur","name":"Heybeliada","operator":""},"geometry":{"type":"Point","coordinates":[29.10141,40.87801]}},{"type":"Feature","properties":{"id":"n10289625975","mode":"vapur","name":"İDO Kartal Terminali","operator":""},"geometry":{"type":"Point","coordinates":[29.18693,40.88667]}},{"type":"Feature","properties":{"id":"n10608713324","mode":"teleferik","name":"Sarıalan","operator":"Bursa Teleferik A.Ş"},"geometry":{"type":"Point","coordinates":[29.10622,40.13703]}},{"type":"Feature","properties":{"id":"n10974143393","mode":"vapur","name":"IDO Yalova Deniz Otobüsü Terminali","operator":""},"geometry":{"type":"Point","coordinates":[29.26983,40.66005]}},{"type":"Feature","properties":{"id":"n11063410672","mode":"vapur","name":"Maltepe","operator":""},"geometry":{"type":"Point","coordinates":[29.12781,40.91903]}},{"type":"Feature","properties":{"id":"n11132493095","mode":"vapur","name":"Eski Turyol Armutlu Şubesi","operator":""},"geometry":{"type":"Point","coordinates":[28.82663,40.50958]}},{"type":"Feature","properties":{"id":"n11148062774","mode":"vapur","name":"Gestaş Narlı İskelesi","operator":"GESTAŞ"},"geometry":{"type":"Point","coordinates":[27.6895,40.47295]}},{"type":"Feature","properties":{"id":"n11148076751","mode":"vapur","name":"GESTAŞ Marmara Adası","operator":""},"geometry":{"type":"Point","coordinates":[27.56252,40.58318]}},{"type":"Feature","properties":{"id":"n11222395197","mode":"vapur","name":"Hereke Vapur İskelesi","operator":""},"geometry":{"type":"Point","coordinates":[29.61545,40.78217]}},{"type":"Feature","properties":{"id":"n11222487514","mode":"vapur","name":"Tütün Çiftlik Vapur İskelesi","operator":""},"geometry":{"type":"Point","coordinates":[29.78969,40.7454]}},{"type":"Feature","properties":{"id":"n11227968212","mode":"vapur","name":"Bodrum - Datça","operator":""},"geometry":{"type":"Point","coordinates":[27.42701,37.03609]}},{"type":"Feature","properties":{"id":"n11227968213","mode":"vapur","name":"Bodrum - Datça","operator":""},"geometry":{"type":"Point","coordinates":[27.61787,36.77139]}},{"type":"Feature","properties":{"id":"n12086953393","mode":"vapur","name":"Ünye","operator":""},"geometry":{"type":"Point","coordinates":[37.34464,41.11359]}},{"type":"Feature","properties":{"id":"n12244964684","mode":"vapur","name":"Yarımca vapur iskelesi","operator":""},"geometry":{"type":"Point","coordinates":[29.73079,40.77198]}},{"type":"Feature","properties":{"id":"n12606510007","mode":"vapur","name":"Bostancı İskelesi","operator":"Şehir Hatları"},"geometry":{"type":"Point","coordinates":[29.09426,40.95156]}},{"type":"Feature","properties":{"id":"n12851014386","mode":"vapur","name":"Tuzla İskelesi","operator":""},"geometry":{"type":"Point","coordinates":[29.30183,40.81476]}},{"type":"Feature","properties":{"id":"n12965332590","mode":"vapur","name":"Moda İskelesi","operator":"İBB Şehir Hatları"},"geometry":{"type":"Point","coordinates":[29.02519,40.97893]}},{"type":"Feature","properties":{"id":"n12966301758","mode":"vapur","name":"Kabataş","operator":""},"geometry":{"type":"Point","coordinates":[28.994,41.03287]}},{"type":"Feature","properties":{"id":"n12966301759","mode":"vapur","name":"Kabataş","operator":""},"geometry":{"type":"Point","coordinates":[28.99415,41.03303]}},{"type":"Feature","properties":{"id":"n12985053245","mode":"vapur","name":"BUDO","operator":""},"geometry":{"type":"Point","coordinates":[28.99284,41.03293]}},{"type":"Feature","properties":{"id":"n12985053246","mode":"vapur","name":"BUDO","operator":""},"geometry":{"type":"Point","coordinates":[28.99301,41.03297]}},{"type":"Feature","properties":{"id":"n12985066037","mode":"vapur","name":"Kabataş","operator":"Dentur Avrasya"},"geometry":{"type":"Point","coordinates":[28.9942,41.03387]}},{"type":"Feature","properties":{"id":"n12985086870","mode":"vapur","name":"Şehir Hatları","operator":""},"geometry":{"type":"Point","coordinates":[28.99335,41.03323]}},{"type":"Feature","properties":{"id":"n12985086871","mode":"vapur","name":"Şehir Hatları","operator":""},"geometry":{"type":"Point","coordinates":[28.99347,41.03337]}},{"type":"Feature","properties":{"id":"n13066777920","mode":"vapur","name":"Bandirma","operator":""},"geometry":{"type":"Point","coordinates":[27.96388,40.3516]}},{"type":"Feature","properties":{"id":"n13073193000","mode":"vapur","name":"Ahırkapı İskelesi","operator":"İBB Şehir Hatları"},"geometry":{"type":"Point","coordinates":[28.98237,41.00358]}},{"type":"Feature","properties":{"id":"n13326076768","mode":"vapur","name":"İDO Avcılar Terminali","operator":""},"geometry":{"type":"Point","coordinates":[28.71776,40.97059]}},{"type":"Feature","properties":{"id":"n13326111803","mode":"vapur","name":"Esenköy İDO iSKELESİ","operator":"İDO"},"geometry":{"type":"Point","coordinates":[28.9535,40.61865]}},{"type":"Feature","properties":{"id":"n13326111805","mode":"vapur","name":"Esenköy TURYOL İskelesi","operator":"TURYOL"},"geometry":{"type":"Point","coordinates":[28.95488,40.61953]}},{"type":"Feature","properties":{"id":"n13326192117","mode":"vapur","name":"Anamur İskelesi","operator":""},"geometry":{"type":"Point","coordinates":[32.86946,36.06701]}},{"type":"Feature","properties":{"id":"n13387561048","mode":"vapur","name":"Sarayburnu Limanı","operator":""},"geometry":{"type":"Point","coordinates":[28.9832,41.01734]}},{"type":"Feature","properties":{"id":"n13409559498","mode":"vapur","name":"Foça","operator":"İZDENİZ"},"geometry":{"type":"Point","coordinates":[26.75203,38.66743]}},{"type":"Feature","properties":{"id":"n13415348265","mode":"teleferik","name":"A2","operator":"Beceren"},"geometry":{"type":"Point","coordinates":[29.13182,40.10391]}},{"type":"Feature","properties":{"id":"n13415348266","mode":"teleferik","name":"A2","operator":""},"geometry":{"type":"Point","coordinates":[29.12556,40.10316]}},{"type":"Feature","properties":{"id":"n13415348268","mode":"teleferik","name":"A5","operator":"Yazıcı Hotel"},"geometry":{"type":"Point","coordinates":[29.13217,40.10333]}},{"type":"Feature","properties":{"id":"n13415348278","mode":"teleferik","name":"A5","operator":"Yazıcı"},"geometry":{"type":"Point","coordinates":[29.12471,40.10208]}},{"type":"Feature","properties":{"id":"n13739916530","mode":"vapur","name":"Aliaport","operator":""},"geometry":{"type":"Point","coordinates":[26.98244,38.82287]}},{"type":"Feature","properties":{"id":"n13948445858","mode":"vapur","name":"İDO Bandırma Terminali","operator":"İDO"},"geometry":{"type":"Point","coordinates":[27.96773,40.35285]}},{"type":"Feature","properties":{"id":"n13948445859","mode":"vapur","name":"BADO Bandırma Terminali","operator":"Balıkesir Büyükşehir Belediyesi"},"geometry":{"type":"Point","coordinates":[27.96783,40.35297]}},{"type":"Feature","properties":{"id":"n14087258635","mode":"vapur","name":"Çınarlı Feribot İskelesi","operator":""},"geometry":{"type":"Point","coordinates":[27.5344,40.61597]}},{"type":"Feature","properties":{"id":"n14137435501","mode":"vapur","name":"Ahtamar Iskelesi","operator":""},"geometry":{"type":"Point","coordinates":[43.11589,38.31465]}},{"type":"Feature","properties":{"id":"n14155798493","mode":"vapur","name":"Üsküdar","operator":""},"geometry":{"type":"Point","coordinates":[29.01466,41.02743]}}]}